ID,price
266325,435799.76
266326,427590.26
266327,417934.0
266328,716285.1733333333
266329,534672.1
266330,4295245.91
266331,281162.99
266332,564888.34
266333,318595.92
266334,443006.9
266335,579349.9
266336,2363751.755
266337,518471.8
266338,993950.0
266339,3652342.92
266340,440707.45
266341,393837.45
266342,9216292.536666667
266343,403561.75
266344,314252.30666666664
266345,439414.85
266346,586233.7166666667
266347,519815.78
266348,443946.76
266349,676898.3566666667
266350,572179.0
266351,555786.88
266352,286574.0
266353,1530023.45
266354,570337.5
266355,526700.9
266356,529994.8
266357,613993.5333333333
266358,566725.5
266359,350928.0
266360,504067.88952380954
266361,671061.16
266362,515748.16
266363,755614.85
266364,299429.75
266365,308656.0
266366,504222.91595959594
266367,401070.49
266368,278259.64
266369,483917.57
266370,491582.39
266371,283466.48716666666
266372,631079.9
266373,730397.6
266374,439527.77333333326
266375,1048936.0
266376,477104.40416666673
266377,1079521.72
266378,514487.0
266379,445486.9875
266380,578539.0
266381,447382.75
266382,604507.75
266383,1059434.75
266384,422244.87
266385,561962.64
266386,632439.5
266387,659230.1
266388,902347.91
266389,271576.41
266390,634797.02
266391,600121.87
266392,434223.7275
266393,805767.35
266394,344420.94
266395,456336.4
266396,294601.84
266397,582285.0
266398,772304.95
266399,264460.8
266400,488869.9800000001
266401,269288.87
266402,530291.5
266403,501454.24
266404,503017.07
266405,493751.0
266406,264356.8
266407,434791.0
266408,384528.73
266409,376925.17
266410,333152.1666666667
266411,254569.85
266412,468010.0
266413,392575.0
266414,412239.5
266415,316327.9285714286
266416,433425.0
266417,455597.4
266418,280242.5
266419,484821.1
266420,396764.8
266421,2076472.3
266422,4019945.793333334
266423,577267.0
266424,391218.45
266425,412576.85
266426,1102302.65
266427,570830.97
266428,358953.5
266429,622668.9
266430,353618.67
266431,748226.3133333332
266432,444004.2093333333
266433,272702.9
266434,414611.55246031744
266435,282900.23
266436,313795.5
266437,964457.0
266438,676812.59
266439,594460.4333333332
266440,384517.93
266441,310400.2
266442,515521.515
266443,452420.9865
266444,436901.8888888889
266445,481221.4666666666
266446,401436.46
266447,1207980.92
266448,216454.0
266449,4242537.1975
266450,359451.0
266451,419168.0
266452,377846.8
266453,381204.96
266454,365971.8
266455,305110.38
266456,308063.73
266457,302561.25
266458,596856.45
266459,315008.8
266460,394635.32
266461,384884.6
266462,386371.62
266463,372822.2
266464,333985.2916666667
266465,1069977.5
266466,597777.45
266467,495342.2
266468,495342.2
266469,734649.8913333332
266470,693854.51
266471,313577.5
266472,244257.53
266473,254082.48
266474,426633.67
266475,20557672.503333334
266476,363252.175
266477,513915.4866666667
266478,577145.39
266479,473908.15
266480,487457.24
266481,291999.44
266482,591798.3333333333
266483,430350.12666666665
266484,383239.32
266485,474308.8833333333
266486,401551.45
266487,373157.5
266488,405205.8333333334
266489,405477.8125
266490,490712.25
266491,605686.1
266492,522810.48333333334
266493,303956.82
266494,323114.45
266495,313226.43
266496,284534.2
266497,256889.8
266498,335499.95
266499,717680.9
266500,658479.6571428572
266501,263848.0
266502,440940.51
266503,583455.1798809523
266504,378236.84
266505,551177.0514285715
266506,411697.15
266507,425890.45
266508,446093.5
266509,382387.5
266510,554988.75
266511,580678.1614285714
266512,429026.15
266513,388294.69
266514,722863.7333333333
266515,455256.0
266516,427730.6666666666
266517,387762.0
266518,220067.35
266519,536092.0766666667
266520,389168.3
266521,433452.3888888889
266522,549151.34
266523,386086.36
266524,609022.52
266525,643881.63
266526,634279.38
266527,527155.0
266528,534940.0
266529,622917.6171428572
266530,508488.74
266531,624612.1266666667
266532,571735.5
266533,513240.32
266534,388511.86666666664
266535,381413.3633333333
266536,683265.8733333333
266537,592742.04
266538,502592.02
266539,578088.2633333333
266540,483260.5
266541,587320.17
266542,654463.0
266543,516399.62
266544,582354.56
266545,507251.73
266546,527079.56
266547,748193.96
266548,246550.17
266549,653379.85
266550,713554.5
266551,653752.7366666667
266552,717560.88
266553,560975.56
266554,374001.0633333333
266555,674095.4
266556,565391.9
266557,395401.46
266558,494995.41166666674
266559,290999.3666666667
266560,414961.19999999995
266561,637229.99
266562,519064.60666666663
266563,691411.09
266564,571785.0
266565,714885.98
266566,585675.6666666667
266567,675218.45
266568,711595.6866666668
266569,711595.6866666668
266570,268839.75
266571,381691.0
266572,551340.06
266573,264348.26666666666
266574,558922.7
266575,377990.72
266576,445388.81
266577,498348.95
266578,571432.06
266579,365269.24
266580,365395.76
266581,565686.02
266582,901808.99
266583,667673.3266666667
266584,830625.9
266585,542329.1
266586,602605.78
266587,637410.5
266588,1017546.9
266589,510982.13
266590,958295.63
266591,619193.4
266592,423890.68
266593,1189820.5
266594,884485.7
266595,444755.0
266596,777039.29
266597,1595287.5
266598,672957.49
266599,427929.5
266600,410342.3875
266601,337149.42
266602,563276.45
266603,316177.5
266604,317022.5
266605,596005.4233333333
266606,325982.5
266607,504386.9216666667
266608,500011.0
266609,671774.83
266610,568743.0
266611,765379.7873015873
266612,369799.95
266613,558645.95
266614,530977.1833333332
266615,802712.68
266616,434778.23333333334
266617,628676.37
266618,570650.27
266619,746126.67
266620,878122.45
266621,414400.6
266622,359398.5
266623,1106229.0
266624,290363.0
266625,1089367.04
266626,15665910.963333333
266627,667425.0
266628,412984.95
266629,497302.5785714286
266630,281451.16
266631,1166665.65
266632,350561.27
266633,1214448.8533333333
266634,12133368.236666664
266635,289840.0
266636,411256.4566666667
266637,363661.0
266638,270966.5
266639,364802.75
266640,350196.0
266641,422197.15
266642,408936.6996666667
266643,502400.5
266644,342109.98
266645,1083423.5
266646,383193.04
266647,275082.5
266648,382039.16
266649,427455.15
266650,503070.45
266651,579398.45
266652,513135.39047619054
266653,492197.0
266654,896263.0
266655,883009.88
266656,657204.89
266657,1060834.88
266658,1052626.26
266659,512062.5
266660,598254.8
266661,392886.56
266662,356526.03
266663,543100.0
266664,441931.8
266665,343469.7
266666,540946.9
266667,403408.5
266668,549209.0
266669,279151.32
266670,524840.5
266671,736368.68
266672,622517.5
266673,1045838.02
266674,701472.0
266675,547672.6
266676,590010.2
266677,680718.5
266678,702313.69
266679,388703.5
266680,234508.6
266681,683532.0
266682,487154.95
266683,398600.45
266684,236725.0
266685,355120.36
266686,483510.0
266687,642520.6
266688,567296.64
266689,373598.59
266690,987970.0
266691,908839.66
266692,908839.66
266693,699216.02
266694,674096.0
266695,1170495.47
266696,738606.1
266697,638829.4414285715
266698,671750.0
266699,276892.7
266700,1599771.81
266701,1118493.33
266702,594906.42
266703,279405.18
266704,410535.45
266705,289055.0
266706,313225.5
266707,801530.0
266708,504215.0
266709,644484.5
266710,367605.64555555553
266711,475337.45
266712,479605.9
266713,488152.5
266714,447068.5
266715,232674.95
266716,450807.28427128436
266717,408873.74888888886
266718,465854.95
266719,488166.6666666666
266720,401378.02
266721,549800.68
266722,402421.91666666674
266723,436633.5
266724,381882.26
266725,365009.0666666667
266726,383432.8631746032
266727,395309.01333333337
266728,498310.0
266729,466777.0
266730,852999.95
266731,672895.0
266732,306922.8
266733,720371.0
266734,1339780.67
266735,692919.76
266736,485621.3266666667
266737,372314.5
266738,1046793.5
266739,372595.41666666674
266740,265043.18
266741,604463.0
266742,435126.41
266743,282579.78641414136
266744,772385.0
266745,497108.4033333334
266746,681749.5
266747,421558.33333333326
266748,646219.0
266749,341349.98
266750,1572823.84
266751,981630.0
266752,2075937.87
266753,469562.38
266754,409110.28
266755,473772.27666666673
266756,314000.06
266757,570716.53
266758,769794.19
266759,412908.77
266760,518487.87
266761,717002.5
266762,842287.93
266763,515084.95
266764,449887.05
266765,569978.9
266766,534653.65
266767,710103.45
266768,459492.18
266769,504544.45
266770,430791.64
266771,387320.02
266772,716113.31
266773,426822.5
266774,229719.8333333333
266775,814655.78
266776,417958.31333333335
266777,458852.33666666667
266778,582052.77
266779,594946.23
266780,515623.35
266781,1197487.4
266782,650824.4
266783,621531.25
266784,694520.9
266785,683765.2433333334
266786,524338.61
266787,435412.4
266788,505841.2
266789,841220.0
266790,921519.1833333332
266791,834830.26
266792,821596.05
266793,1503810.07
266794,1169842.09
266795,904360.0
266796,2185132.45
266797,2395817.12
266798,3893017.26
266799,1033941.0
266800,552180.95
266801,722629.78
266802,664482.8533333334
266803,508592.5
266804,483545.0
266805,514959.5633333333
266806,559950.115
266807,752778.7146666666
266808,728240.02
266809,736441.5
266810,447536.535
266811,654905.14
266812,747148.5
266813,593369.57
266814,1116323.28
266815,435640.09
266816,877980.01
266817,2250470.11
266818,462959.8
266819,985328.8209090909
266820,773328.01
266821,1529603.63
266822,1023440.9
266823,511822.23
266824,1876549.66
266825,995249.5
266826,1055208.695
266827,1857861.1286666668
266828,739192.49
266829,5047145.59
266830,1684629.99
266831,1714700.0
266832,2415065.0
266833,646732.08
266834,784744.8
266835,661130.0
266836,1212513.3466666667
266837,299350.95
266838,994297.0
266839,375209.25
266840,303526.22
266841,681709.7
266842,261616.37
266843,314674.0
266844,678703.55
266845,1507322.78
266846,818948.08
266847,540519.75
266848,631680.0
266849,376106.0
266850,287535.0
266851,311990.18
266852,274603.27
266853,240433.74
266854,436433.5
266855,650067.5
266856,1476227.48
266857,806345.97
266858,389240.51
266859,886985.0
266860,214705.0
266861,1073469.72
266862,310044.96
266863,565895.0
266864,644964.69
266865,549125.0
266866,575987.48
266867,488716.8961904762
266868,407498.636
266869,413156.555
266870,361404.02333333326
266871,360373.73333333334
266872,1371947.125
266873,750814.48
266874,560572.98
266875,491632.36
266876,718971.19
266877,651958.8533333334
266878,584135.0
266879,837122.7
266880,599795.0
266881,648850.0
266882,585200.5
266883,769398.69
266884,978039.85
266885,534785.0
266886,395490.7299999999
266887,496143.66333333333
266888,902665.95
266889,296601.5
266890,424515.0
266891,395175.0
266892,445429.5
266893,851977.6633333333
266894,730970.12
266895,887956.66
266896,577918.45
266897,794862.025
266898,483417.3
266899,261242.5
266900,457759.88
266901,688340.0
266902,688340.0
266903,850796.01
266904,656771.34
266905,511231.36
266906,666508.8933333333
266907,532467.25
266908,342836.88333333336
266909,523518.0
266910,1607350.0
266911,438776.0
266912,610742.58
266913,795723.95
266914,657564.9
266915,443933.71
266916,1524055.68
266917,1085539.5
266918,342043.38
266919,1286708.53
266920,486977.5
266921,399819.0
266922,389278.83
266923,415128.0
266924,1220826.16
266925,238922.99
266926,879088.0866666667
266927,1785415.66
266928,446934.99
266929,841854.67
266930,1127815.03
266931,1288089.382
266932,507032.98
266933,435392.5
266934,741981.0
266935,342682.5
266936,535581.3358333333
266937,410887.5
266938,421077.5
266939,419499.5
266940,477574.0633333333
266941,247848.19
266942,272438.33
266943,297580.33
266944,481726.5
266945,459435.0
266946,563540.0
266947,270947.8
266948,522091.48
266949,501195.0
266950,459596.6666666666
266951,683445.68
266952,255590.0
266953,438655.0
266954,475905.0
266955,475905.0
266956,523310.0
266957,302736.98
266958,543562.6
266959,396456.7
266960,308531.56
266961,383785.19
266962,365057.71666666673
266963,562184.0
266964,292532.08
266965,349655.0
266966,507652.15333333326
266967,262454.5
266968,354914.0
266969,304645.44
266970,365428.0
266971,490034.8166666667
266972,380965.85
266973,396292.99
ID,price
266974,430347.3333333334
266975,603626.5
266976,682609.5
266977,522553.33
266978,1015412.88
266979,706435.0
266980,1568020.0
266981,623675.0
266982,1276308.88
266983,2526515.0
266984,2607410.03
266985,2213865.0
266986,1329523.6
266987,405856.7
266988,1023768.2
266989,445666.02
266990,692067.14
266991,827107.9279166667
266992,518097.06
266993,417920.57
266994,1284759.0
266995,631918.3
266996,522919.56
266997,1045425.0
266998,853910.0
266999,839226.2
267000,1266708.95
267001,1266708.95
267002,1009685.0
267003,876545.0
267004,746880.0
267005,841535.0
267006,955392.5
267007,505129.3
267008,1076370.0
267009,363717.97
267010,363717.97
267011,1017470.0
267012,442155.0
267013,1403926.18
267014,306501.6666666667
267015,9349857.68
267016,338104.95
267017,1106219.98
267018,1070350.0
267019,608540.0
267020,1704289.7
267021,361112.55
267022,805399.95
267023,393348.3333333334
267024,1317754.53
267025,541802.5
267026,349264.1766666667
267027,358824.53
267028,710608.38
267029,460412.75
267030,1195369.95
267031,457014.1833333333
267032,385865.12933333335
267033,541972.3
267034,369266.66
267035,243746.22
267036,243483.25
267037,294945.1433333333
267038,609007.5
267039,328537.64285714284
267040,796283.48
267041,1066370.0
267042,954683.0
267043,669223.78
267044,1507860.0
267045,927199.99
267046,1755739.46
267047,748777.0
267048,2347023.02
267049,1136680.0
267050,424006.73
267051,423410.52
267052,935755.5
267053,952991.2
267054,806259.0
267055,474255.97
267056,620482.73
267057,391240.43
267058,700054.0
267059,676763.75
267060,1079884.1
267061,1358893.0
267062,701571.56
267063,1538631.8
267064,724670.0
267065,1523555.0
267066,1480015.9
267067,1163430.0333333334
267068,425602.0
267069,899833.8
267070,422824.0
267071,711375.04
267072,458242.98333333334
267073,579145.0
267074,556677.0
267075,792187.0
267076,723790.19
267077,1072054.4814285715
267078,1033271.83
267079,989986.0
267080,653748.0
267081,419900.67
267082,406160.0
267083,1339871.08
267084,1223765.75
267085,427946.96
267086,1924263.8
267087,510298.0
267088,1516889.88
267089,588465.0
267090,825087.24
267091,1323096.47
267092,319261.95
267093,3620125.0
267094,2299706.57
267095,2617924.696666667
267096,1924388.0
267097,984396.8
267098,473671.0
267099,549624.4185714286
267100,895904.16
267101,347870.0
267102,1806470.0
267103,885255.35
267104,470573.0
267105,386245.09
267106,485612.0
267107,582141.84
267108,612241.1
267109,372332.72333333327
267110,490799.89
267111,412873.98
267112,517794.3
267113,472539.48
267114,1593650.0
267115,385518.95
267116,359348.25
267117,474456.0
267118,657325.0
267119,802901.0
267120,350175.0
267121,693829.5
267122,962260.85
267123,465045.60666666663
267124,839613.8
267125,1072256.0
267126,1332759.24
267127,1110248.39
267128,1212737.6
267129,751990.0
267130,654595.84
267131,550118.7899999999
267132,423157.49
267133,445358.7592142857
267134,489235.45
267135,379364.04
267136,477314.04
267137,598278.0
267138,200312.5
267139,337479.0
267140,314737.6666666667
267141,443460.95
267142,465331.0
267143,438761.0
267144,399005.0
267145,414686.0
267146,364767.63
267147,340795.0
267148,450854.5
267149,377680.0
267150,583140.45
267151,507180.0
267152,190690.0
267153,442549.13
267154,430362.21
267155,586767.15
267156,452390.5
267157,576788.9
267158,387335.0
267159,350969.5
267160,360186.0
267161,306344.95
267162,291720.22
267163,1456309.3
267164,438835.35
267165,362804.0
267166,530198.2533333334
267167,954163.75
267168,2425399.0845
267169,1138053.5733333332
267170,394791.32
267171,1222121.353
267172,7081435.0
267173,514241.67
267174,610716.0
267175,472703.17910714285
267176,448410.5
267177,699065.0
267178,544684.11
267179,986843.52
267180,996459.1
267181,1464874.99
267182,351429.44
267183,503990.0
267184,623769.99
267185,261096.53
267186,355017.06
267187,871579.5
267188,1209860.46
267189,675896.12
267190,406588.14
267191,865369.49
267192,308295.78
267193,443135.0
267194,811049.7
267195,1170995.14
267196,271549.0
267197,1333218.7142857143
267198,1132145.7370238095
267199,250643.23
267200,1056351.05
267201,1149192.79
267202,1062864.5
267203,440210.6
267204,546057.1
267205,1294050.52
267206,455294.3
267207,1271214.3
267208,483084.33
267209,476332.0
267210,1846377.19
267211,462727.87
267212,1374097.21
267213,1058322.07
267214,329790.5
267215,1385894.25
267216,408637.67
267217,705122.1
267218,575257.12
267219,795807.44
267220,1285140.0
267221,1320037.5
267222,586135.28
267223,433679.5
267224,4078305.02
267225,673094.44
267226,1065417.0
267227,887980.55
267228,791230.08
267229,3426177.5
267230,1580211.5
267231,1382010.0
267232,1258374.68
267233,1201689.74
267234,1083335.0
267235,3734300.0
267236,1476208.14
267237,1472479.0
267238,559310.92
267239,873021.37
267240,1403427.0
267241,868037.32
267242,703869.5
267243,851016.5
267244,467840.63
267245,2046346.4
267246,368680.2166666666
267247,3164024.2
267248,571448.59
267249,678066.07
267250,803046.55
267251,633381.12
267252,925569.32
267253,774052.44
267254,752212.47
267255,767149.48
267256,792806.82
267257,466393.83
267258,828887.61
267259,335688.5
267260,408485.0
267261,1093237.67
267262,396865.9
267263,448287.0
267264,485790.0
267265,1976492.24
267266,2925085.07
267267,646984.5
267268,1207907.98
267269,1767030.0
267270,1129647.5
267271,11686199.99
267272,652313.6333333333
267273,1136645.28
267274,4207425.0
267275,526007.0
267276,517041.9
267277,749359.27
267278,949623.27
267279,2671979.2
267280,1278137.42
267281,670810.0
267282,544641.35
267283,831542.55
267284,709083.33
267285,1273124.34
267286,2277981.76
267287,902097.6533333333
267288,13475632.848484848
267289,1383958.88
267290,930299.7
267291,929903.3533333333
267292,1874603.8
267293,1435052.6
267294,787610.04
267295,1728796.37
267296,293650.48
267297,393782.07
267298,348882.83333333326
267299,984120.0
267300,827740.37
267301,731998.95
267302,737637.62
267303,870308.6466666667
267304,860496.75
267305,794144.65
267306,447467.96
267307,1165265.275
267308,401863.36333333334
267309,649447.03
267310,464961.81
267311,918464.02
267312,769102.5
267313,746019.66
267314,798096.44
267315,1893373.48
267316,382506.45
267317,620179.99
267318,1369584.5
267319,331679.75
267320,650275.955
267321,661512.2
267322,1170596.72
267323,1255482.76
267324,1891035.0
267325,1879540.0
267326,3128943.06
267327,1162268.6818181819
267328,1163938.85
267329,1224061.03
267330,427358.09
267331,1542188.6333333335
267332,1887655.0
267333,1530828.22
267334,481744.95
267335,473827.0
267336,2723017.0
267337,1202494.66
267338,1332882.9733333334
267339,833836.92
267340,2696332.8
267341,895874.73
267342,534484.28
267343,683773.1
267344,525146.63
267345,1985879.0
267346,687020.045
267347,530186.82
267348,516643.17
267349,682851.74
267350,593775.19
267351,706557.94
267352,726773.34
267353,564007.01
267354,688135.9266666668
267355,7013860.0
267356,832785.49
267357,2767166.12
267358,400897.5
267359,683305.71
267360,1374120.88
267361,1351800.0
267362,499429.86
267363,1159384.0
267364,481664.1
267365,781158.0
267366,444814.3
267367,750659.2766666667
267368,625357.0
267369,1094907.9
267370,1094275.0
267371,385636.38
267372,436126.9
267373,438969.6266666667
267374,630070.0
267375,818289.325
267376,661345.95
267377,545895.0
267378,869714.5
267379,1051517.5
267380,1132673.02
267381,492893.70285714284
267382,348425.7
267383,822933.0
267384,637146.41
267385,1016987.5
267386,759175.0
267387,2004467.24
267388,1425443.0
267389,1022017.5
267390,321506.53
267391,1487171.0
267392,740414.44
267393,990435.5
267394,707935.0
267395,785126.97
267396,489303.9466666667
267397,351919.6
267398,820845.96
267399,646711.13
267400,689155.32
267401,604850.0
267402,6250755.0
267403,2839617.0642857146
267404,2379050.0
267405,2212460.2254166664
267406,4388484.481016386
267407,2547702.5983333336
267408,2692325.0
267409,764260.5
267410,266310.0
267411,2132996.0492324433
267412,945899.67
267413,3169900.0
267414,3435277.2418181817
267415,486152.40277777775
267416,445216.4
267417,706360.0
267418,519092.26
267419,556979.5
267420,654964.0
267421,690888.5
267422,362916.5
267423,352714.83
267424,621073.0
267425,658286.65
267426,569579.13
267427,400700.0
267428,575611.52
267429,319053.62
267430,558289.4
267431,380769.36
267432,411892.5
267433,854758.44
267434,481910.0
267435,655981.6433333333
267436,597104.1
267437,417855.0
267438,725653.17
267439,981438.53
267440,362949.5
267441,375395.6866666667
267442,826988.7425
267443,746734.2083333335
267444,658072.65
267445,788427.3866666667
267446,479718.0
267447,482590.5
267448,816550.27
267449,804823.62
267450,555314.5
267451,1256285.0
267452,1083903.31
267453,957599.355
267454,903656.86
267455,871551.6
267456,875816.38
267457,512650.95
267458,406351.85
267459,592959.79
267460,2840573.27
267461,662680.0266666667
267462,374094.4
267463,472556.4
267464,487117.41
267465,827207.05
267466,760452.08
267467,458737.48
267468,615844.74
267469,409400.825
267470,455865.91166666674
267471,652382.06
267472,943710.79
267473,1841626.33
267474,922404.1904761904
267475,861902.4
267476,650910.9666666667
267477,2458588.44
267478,536695.9533333333
267479,695264.0
267480,310584.5
267481,640769.7758333333
267482,417392.90166666673
267483,1065691.33
267484,333174.095
267485,341547.5
267486,611773.615
267487,665015.42
267488,550389.5866666667
267489,819450.12
267490,392587.68
267491,731118.5
267492,945238.46
267493,531744.8466666667
267494,361898.1108333333
267495,548058.18
267496,528486.64
267497,426237.88
267498,548598.575
267499,564685.5833333334
267500,463833.83
267501,485083.78
267502,753998.0733333335
267503,1695932.0
267504,473941.01
267505,295015.18
267506,466575.0
267507,732586.65
267508,481522.0
267509,574314.4
267510,602366.3508333333
267511,771483.3066666665
267512,756140.0
267513,351584.5
267514,480524.4166666666
267515,533817.45
267516,445140.55
267517,552985.95
267518,518622.33333333326
267519,339236.2733333334
267520,644495.5
267521,270250.4
267522,646788.5666666667
267523,386409.31
267524,275569.45
267525,275569.45
267526,240540.0
267527,317226.6666666667
267528,654405.0
267529,566030.7
267530,305242.16
267531,734907.5
267532,443930.2
267533,1079900.35
267534,568220.88
267535,678113.24
267536,459537.22222222225
267537,367543.91428571433
267538,394042.89333333337
267539,381256.6619047619
267540,585413.25
267541,326402.78
267542,749025.5666666668
267543,948957.46
267544,579915.0
267545,345785.0
267546,413040.0
267547,708276.55
267548,953593.5
267549,320840.5
267550,468926.9
267551,327435.88
267552,816973.82
267553,413783.0
267554,961231.0
267555,611267.5
267556,927884.17
267557,345635.1
267558,514396.38
267559,540433.19
267560,505697.01
267561,940551.59
267562,709362.42
267563,951444.79
267564,392781.21
267565,378194.86
267566,530972.35
267567,308525.0
267568,364490.18666666665
267569,659515.4075000001
267570,618807.15
267571,593142.15
267572,417150.83333333326
267573,660924.6366666666
267574,280259.75
267575,390825.49
267576,488927.5
267577,411912.145
267578,369992.0
267579,357232.5
267580,774924.1066666667
267581,395542.36
267582,332065.0
267583,335577.0
267584,645590.2808333334
267585,656984.9875
267586,380695.0
267587,266540.5
267588,830249.21
267589,656169.5
267590,454127.1433333333
267591,454127.1433333333
267592,445901.15
267593,471178.16
267594,556053.14
267595,399431.7
267596,578282.15
267597,606619.92
267598,509187.9
267599,453493.65
267600,638339.9
267601,827769.0
267602,679068.2333333334
267603,418181.0
267604,471479.45
267605,369004.4
267606,463893.5
267607,463893.5
267608,427284.95
267609,498803.1
267610,429014.99
267611,520057.5
267612,420970.0
267613,390973.3333333334
267614,385991.58333333326
267615,532960.0
267616,452776.8
267617,391699.8
267618,349039.95
267619,473907.62
267620,450384.9
267621,412403.96666666673
267622,559814.95
267623,438319.99
ID,price
267624,451985.0
267625,315980.0
267626,276333.7
267627,347610.0
267628,386313.5
267629,413472.5
267630,296571.4
267631,529910.52
267632,1037011.0
267633,500462.45
267634,208677.3242857143
267635,341015.0
267636,327035.12
267637,579948.0
267638,574130.5
267639,400647.5
267640,517595.72
267641,367710.0
267642,752764.15
267643,307525.0
267644,414507.0
267645,541446.6666666666
267646,314679.82
267647,565424.99
267648,453407.0
267649,283682.72
267650,321934.5
267651,1524392.74
267652,569034.55
267653,548003.0
267654,977535.0
267655,494202.34
267656,354961.2
267657,349802.24
267658,301601.54
267659,370581.0
267660,421019.0
267661,354612.65
267662,478807.3
267663,370788.0
267664,275149.76666666666
267665,321109.15
267666,507235.0
267667,331268.5
267668,263689.96
267669,450456.98
267670,393130.85
267671,385689.5
267672,382374.5
267673,409222.0
267674,385759.4
267675,347431.6
267676,422450.01
267677,426962.0
267678,356238.28333333327
267679,401163.15
267680,343652.0
267681,604545.05
267682,584920.02
267683,761193.32
267684,304474.95
267685,545386.2666666667
267686,816760.08
267687,329340.0
267688,404820.01
267689,466038.71
267690,412980.0
267691,297319.2
267692,293868.5
267693,998842.49
267694,410865.51
267695,2065990.96
267696,585183.3
267697,452544.41
267698,426225.0
267699,501977.13
267700,626668.8
267701,772714.81
267702,1190043.17
267703,1278624.94
267704,411553.0
267705,1194277.77
267706,404481.06
267707,402446.94
267708,1322592.31
267709,915601.6666666667
267710,1543589.17
267711,387335.0
267712,376285.36
267713,637075.02
267714,1143110.4
267715,1077378.68
267716,1049076.87
267717,896741.27
267718,1052159.0
267719,540561.05
267720,718359.4
267721,799408.6166666667
267722,514524.99
267723,447209.5
267724,488198.3333333334
267725,455384.51
267726,340582.05
267727,342545.45
267728,912585.55
267729,713116.46
267730,838028.98
267731,426096.765
267732,733736.56
267733,388881.6566666666
267734,284024.35
267735,1032680.24
267736,761601.17
267737,889960.0
267738,701070.0
267739,444460.31
267740,932978.27
267741,472598.05
267742,384630.8
267743,466109.55
267744,340564.4
267745,354949.9
267746,381323.4933333333
267747,3887404.72
267748,1079127.53
267749,895980.0
267750,504954.5
267751,501949.02
267752,1514926.5
267753,877662.6
267754,982875.0
267755,392182.56
267756,521187.5
267757,318643.05
267758,372546.0
267759,376554.39
267760,427451.13
267761,623811.0
267762,464705.01
267763,187691.0
267764,438389.95
267765,420355.97
267766,548605.54
267767,447400.41
267768,398529.01
267769,299788.0
267770,181747.0
267771,223128.78
267772,344716.97
267773,230969.5
267774,298446.55
267775,280765.6
267776,400525.0
267777,674739.3
267778,380942.31
267779,149184.95
267780,564533.89
267781,744318.65
267782,705803.5
267783,385419.85
267784,613279.0
267785,332754.9
267786,946516.0
267787,675601.35
267788,450274.99
267789,258261.9
267790,274196.06
267791,295674.54
267792,409235.0
267793,401519.66
267794,508984.2
267795,471630.5
267796,757127.4
267797,317448.01
267798,589972.0
267799,678404.02
267800,348580.0
267801,223841.5
267802,867140.0
267803,514293.9
267804,894997.6666666667
267805,269168.0
267806,344352.5
267807,719591.47
267808,493778.2
267809,361720.0
267810,188892.75
267811,465082.96
267812,457750.24
267813,492170.36
267814,263325.12
267815,285695.2
267816,346936.98
267817,487497.5
267818,319468.4
267819,964245.3666666667
267820,354056.66
267821,434728.33333333326
267822,588546.0
267823,1003371.98
267824,413176.5
267825,464142.5
267826,584828.0
267827,674099.02
267828,596750.0
267829,439686.5
267830,869301.5
267831,710854.34
267832,465967.58
267833,780146.7333333334
267834,444135.25
267835,762486.5
267836,400770.175
267837,928161.22
267838,681672.78
267839,338916.41
267840,444882.37
267841,968866.71
267842,608673.5
267843,543889.33
267844,928784.3
267845,1002357.84
267846,866769.99
267847,2278881.45
267848,739018.8
267849,816837.91
267850,501825.13
267851,544992.98
267852,412853.85
267853,525115.5
267854,400559.49
267855,372553.38
267856,415666.16666666674
267857,572758.69
267858,518067.74
267859,523477.89
267860,353166.54
267861,1023578.38
267862,713815.0
267863,1006367.02
267864,412586.84
267865,651260.99
267866,681595.0
267867,1737649.58
267868,985559.4
267869,1211479.7733333332
267870,545191.63
267871,457991.95
267872,590412.3
267873,1616790.17
267874,490437.35
267875,498061.51
267876,454227.53
267877,1138635.15
267878,529030.8333333334
267879,750350.5
267880,586137.0
267881,424341.18
267882,295704.6
267883,399379.4
267884,309273.54333333333
267885,702775.26
267886,667173.6
267887,452246.0
267888,991741.44
267889,538047.5
267890,592525.5
267891,596947.5
267892,463660.5
267893,475767.72
267894,254865.0
267895,237579.0
267896,769162.82
267897,695581.6666666665
267898,491065.01
267899,386657.1314285714
267900,518175.01
267901,500891.01
267902,232559.66
267903,295151.8333333334
267904,471513.93999999994
267905,471513.93999999994
267906,485915.0
267907,404689.45
267908,133586.23
267909,319428.06
267910,549904.9
267911,351291.5
267912,742976.88
267913,300636.8
267914,720996.92
267915,330770.0
267916,135544.9
267917,505830.6
267918,426594.3138888888
267919,293522.6
267920,431915.28
267921,332668.51
267922,1071914.16
267923,658543.6333333333
267924,3493525.12
267925,288734.85
267926,563812.27
267927,1025264.75
267928,459167.3333333334
267929,347202.25
267930,418995.36
267931,347102.5
267932,351475.68
267933,428229.32
267934,485630.0
267935,286440.0
267936,1049727.0
267937,269281.87
267938,955491.0
267939,443887.75
267940,760656.25
267941,547390.0
267942,393460.0
267943,612345.0
267944,393027.26190476195
267945,338931.45
267946,499350.0
267947,530812.52
267948,354553.85333333333
267949,589265.66
267950,454730.0
267951,937099.5
267952,822368.0
267953,313342.5
267954,389560.0
267955,611616.34
267956,412580.0
267957,544811.3
267958,680940.0
267959,448907.5
267960,542170.0
267961,430687.0
267962,289720.0
267963,468935.0
267964,481206.0
267965,290862.69
267966,203998.4
267967,490090.0
267968,417310.1391919191
267969,494531.15
267970,366663.1
267971,234776.31333333335
267972,487890.1666666666
267973,1300470.0
267974,900534.39
267975,555470.0
267976,5112689.0
267977,788136.64
267978,1158398.59
267979,920925.37
267980,930302.5
267981,3043714.82
267982,724068.0
267983,877102.92
267984,326686.3
267985,663109.34
267986,481052.85
267987,1859755.14
267988,1391435.0
267989,1774032.333333333
267990,495929.4
267991,622634.83
267992,643790.9466666668
267993,595014.23
267994,565623.64
267995,307596.25
267996,1547157.96
267997,465180.34
267998,1869716.3333333335
267999,571593.56
268000,446476.6
268001,318394.76
268002,427000.61
268003,565552.96
268004,519358.95
268005,983617.1666666665
268006,885043.75
268007,1768506.31
268008,468083.38
268009,986848.1933333335
268010,720759.5
268011,530512.75
268012,809102.92
268013,1360841.84
268014,1042058.3866666666
268015,880336.4
268016,1131404.0416666665
268017,982051.0
268018,2076255.5
268019,494372.49
268020,880277.5
268021,735022.29
268022,806605.36
268023,733896.15
268024,1111480.91
268025,709766.56
268026,614425.16
268027,2143920.0
268028,492545.49
268029,738672.71
268030,1188041.05
268031,799410.94
268032,416966.05
268033,760655.58
268034,699379.71
268035,753001.08
268036,941497.16
268037,418115.75
268038,893967.88
268039,431416.2
268040,431416.2
268041,401340.14
268042,540112.25
268043,1332350.32
268044,716211.74
268045,542484.73
268046,382913.0
268047,549798.74
268048,1680404.69
268049,1825936.76
268050,533281.16
268051,499049.87
268052,1832681.44
268053,1162474.65
268054,530390.4
268055,678214.98
268056,3099287.88
268057,920837.5
268058,1602778.55
268059,970905.2
268060,719060.0
268061,1767015.0
268062,304325.18
268063,550110.55
268064,1222295.0
268065,941590.85
268066,628325.0
268067,1121936.52
268068,1678886.94
268069,1314065.33
268070,934033.68
268071,352679.5
268072,616377.0
268073,1460192.48
268074,1233217.38
268075,1538159.85
268076,1272275.05
268077,831340.02
268078,421555.0
268079,573070.0
268080,1645057.5
268081,616692.5
268082,477608.49
268083,1641124.15
268084,1677132.26
268085,1269868.88
268086,581214.95
268087,1337695.19
268088,980208.96
268089,446559.0
268090,788084.5
268091,492204.95
268092,541848.21
268093,444140.5
268094,1406040.88
268095,645675.0
268096,856821.0
268097,466915.0
268098,449465.0
268099,494380.5
268100,444262.5
268101,2937275.02
268102,614796.82
268103,420559.77
268104,2119079.12
268105,1240578.46
268106,577867.18
268107,624415.0
268108,427473.94
268109,421167.78
268110,835866.25
268111,556165.0
268112,662154.95
268113,726970.64
268114,705586.52
268115,716234.5
268116,767729.48
268117,417291.74
268118,918408.96
268119,3059879.3
268120,717729.88
268121,619676.14
268122,867020.0
268123,331870.5
268124,502503.0
268125,529625.0
268126,602331.3
268127,409924.01
268128,669698.55
268129,700926.96
268130,727725.2066666667
268131,581602.5
268132,586531.41
268133,493727.0
268134,615310.96
268135,275495.35
268136,517574.48
268137,539197.89
268138,594234.23
268139,547446.37
268140,764505.75
268141,519472.85
268142,564476.58
268143,546464.09
268144,287294.99
268145,435369.86
268146,778217.35
268147,778217.35
268148,2121443.1
268149,483576.2
268150,370060.21
268151,530828.32
268152,600929.06
268153,382150.73
268154,430755.02
268155,721054.34
268156,387541.91
268157,1880545.26
268158,403575.59
268159,319364.25
268160,156501.4
268161,292390.0
268162,366817.25
268163,304655.15
268164,319091.65
268165,438165.47
268166,444600.0
268167,432440.0
268168,780900.74
268169,285616.9
268170,323057.6
268171,543962.0
268172,411755.0
268173,915897.59
268174,435090.0
268175,452038.49333333335
268176,603567.55
268177,3396503.12
268178,659676.45
268179,744282.59
268180,670350.24
268181,733631.92
268182,992315.68
268183,412226.6666666666
268184,492449.41
268185,787851.0
268186,667969.95
268187,526110.58
268188,2326845.0
268189,1137553.0
268190,348221.97
268191,449799.07
268192,531891.51
268193,397725.0
268194,857506.9
268195,751581.55
268196,470248.8466666666
268197,810788.44
268198,505150.63
268199,448497.6233333333
268200,323623.76
268201,404181.525
268202,831860.63
268203,487253.09
268204,514173.54
268205,425103.0
268206,405748.24
268207,907383.75
268208,702020.45
268209,913958.0
268210,1097312.17
268211,831476.96
268212,1280996.44
268213,765658.92
268214,1072024.24
268215,1455190.83
268216,472549.5833333334
268217,342700.0
268218,591597.53
268219,1305954.61
268220,286253.3333333333
268221,1462828.42
268222,748066.58
268223,591192.0
268224,666568.54
268225,496444.5
268226,1443816.5
268227,1089371.0
268228,538821.5
268229,526403.5
268230,1755827.89
268231,1007353.36
268232,833949.84
268233,1186870.42
268234,508173.39
268235,490800.2
268236,4412810.98
268237,837381.33
268238,1129657.88
268239,875113.38
268240,411955.63
268241,341792.5
268242,372797.25
268243,430846.6966666667
268244,348043.5
268245,496049.61
268246,563880.0
268247,497338.02
268248,1294026.45
268249,434968.29
268250,873279.4
268251,351450.0
268252,689211.68
268253,472615.5
268254,1145949.31
268255,802649.88
268256,4968379.77
268257,432688.64
268258,300022.58
268259,408188.5
268260,437228.75
268261,3416021.54
268262,296862.5
268263,940143.66
268264,853055.44
268265,352664.58
268266,1019755.02
268267,377405.16
268268,1158990.6
268269,454291.5
268270,734117.28
268271,299393.81
268272,3904724.51
268273,458332.27
ID,price
268278,963659.76
268279,521372.53
268280,511848.16
268281,764855.9
268282,366379.5
268283,2948567.59
268284,1100577.8233333332
268285,1196240.6
268286,3740983.36
268287,1192943.7
268288,981765.18
268289,808335.48
268290,377554.0
268291,474670.07
268292,767579.95
268293,828323.36
268294,833035.0
268295,734269.99
268296,723551.46
268297,8857700.0
268298,279086.27
268299,891787.0
268300,432855.0
268301,504561.5
268302,733960.35
268303,364274.0
268304,388611.0
268305,315071.27
268306,355830.54
268307,514289.86
268308,441930.5
268309,2734959.94
268310,833712.88
268311,464557.6666666666
268312,281690.0
268313,2629902.5
268314,922342.77
268315,843948.4
268316,1617366.17
268317,290418.25
268318,1001252.8233333332
268319,379792.5
268320,1695965.0
268321,3295766.0
268322,4174928.745
268323,1234251.24
268324,769205.5
268325,1360185.583333333
268326,848715.03
268327,589034.0
268328,1205463.0
268329,919583.73
268330,2508240.72
268331,1973110.54
268332,858073.8933333333
268333,539870.0
268334,400528.84
268335,821960.0
268336,817818.8
268337,428052.49
268338,331990.7
268339,3398218.27
268340,12936506.31
268341,626660.0
268342,3694628.56
268343,999733.5
268344,3083826.88
268345,1143935.0
268346,2342322.5
268347,4378838.62
268348,2549130.0
268349,4066824.770666667
268350,447779.18
268351,1130764.49
268352,977639.71
268353,530523.94
268354,332467.3
268355,557951.96
268356,959604.1
268357,316260.0
268358,342122.4
268359,921499.9
268360,1081145.63
268361,327456.46
268362,636753.84
268363,476417.5
268364,426384.24
268365,267927.6
268366,365375.32
268367,378416.42
268368,539314.35
268369,497350.31
268370,305745.84
268371,619975.5
268372,516885.51
268373,922286.99
268374,890229.0
268375,850112.34
268376,372410.0
268377,989775.96
268378,1951126.1
268379,975837.96
268380,2380306.1
268381,864510.0
268382,292780.0
268383,366927.48
268384,707350.0
268385,393503.35
268386,1512414.65
268387,728115.0
268388,1519024.98
268389,229835.0
268390,567549.62
268391,745716.0
268392,415764.5
268393,414724.5
268394,8123568.11
268395,5397439.51
268396,593305.8333333334
268397,6585960.04
268398,4970240.01
268399,6179190.53
268400,10808050.05
268401,1448483.56
268402,1974885.18
268403,2472095.05
268404,907282.31
268405,3332557.64
268406,972181.72
268407,959804.37
268408,1185121.73
268409,629777.71
268410,522403.44
268411,564275.42
268412,1256497.0
268413,533557.212
268414,570092.2
268415,580712.0
268416,581758.59
268417,1966080.0
268418,756103.85
268419,1015860.01
268420,913829.6057142856
268421,926553.81
268422,388123.0
268423,793844.5
268424,1090410.78
268425,875142.16
268426,474310.51
268427,849813.99
268428,443753.0
268429,553426.92
268430,2123705.0000000005
268431,1137343.18
268432,736197.87
268433,674119.5
268434,686291.02
268435,1123587.5
268436,863626.0
268437,1446043.7090678208
268438,1436480.14
268439,601709.25
268440,634644.5
268441,1675800.96
268442,1683064.5
268443,1079391.5
268444,979677.47
268445,1308077.56
268446,2924840.0
268447,1659543.88
268448,794493.61
268449,540717.18
268450,727060.5
268451,1662894.5
268452,1450053.53
268453,1092466.25
268454,2040365.0
268455,1200327.0
268456,740855.5
268457,868493.25
268458,1545112.5
268459,3015605.88
268460,1400613.71
268461,1755293.87
268462,2082991.44
268463,3087395.0
268464,2888724.5
268465,2656026.5
268466,2038632.74
268467,1616799.98
268468,797880.36
268469,2231773.87
268470,1433012.08
268471,820432.9
268472,1317586.6766666668
268473,1223073.95
268474,1270388.88
268475,845878.07
268476,451426.79
268477,390339.66
268478,422242.945
268479,888388.26
268480,537874.62
268481,3256780.2
268482,1373977.02
268483,988144.7
268484,1923110.0
268485,4886527.5
268486,1925655.55
268487,2681331.76
268488,2248045.0
268489,1396730.5
268490,8149050.32
268491,2222302.52
268492,9716684.37
268493,11380167.01
268494,1220363.13
268495,479966.43
268496,397792.86
268497,814137.44
268498,447729.6966666667
268499,732637.3333333333
268500,1402057.5
268501,801255.0
268502,678148.33
268503,590497.74
268504,2075944.0
268505,642351.39
268506,382444.25
268507,315244.0
268508,554587.5
268509,337501.68
268510,382178.4
268511,538129.5
268512,473437.5
268513,499898.41
268514,346934.5
268515,928639.5
268516,764902.35
268517,1536411.0
268518,346263.54
268519,483481.35
268520,498408.8
268521,783485.0
268522,518845.0
268523,610005.0
268524,531841.79
268525,438886.76
268526,432278.75
268527,373706.5
268528,2320641.8
268529,460788.93333333335
268530,465537.18
268531,1662468.2
268532,647372.48
268533,940135.8
268534,800469.6
268535,16636740.0
268536,8106777.996666667
268537,2023185.99
268538,733130.56
268539,748155.0
268540,2824950.28
268541,1881860.0
268542,2660835.666666667
268543,685550.1633333333
268544,683806.3333333335
268545,863194.8
268546,700492.3933333334
268547,367001.0066666667
268548,618514.55
268549,539142.22
268550,929697.01
268551,1041285.01
268552,351356.95
268553,618762.45
268554,1121460.52
268555,1186394.11
268556,719940.6
268557,406077.0
268558,503320.95
268559,817156.68
268560,559161.87
268561,664000.0633333332
268562,282849.81
268563,596531.89
268564,400014.87
268565,225255.06
268566,624074.1
268567,613927.6275
268568,574027.2975
268569,867785.0
268570,934828.5
268571,714216.490186508
268572,941056.0
268573,304271.59
268574,1631864.99
268575,802157.5
268576,385293.99
268577,502588.53
268578,404597.6
268579,645453.6566666666
268580,2300011.92
268581,707950.2666666666
268582,1708105.43
268583,860713.3595238094
268584,3134963.64
268585,1481881.6
268586,1113599.9791666665
268587,13203877.65
268588,928905.4
268589,792600.37
268590,487001.88
268591,2481685.3
268592,927084.0
268593,792271.88
268594,639482.76
268595,516672.54
268596,1774104.85
268597,1737193.8216666665
268598,1774104.85
268599,447944.5
268600,5168718.53
268601,476527.83333333326
268602,3940647.8
268603,1770826.34
268604,24369026.72
268605,3767994.85
268606,1746420.6
268607,668248.46
268608,1039523.5933333333
268609,1170893.59
268610,2812842.94
268611,2614990.5
268612,540370.37
268613,3456006.52
268614,615253.5
268615,551419.04
268616,2898425.24
268617,1920433.0
268618,3194875.76
268619,515950.0
268620,536883.2133333334
268621,1364863.25
268622,835788.6466666666
268623,3607412.39
268624,1738808.84
268625,1133017.06
268626,7666385.0
268627,1496432.1
268628,1032926.3
268629,1490896.43
268630,528754.5
268631,15806157.6
268632,1770903.64
268633,804051.23
268634,1358364.38
268635,2142940.55
268636,2052621.5
268637,1123912.7525
268638,5305812.07
268639,1893944.25
268640,2243413.4
268641,619385.72
268642,314187.7166666667
268643,587138.76
268644,367043.99000000005
268645,690787.97
268646,530323.42
268647,457345.8
268648,789173.0
268649,1429765.0
268650,1242625.0
268651,876017.67
268652,283940.69
268653,258974.42
268654,904202.32
268655,689388.3
268656,259446.98
268657,610314.15
268658,1068577.64
268659,304890.66
268660,470488.50666666665
268661,293266.62
268662,359571.0
268663,481542.92
268664,540075.1733333333
268665,355348.18
268666,700718.3890476191
268667,1029635.2
268668,364462.5
268669,330441.05
268670,359983.8333333334
268671,421592.39
268672,399775.31
268673,511726.26666666655
268674,493048.5066666666
268675,3553805.0
268676,2028100.52
268677,398184.29
268678,398184.29
268679,1688740.61
268680,408305.0
268681,465634.58
268682,1140670.99
268683,1527251.9999999998
268684,346612.48
268685,1481135.0
268686,921543.98
268687,921543.98
268688,816039.97
268689,827834.9383333335
268690,2041707.76
268691,1166139.8
268692,2209725.0
268693,366944.53
268694,2510138.26
268695,1327082.26
268696,435284.34
268697,692578.7166666666
268698,962569.45
268699,696824.6800000002
268700,742269.87
268701,1269317.38
268702,221869.44
268703,1263328.65
268704,1270315.07
268705,1284889.4
268706,1205775.6
268707,644824.5
268708,1736922.0
268709,957356.5
268710,462535.48
268711,1532576.6
268712,494430.22
268713,492355.9
268714,828740.0
268715,987776.5
268716,801565.0
268717,628003.36
268718,1086097.35
268719,506951.87
268720,964273.84
268721,1088437.43
268722,893360.0
268723,1113647.1
268724,1022159.0
268725,1810786.0
268726,3554469.5
268727,853115.5
268728,471825.1652380952
268729,276611.94
268730,477756.5
268731,360697.75
268732,903373.5
268733,862835.0
268734,481296.04
268735,1206217.93
268736,638761.93
268737,371828.99
268738,1234939.3
268739,1495412.9
268740,1556630.0
268741,1217825.2
268742,709899.5
268743,1290376.98
268744,981638.14
268745,698088.51
268746,726056.1333333334
268747,1448914.333333333
268748,609637.9
268749,731059.6
268750,613298.8
268751,646126.875
268752,580828.5
268753,1184980.0
268754,544866.875
268755,614428.6466666667
268756,763424.0
268757,420851.6666666666
268758,495094.2
268759,424580.0
268760,876428.71
268761,428350.0
268762,672514.72
268763,570785.0
268764,3764615.0
268765,805472.0
268766,1094023.64
268767,4724542.0
268768,5369292.33
268769,1891444.37
268770,1407347.91
268771,5061640.0
268772,7174373.28
268773,2082957.8533333335
268774,1313415.78
268775,2870577.29
268776,901150.0
268777,5032866.45
268778,1049267.25
268779,1085359.5
268780,5102248.0
268781,1540244.45
268782,3166039.52
268783,6697643.56
268784,5976630.0
268785,697232.5
268786,473221.99
268787,1130657.49
268788,1130657.49
268789,1129996.6666666665
268790,5373400.0
268791,1448275.0
268792,3207550.0
268793,376024.5
268794,731654.82
268795,1314115.2
268796,585115.04
268797,1390283.3333333335
268798,376323.99
268799,1298770.0
268800,679114.7
268801,873681.7133333334
268802,847790.93
268803,366022.72
268804,410159.5
268805,276805.0
268806,1455709.0
268807,563812.7233333333
268808,521216.97333333327
268809,998903.8366666667
268810,2019124.61
268811,760090.89
268812,1812772.425
268813,407617.75
268814,2402262.22
268815,430302.23
268816,513331.26333333337
268817,357911.44
268818,398823.85
268819,398823.85
268820,845591.5
268821,371135.98
268822,742370.2
268823,346018.82
268824,532285.1433333333
268825,615557.95
268826,499773.23
268827,483232.218
268828,4249468.153333333
268829,460613.73
268830,449308.2
268831,384380.7
268832,371183.5
268833,407880.9
268834,505616.01
268835,611580.76
268836,632343.38
268837,532442.59
268838,629200.6
268839,773369.1566666667
268840,345842.25
268841,629385.0
268842,378974.9
268843,603390.56
268844,620801.8166666667
268845,647430.0
268846,599781.52
268847,607839.12
268848,596846.07
268849,431384.99
268850,475240.75000000006
268851,458140.8333333334
268852,517343.56
268853,364966.06
268854,675849.6
268855,439988.71
268856,703357.12
268857,663989.7333333334
268858,465386.0
268859,671179.98
268860,872249.2
268861,736512.25
268862,823578.81
268863,342109.2675
268864,692408.22
268865,1016278.5
268866,1215487.85
268867,1164814.85
268868,425700.42
268869,422118.0
268870,701811.6666666665
268871,545154.15
268872,622966.0566666666
268873,566312.83
268874,291640.0
268875,513302.6
268876,635538.38
268877,634900.05
268878,273537.88
268879,440610.65
268880,425730.1083333333
268881,745760.0
268882,308172.02
268883,308805.54
268884,582180.5
268885,362851.6
268886,362851.6
268887,321537.5
268888,1043704.0
268889,903579.48
268890,448542.25
268891,315974.98
268892,441064.5
268893,424862.27
268894,512268.3
268895,501899.0
268896,437062.0
268897,297682.61666666664
268898,353860.1416666667
268899,569765.0
268900,432255.0
268901,419835.5
268902,401276.1
268903,482860.0
268904,388422.24166666664
268905,329894.74
268906,570205.8
268907,432107.0
268908,377846.5
268909,405921.7
268910,1309677.04
268911,643057.0
268912,455469.67
268913,348642.5
268914,1167656.37
268915,708214.69
268916,1166680.0
268917,583513.8683333333
268918,2443995.7183333333
268919,410207.65
268920,478677.78
268921,624758.85
268922,338520.0
268923,446670.24
ID,price
268928,403009.5311111111
268929,800513.61
268930,668701.58
268931,445272.71
268932,644999.95
268933,850108.48
268934,384640.3833333333
268935,471654.75
268936,371075.89
268937,450834.99
268938,407102.595
268939,715636.49
268940,626302.135
268941,706657.3832380953
268942,682264.9283333335
268943,370486.6716666667
268944,444499.27
268945,476990.24666666664
268946,364347.4
268947,365662.96
268948,552483.44
268949,360734.11
268950,361139.9316666667
268951,451391.76
268952,648635.6685714286
268953,321296.2
268954,504279.8433333334
268955,656134.37
268956,459784.7
268957,325562.68
268958,319137.15
268959,3176724.653333334
268960,924692.7
268961,604536.15
268962,577017.4739999999
268963,826720.4892142856
268964,628075.4112380951
268965,938419.59
268966,514892.98
268967,282814.09
268968,265205.03
268969,240837.5
268970,353112.82333333336
268971,355938.02
268972,381118.5
268973,402956.5
268974,420810.7925
268975,369651.7816666666
268976,597373.89
268977,1286168.3096666667
268978,252528.2
268979,370321.7
268980,444945.0
268981,283930.0
268982,587531.62
268983,675560.0
268984,523195.0
268985,361365.1
268986,381329.5
268987,381699.5
268988,493701.41
268989,333864.1666666667
268990,668575.0
268991,456344.48333333334
268992,427230.0
268993,420648.29
268994,258840.0
268995,364037.5
268996,261501.74
268997,712248.6
268998,404982.6766666667
268999,508196.1583333334
269000,340957.9
269001,331407.88
269002,285824.65
269003,277497.35
269004,279846.6
269005,597329.0633333332
269006,472115.49
269007,350314.8933333333
269008,549698.38
269009,435221.25
269010,409066.99
269011,417806.99
269012,262821.95
269013,465422.5666666667
269014,339580.7
269015,399300.14
269016,526368.125
269017,412046.73
269018,428012.55
269019,407161.05
269020,754491.99
269021,299042.22
269022,630330.6
269023,784694.96
269024,656756.8333333334
269025,622088.3571428572
269026,521222.16666666674
269027,875405.35
269028,640196.17
269029,659122.17
269030,683696.27
269031,415447.5
269032,554464.03
269033,703899.1366666666
269034,414419.1
269035,654132.2266666667
269036,842144.54
269037,672949.6
269038,595483.47
269039,695811.4
269040,395861.01
269041,385248.0
269042,1057770.0
269043,467801.51
269044,808974.97
269045,658845.57
269046,245676.22
269047,648792.31
269048,381626.7166666666
269049,988957.5
269050,514029.82
269051,536883.72
269052,514306.0
269053,602826.52
269054,547657.67
269055,225165.0
269056,327155.26666666666
269057,394351.0
269058,520587.7
269059,521310.92999999993
269060,755930.76
269061,832138.0
269062,778231.42
269063,309651.0
269064,604193.08
269065,632186.15
269066,615385.08
269067,620476.1
269068,402443.41
269069,648878.57
269070,670948.8333333334
269071,670060.6
269072,545812.5
269073,926821.05
269074,621938.4266666666
269075,606062.4295238095
269076,278121.4
269077,325807.6
269078,704255.5666666665
269079,704255.5666666665
269080,298029.4
269081,503766.0
269082,461802.5
269083,321635.9
269084,449682.59
269085,456446.9
269086,267821.1666666667
269087,443011.11
269088,544489.595
269089,581221.41
269090,453041.06
269091,540777.0
269092,403977.9
269093,475770.26
269094,332101.0
269095,401299.3
269096,700562.72
269097,948128.75
269098,446515.02666666673
269099,414321.4
269100,530746.36
269101,784193.59
269102,1014495.47
269103,632540.0
269104,299715.9
269105,635857.6
269106,576215.88
269107,1034682.0
269108,345504.9
269109,284580.0
269110,401631.11
269111,1317641.6
269112,454860.4
269113,487471.6166666667
269114,521508.66
269115,613293.58
269116,359438.37
269117,399327.5
269118,708619.6266666666
269119,445633.09
269120,528714.5
269121,874980.0
269122,1117853.2483333333
269123,439706.73
269124,621448.53
269125,658582.51
269126,797799.8
269127,559960.0
269128,507246.52
269129,351114.92
269130,320141.35
269131,520079.91
269132,507329.9066666666
269133,545847.52
269134,1096569.7333333334
269135,629039.73
269136,506968.81666666665
269137,445562.0
269138,350862.48
269139,760807.45
269140,962242.49
269141,1002621.16
269142,1038391.69
269143,551616.52
269144,444310.0
269145,807294.55
269146,808595.32
269147,502621.8
269148,430411.4
269149,456697.87333333335
269150,538744.16
269151,290672.49
269152,19062642.396666665
269153,342557.87
269154,434544.1666666666
269155,396677.51
269156,428865.0866666667
269157,508596.6
269158,397105.9
269159,505414.1
269160,320536.8116666667
269161,345316.3333333334
269162,338181.6666666666
269163,306021.3
269164,382410.0
269165,522214.55
269166,543019.45
269167,327331.5
269168,577211.76
269169,446802.0416666666
269170,691876.92
269171,541048.45
269172,663643.7
269173,633571.3
269174,531748.95
269175,321037.0
269176,360132.4
269177,825180.07
269178,666394.04
269179,521400.0
269180,512540.0
269181,619731.4
269182,505721.99
269183,489240.0
269184,437917.4
269185,415540.0
269186,508145.0
269187,671928.3
269188,176920.0
269189,563269.25
269190,290870.0
269191,681046.5
269192,346367.62
269193,367802.36
269194,693439.52
269195,359270.0
269196,423130.0
269197,475175.0
269198,700332.96
269199,415433.21
269200,324794.5
269201,238487.5
269202,256063.0
269203,606941.0
269204,561881.9
269205,561207.45
269206,389120.0
269207,327635.0
269208,356803.91
269209,405382.75
269210,414534.65
269211,386400.0
269212,386400.0
269213,608810.1
269214,1188835.5
269215,411808.8
269216,347290.19
269217,1106069.47
269218,1131533.69
269219,776717.7
269220,1345371.5
269221,953604.0
269222,1078472.04
269223,548005.79
269224,548005.79
269225,374739.3
269226,977579.33
269227,848181.24
269228,1050829.99
269229,951945.08
269230,308548.9
269231,645339.52
269232,1106043.8
269233,408272.0
269234,386593.64
269235,353927.81
269236,321364.92
269237,242419.45
269238,459535.0
269239,602536.32
269240,420517.57023809524
269241,441260.0
269242,563698.48
269243,1179547.4899999998
269244,419678.42
269245,415937.5
269246,393918.21666666673
269247,411436.6266666667
269248,391090.00000000006
269249,438878.95
269250,441564.95
269251,461655.55
269252,497841.0
269253,655740.0
269254,661350.0
269255,879226.4866666667
269256,708674.98
269257,949207.4166666665
269258,395060.8333333334
269259,625088.5
269260,413891.805
269261,504340.0
269262,273712.6
269263,352241.41
269264,1214797.7566666668
269265,415509.68666666665
269266,592531.8
269267,2315853.28
269268,412217.02
269269,941851.29
269270,765164.79
269271,529157.2999999999
269272,366634.0
269273,872362.7
269274,635256.4906666667
269275,366590.32
269276,367626.19
269277,495677.08
269278,364935.9166666666
269279,535644.42
269280,430127.47
269281,608320.45
269282,639822.04
269283,609076.57
269284,606326.7433333334
269285,490618.11
269286,779097.76
269287,2150041.64
269288,944202.33
269289,439789.5
269290,346419.96
269291,777589.45
269292,918136.54
269293,609690.425
269294,788325.2
269295,494075.25
269296,962679.21
269297,955776.64
269298,779994.47
269299,723373.2071428571
269300,564570.0
269301,829693.64
269302,529280.0
269303,512951.38
269304,678856.1807251461
269305,858784.55
269306,891499.4285714286
269307,600089.78
269308,682387.505
269309,3246548.0
269310,914876.95
269311,582299.05
269312,630609.5
269313,1613793.31
269314,1225532.9233333333
269315,1745699.27
269316,1560799.04
269317,849483.88
269318,852645.0
269319,556403.2733333333
269320,830725.0
269321,441220.126
269322,541339.4866666667
269323,792773.5957777777
269324,292777.15
269325,257622.97619047618
269326,519602.06666666665
269327,569042.95
269328,366220.83
269329,449023.84
269330,570251.33
269331,693753.73
269332,529533.9
269333,695714.36
269334,511136.07
269335,1191668.86
269336,738934.79
269337,852475.65
269338,1170068.33
269339,687901.6666666667
269340,1063894.5
269341,533523.84
269342,401154.49
269343,607058.45
269344,608918.3483333334
269345,1757950.0
269346,403189.27
269347,474971.91
269348,3876327.5
269349,961880.63
269350,1732018.5
269351,996838.245
269352,2310087.61
269353,556355.5
269354,396245.0
269355,1837604.8
269356,2075835.0
269357,587674.37
269358,2338863.31
269359,852878.3266666667
269360,386017.12762445887
269361,1304438.0
269362,1188145.81
269363,1674738.0
269364,2265351.0
269365,1649280.0
269366,579290.26
269367,510837.49
269368,899062.47
269369,1403899.285333333
269370,350298.44
269371,1362584.9
269372,2714780.36
269373,474841.65
269374,505447.05
269375,373320.95399999997
269376,524371.9833333333
269377,575862.5
269378,536334.0
269379,652225.1
269380,624198.0
269381,358400.0
269382,404208.48
269383,798057.5
269384,422001.19
269385,560686.0
269386,733296.46
269387,693099.8
269388,745645.81
269389,641606.0
269390,699811.46
269391,269972.0
269392,638543.12
269393,626432.63
269394,2627561.86
269395,313529.32333333336
269396,190664.5
269397,504198.91
269398,370950.66
269399,688756.29
269400,379757.62
269401,621635.0
269402,1344016.45
269403,731890.66
269404,561392.36
269405,2929289.99
269406,590564.0
269407,436386.0
269408,575089.99
269409,350770.71
269410,386594.53
269411,375984.69
269412,515413.99
269413,521058.4
269414,371273.75
269415,388807.68
269416,277247.5
269417,548726.3833333333
269418,506289.07
269419,441444.59
269420,1047290.98
269421,667984.98
269422,488242.4761904762
269423,457325.3333333334
269424,611774.85
269425,715442.32
269426,414131.58
269427,549925.4
269428,373314.23
269429,818442.54
269430,687656.54
269431,660340.5
269432,561418.88
269433,372655.0
269434,628591.5
269435,1047380.0
269436,915829.5
269437,811575.0
269438,763281.2833333334
269439,359960.0
269440,475075.0
269441,534944.0
269442,503164.5
269443,774185.48
269444,1047618.5
269445,508530.68000000005
269446,368122.06
269447,365302.5
269448,451730.0
269449,1027500.98
269450,638720.1
269451,689522.11
269452,716096.6966666665
269453,867483.55
269454,466280.0
269455,1033154.51
269456,677817.5916666666
269457,716880.0
269458,1055485.0
269459,729943.6
269460,414741.74
269461,668001.52
269462,275375.0
269463,265481.74
269464,1049285.0
269465,509519.34
269466,397838.23333333334
269467,372966.78857142857
269468,281878.04
269469,1985268.3
269470,555072.5
269471,581669.78
269472,443301.09
269473,1727833.44
269474,515082.93
269475,1379870.0
269476,492163.08
269477,1390780.2
269478,569499.38
269479,449702.5
269480,514083.59
269481,452199.31
269482,390644.915
269483,689086.0
269484,349681.5
269485,584334.94
269486,419463.08
269487,722004.5
269488,499073.23
269489,428982.21
269490,681725.0
269491,464955.74
269492,398180.14285714284
269493,402885.26
269494,663854.1
269495,289443.00000000006
269496,613159.5
269497,516458.19
269498,607083.3333333333
269499,406900.0
269500,672373.48
269501,538552.5
269502,408835.0
269503,307540.8
269504,504053.3333333334
269505,632676.7333333333
269506,463249.4333333333
269507,370349.1833333333
269508,412575.84
269509,492463.27
269510,575364.9047619047
269511,206382.22
269512,209025.0
269513,289202.97
269514,223613.3333333333
269515,448305.0
269516,302930.23
269517,441973.1666666666
269518,334524.0
269519,401458.33333333326
269520,423865.0
269521,363679.9
269522,415045.0
269523,451850.0
269524,225907.5
269525,351499.5
269526,283067.5
269527,246265.0
269528,1729072.0
269529,1427134.0
269530,1066921.92
269531,417257.5
269532,422496.5
269533,2001198.95
269534,715663.3333333335
269535,2561498.0
269536,473254.54
269537,751142.8533333333
269538,776719.0
269539,1206922.93
269540,6941460.0
269541,1466022.0
269542,1376933.5
269543,840005.0
269544,373700.46
269545,1501965.0
269546,347814.4863636364
269547,1486533.2766666668
269548,668206.99
269549,416660.22666666674
269550,3010925.0
269551,572333.52
269552,426470.0
269553,8850007.76
269554,3048214.65
269555,14801900.0
269556,5825900.0
269557,9684060.0
269558,8085609.958
269559,5953845.0
269560,5555290.0
269561,435586.9
269562,340890.3
269563,426777.26
269564,1049941.3333333333
269565,386210.5
269566,1016176.27
269567,450558.68
269568,1651560.68
269569,816868.57
269570,470807.0
269571,288969.5
269572,308410.94
269573,289551.53
ID,price
269574,596730.6666666666
269575,1251835.0
269576,1123325.67
269577,444292.68
269578,1050786.4
269579,1017594.0
269580,996501.0
269581,996905.0
269582,306373.3
269583,852387.45
269584,1049265.0
269585,450691.139047619
269586,212865.0
269587,709565.46
269588,396084.0
269589,320414.9
269590,536893.4
269591,579412.7
269592,641839.0
269593,727153.05
269594,659049.5
269595,333968.25
269596,583192.64
269597,563922.0933333334
269598,294833.48
269599,424371.5
269600,395415.2
269601,502184.02
269602,592488.0
269603,548670.1
269604,591477.9
269605,359187.55
269606,631672.5
269607,1246200.0
269608,816035.28
269609,310494.2
269610,663240.0
269611,456515.18
269612,748434.87
269613,326712.43
269614,401815.0
269615,388979.685
269616,1304725.14
269617,555507.5
269618,804391.99
269619,411238.41
269620,884069.99
269621,608622.5
269622,1221550.0
269623,699214.77
269624,446264.75
269625,830394.99
269626,779033.3
269627,803245.0
269628,671750.5
269629,819125.0
269630,554077.0
269631,855823.29
269632,8617943.36
269633,294738.22
269634,947322.0
269635,555320.5
269636,634422.75
269637,561629.71
269638,768716.5
269639,701108.2
269640,662049.9
269641,990280.0
269642,736080.7514285713
269643,501294.6985714286
269644,726320.34
269645,476359.98333333334
269646,309396.5
269647,734907.5
269648,378485.01
269649,494259.542
269650,718767.5
269651,693720.25
269652,365743.51
269653,574331.33
269654,456709.1575
269655,388123.47333333327
269656,587954.4666666667
269657,478948.0
269658,906331.88
269659,497103.03
269660,658410.5
269661,438369.94
269662,617054.4133333333
269663,545639.0
269664,378116.655
269665,870523.68
269666,915203.33
269667,761566.9
269668,496490.08
269669,382874.5
269670,431145.0
269671,2611149.5
269672,772118.94
269673,608652.06
269674,781607.12
269675,1051525.0
269676,764874.5
269677,2636737.5
269678,583942.5
269679,2022655.0
269680,1211775.47
269681,611540.0
269682,530330.69
269683,615330.8128571429
269684,1232463.3333333333
269685,1188326.56
269686,917852.55
269687,412012.27
269688,529575.0
269689,635213.36
269690,646859.92
269691,814655.0
269692,508075.0415555556
269693,1540408.53
269694,472679.5
269695,401895.0
269696,465094.0
269697,699493.5
269698,1784007.5
269699,1125737.0
269700,1163622.6
269701,1490550.8
269702,1529953.0
269703,454674.1666666666
269704,1421670.0
269705,1634763.7
269706,421676.0
269707,466643.5
269708,386854.43
269709,339164.42
269710,415817.1
269711,490341.98961904756
269712,504696.53428571427
269713,438897.3734999999
269714,241385.0
269715,171506.89333333337
269716,333130.0
269717,256486.33333333337
269718,375622.0
269719,351880.0
269720,381198.28
269721,420501.75
269722,456850.5
269723,420964.75
269724,430302.9
269725,339410.0
269726,404823.5
269727,442104.5
269728,419519.5
269729,244971.6666666667
269730,212290.0
269731,1235403.69
269732,1647778.42
269733,2311635.0
269734,559582.7
269735,910385.0
269736,1015807.72
269737,10204244.0
269738,3024685.21
269739,5670545.333333332
269740,1232740.73
269741,1544212.85
269742,6717310.0
269743,538299.64
269744,1366873.54
269745,1041637.17
269746,620787.26
269747,1368606.45
269748,1123171.34
269749,368610.14
269750,481744.39
269751,971663.36
269752,2534650.0
269753,277157.95
269754,1039691.49
269755,520647.64
269756,405433.02
269757,1022668.97
269758,257768.0
269759,1216097.82
269760,1097429.5
269761,200718.29
269762,328625.74666666664
269763,572784.06
269764,980174.17
269765,585606.42
269766,431636.18
269767,1812688.5
269768,461473.99
269769,2380500.0
269770,1316676.43
269771,588431.4
269772,1237861.65
269773,664359.1
269774,414234.24516666663
269775,1786009.5
269776,800825.0
269777,1238634.0
269778,843060.0
269779,641532.0
269780,577592.5
269781,370004.45
269782,370004.45
269783,668689.95
269784,675787.44
269785,372375.0
269786,1044111.0
269787,1038160.35
269788,1110885.31
269789,1126759.44
269790,743769.92
269791,3129380.55
269792,1106785.0
269793,559482.75
269794,1566382.5
269795,2359112.6
269796,761577.63
269797,327150.0333333334
269798,574988.88
269799,595961.51
269800,402388.65
269801,557034.97
269802,496011.66
269803,210588.19
269804,1271120.0
269805,290933.0
269806,962909.12
269807,713920.67
269808,797985.1
269809,719802.86
269810,1307285.92
269811,521873.52
269812,350241.88
269813,380081.94
269814,883300.1
269815,297415.24
269816,642154.0812229436
269817,339629.5
269818,3370601.12
269819,992139.25
269820,1230583.38
269821,2964934.5
269822,443975.4866666667
269823,1220723.4
269824,3115509.4
269825,4902406.4
269826,1365634.5
269827,1702147.36
269828,441109.5066666667
269829,625988.28
269830,1396749.87
269831,1278192.01
269832,1058985.38
269833,1242765.8
269834,2286070.0
269835,1129332.4
269836,622570.0
269837,506092.7
269838,807733.32
269839,539924.25
269840,832044.49
269841,608272.57
269842,531618.83
269843,946522.37
269844,998710.11
269845,975854.5
269846,861110.0
269847,743590.3
269848,391380.66
269849,961384.96
269850,521887.0
269851,729356.1733333335
269852,1807470.0
269853,1153419.9
269854,1306810.2
269855,1933123.6666666665
269856,874550.5
269857,541155.35
269858,441242.42
269859,1397085.8
269860,706199.5
269861,357848.74
269862,580433.01
269863,2683162.8
269864,1842331.4
269865,438822.73
269866,712666.73
269867,623681.26
269868,833405.0
269869,868182.0625
269870,451911.6
269871,544116.19
269872,544779.2
269873,386443.33333333326
269874,1259978.33
269875,703366.8
269876,379119.1666666666
269877,1332267.1
269878,508778.8
269879,853286.85
269880,1392950.0
269881,619159.9
269882,782573.74
269883,742530.1766666668
269884,530909.5
269885,833375.0
269886,501797.1133333333
269887,711795.83
269888,485939.8
269889,903103.005
269890,626850.18
269891,716182.78
269892,746774.0742857143
269893,986593.0
269894,690880.5
269895,670285.15
269896,283670.7833333334
269897,409702.0766666667
269898,359678.9333333333
269899,374571.37650793657
269900,2342290.98
269901,1439200.0
269902,328666.5233333333
269903,1222941.38
269904,319460.2
269905,345733.5
269906,2040259.72
269907,872203.01
269908,7450621.82
269909,451106.1966666667
269910,427950.27
269911,9572180.0
269912,2525960.0
269913,3110265.0
269914,916720.0
269915,642854.49
269916,3856547.5
269917,407119.5
269918,505840.5
269919,1659664.55
269920,5141347.0
269921,9634033.08
269922,1465757.0
269923,1505268.55
269924,2232740.87
269925,362249.73444444453
269926,364715.94
269927,495136.54
269928,602635.25
269929,248471.5
269930,685051.7
269931,447685.87
269932,462517.595
269933,462878.535
269934,356848.4
269935,298689.94
269936,243488.0
269937,250646.5
269938,417571.7
269939,390199.62371212116
269940,423635.6
269941,541579.03
269942,479199.5
269943,481692.8233333333
269944,474412.2
269945,531590.0
269946,469422.14
269947,314076.28
269948,422247.27
269949,273039.0
269950,529375.88
269951,539627.63
269952,509997.33
269953,453223.64
269954,413060.21
269955,674770.0
269956,523952.63
269957,495360.73
269958,398502.35
269959,400850.5
269960,358012.85
269961,394907.8
269962,889170.8258333334
269963,775887.115
269964,400212.9666666666
269965,764273.2033333333
269966,860472.2166666666
269967,551216.0
269968,351386.0
269969,996790.4141666667
269970,1034241.1633333334
269971,682014.7933333335
269972,744278.3570238097
269973,634404.58
269974,663540.6
269975,471617.63333333336
269976,436037.08
269977,815143.27
269978,1177978.5
269979,576310.5
269980,469091.5
269981,354063.0
269982,488203.95
269983,849259.8091666667
269984,400985.25
269985,542963.5
269986,319044.7
269987,1073869.4428571428
269988,570439.29
269989,636007.7383333334
269990,1212014.0
269991,502349.97
269992,559118.45
269993,239300.5
269994,309606.15
269995,1142464.0
269996,652677.73
269997,1211804.5633333335
269998,434151.695
269999,736545.0
270000,856572.91
270001,635606.475
270002,903574.47
270003,393200.6933333333
270004,595620.8
270005,374974.01
270006,443124.33
270007,420046.66
270008,330284.65
270009,387055.66
270010,465920.0
270011,402834.44166666665
270012,502796.95
270013,548645.0
270014,667338.57
270015,342779.1
270016,429671.04
270017,652873.39
270018,445176.07
270019,864246.83
270020,441732.4
270021,615740.02
270022,788748.185
270023,1084660.3175
270024,417912.34
270025,856646.66
270026,528957.32
270027,720203.36
270028,638970.28
270029,467712.78
270030,1166197.3166666667
270031,282035.0
270032,361198.16
270033,491709.13
270034,378839.9333333333
270035,406414.81
270036,494336.5
270037,484780.0
270038,839667.49
270039,416890.0
270040,570255.74
270041,569751.55
270042,613239.3333333334
270043,508342.76333333337
270044,904267.47
270045,1347504.5
270046,407021.6666666666
270047,495641.51
270048,856150.13
270049,718945.7
270050,346384.1214285714
270051,690361.0666666668
270052,512006.85333333333
270053,726599.0
270054,657486.0
270055,1020784.13
270056,355675.1
270057,249915.8
270058,743302.5
270059,1075218.97
270060,837875.14
270061,264140.23
270062,280062.8
270063,384365.40333333326
270064,433546.0
270065,288530.17
270066,404212.35833333334
270067,323599.0
270068,16285183.22
270069,373972.0
270070,498378.17
270071,361967.13
270072,222024.4
270073,713816.55
270074,256965.00000000003
270075,477853.46
270076,436367.5
270077,468207.3333333334
270078,1543561.7
270079,338708.65
270080,438200.69666666666
270081,440268.8333333334
270082,1394257.55
270083,1295829.0
270084,263186.0
270085,375048.14
270086,263207.5
270087,335736.1416666667
270088,401230.5
270089,393289.74
270090,398945.5366666666
270091,443915.0
270092,1029976.1
270093,815147.7
270094,373124.5
270095,993466.74
270096,469967.87
270097,495394.34666666674
270098,941990.48
270099,781476.43
270100,780295.96
270101,458304.28
270102,322400.7
270103,898278.79
270104,301284.2
270105,540545.9
270106,640622.8366666667
270107,1288331.07
270108,659679.79
270109,761251.1666666665
270110,553082.2
270111,1012695.14
270112,992200.0
270113,1000776.09
270114,970811.17
270115,682072.2666666667
270116,336030.0
270117,498875.3
270118,461780.5
270119,412072.35
270120,377046.5
270121,512129.9
270122,443527.4
270123,700627.13
270124,707180.0
270125,681690.8808333332
270126,572084.3
270127,260549.45
270128,402255.15
270129,598341.88
270130,336520.53666666674
270131,681174.1666666667
270132,275522.5
270133,876983.5566666665
270134,395120.0
270135,744551.5
270136,567913.68
270137,824454.1925
270138,333207.63
270139,826819.86
270140,424997.72
270141,555247.5
270142,469363.47
270143,469363.47
270144,548228.69
270145,669175.0
270146,636745.44
270147,811673.94
270148,426272.4133333333
270149,494757.0
270150,1007864.13
270151,611317.6173076923
270152,350094.7
270153,591775.61
270154,469494.2
270155,477648.25
270156,589734.0
270157,297110.0
270158,1211512.8
270159,871142.0233333334
270160,326521.9
270161,462565.0
270162,467933.49
270163,465165.0
270164,439240.98333333334
270165,495660.1
270166,375628.01
270167,560412.6
270168,440077.55
270169,372627.35
270170,444171.9
270171,332705.5
270172,364687.25
270173,523212.6
270174,314744.8
270175,445365.14
270176,317192.3
270177,488520.75
270178,325835.4542857143
270179,402972.1666666666
270180,325865.36
270181,301633.7
270182,297873.19
270183,393215.125
270184,393215.125
270185,336555.24
270186,351573.2
270187,303914.0
270188,271344.70666666667
270189,333543.0
270190,2434018.78
270191,360460.01
270192,396265.05
270193,338038.6
270194,752942.76
270195,269011.04000000004
270196,341898.2
270197,460736.3
270198,290691.68
270199,298350.0
270200,742705.74
270201,795027.69
270202,540354.85
270203,499082.2
270204,779518.16
270205,393701.65
270206,278636.6666666666
270207,369607.95
270208,375248.45
270209,502120.0
270210,541166.24
270211,300872.4
270212,396130.0
270213,311846.0
270214,385614.84
270215,525255.0
270216,422896.4166666666
270217,403064.99
270218,418396.86666666664
270219,409854.9
270220,347316.0
270221,407610.0
270222,456094.9
270223,355782.0
ID,price
270228,555301.74
270229,282759.5
270230,201342.82
270231,627206.27
270232,331375.0
270233,295226.04
270234,535800.01
270235,246554.76
270236,565151.56
270237,301028.5
270238,276855.05
270239,390208.78
270240,238465.0
270241,308095.0
270242,411567.3
270243,313697.46
270244,407649.16
270245,407694.36
270246,366650.2
270247,576189.85
270248,404398.5
270249,396491.5
270250,306212.0
270251,423530.0
270252,485923.46
270253,583466.39
270254,746128.28
270255,715780.5
270256,336476.3
270257,496530.5
270258,831708.21
270259,658870.5633333334
270260,644511.44
270261,1847397.82
270262,1103026.81
270263,1062302.84
270264,1201166.2
270265,1400026.17
270266,1482900.76
270267,518502.5
270268,613565.15
270269,1782857.93
270270,716361.1
270271,536755.0
270272,337570.9
270273,444266.52
270274,765598.8333333335
270275,402979.3
270276,387611.0
270277,376711.0
270278,326514.0
270279,990396.1
270280,862215.05
270281,258484.65
270282,390143.72
270283,259987.3
270284,521229.6
270285,434683.68
270286,362033.8
270287,472767.5
270288,1424435.32
270289,721196.09
270290,299516.0
270291,420599.11333333334
270292,440974.21
270293,829750.32
270294,293532.0
270295,305684.1666666667
270296,389435.0
270297,614045.83
270298,581108.84
270299,279522.73
270300,319917.3
270301,401996.89
270302,284259.0
270303,510770.0
270304,447847.01
270305,866880.2833333333
270306,1568153.78
270307,534124.5
270308,1162254.51
270309,1142893.58
270310,535339.84
270311,4952870.4
270312,446117.0
270313,273975.0
270314,413751.0
270315,317456.77
270316,1026561.32
270317,327503.85
270318,438691.12
270319,556770.0
270320,589573.0
270321,458839.95
270322,258824.95
270323,463331.55
270324,575311.4
270325,354382.52
270326,446889.68
270327,226203.0
270328,598499.35
270329,254545.0
270330,266032.66
270331,391601.34
270332,1007256.5
270333,407384.25
270334,519453.0
270335,414543.3
270336,611554.24
270337,790978.0
270338,531172.84
270339,368824.9
270340,997073.0
270341,322931.04
270342,250560.8
270343,398967.6
270344,341313.28
270345,303858.9633333334
270346,240165.01
270347,292703.6
270348,285287.73
270349,333167.6
270350,762763.75
270351,762763.75
270352,852186.08
270353,509745.44
270354,449093.83
270355,447656.0
270356,552712.5
270357,534467.71
270358,342265.0
270359,751141.04
270360,433218.5
270361,900680.0
270362,672640.0
270363,344344.21
270364,324959.85
270365,320671.85
270366,609664.99
270367,362621.06
270368,617724.225
270369,433304.5
270370,1072746.0
270371,408454.45
270372,520850.0
270373,561505.0
270374,622514.99
270375,721050.0
270376,466090.0
270377,713604.5
270378,1815346.83
270379,876555.0
270380,323316.5
270381,1707608.0
270382,729193.43
270383,1686790.25
270384,672001.0
270385,478401.62
270386,800309.7
270387,358290.0
270388,982838.0
270389,553138.015
270390,563896.0
270391,397555.1833333333
270392,341615.9
270393,470945.2
270394,467110.72
270395,404018.48
270396,476770.0
270397,495237.5
270398,542514.36
270399,528087.84
270400,913708.0
270401,615185.8
270402,507873.98
270403,403594.17
270404,419734.45
270405,1070968.0
270406,497750.04
270407,628502.0
270408,1180321.51
270409,405510.775
270410,677264.92
270411,560133.47
270412,421026.68
270413,283561.0
270414,957910.01
270415,430611.61
270416,442358.0
270417,591850.22
270418,451889.01666666666
270419,378554.84
270420,653065.95
270421,364306.75
270422,394234.23
270423,406538.63
270424,459863.69
270425,661861.73
270426,359852.19
270427,354924.5
270428,464188.54
270429,2079645.08
270430,980175.93
270431,511332.89
270432,488384.66
270433,601381.6
270434,513019.0
270435,424084.41
270436,410042.40666666673
270437,438333.25666666665
270438,1314117.41
270439,218460.66
270440,369831.27
270441,274996.65
270442,418019.75
270443,588709.4
270444,248860.46
270445,625770.8
270446,408378.66
270447,282901.63666666666
270448,248780.0
270449,366991.0
270450,246276.92666666664
270451,296160.66
270452,319857.1666666667
270453,487512.83
270454,544697.4766666667
270455,602659.4
270456,506163.8666666667
270457,412667.01
270458,330745.7
270459,172047.68
270460,257452.99666666664
270461,312193.85333333333
270462,372432.0
270463,356475.0
270464,517856.16666666674
270465,306397.72
270466,224812.0
270467,391187.41666666674
270468,273851.75
270469,416884.3333333334
270470,443907.74833333335
270471,271741.6666666666
270472,422200.8
270473,687253.55
270474,410370.01666666666
270475,3303370.55
270476,345957.03
270477,434209.58
270478,214726.85
270479,466865.55
270480,490330.95
270481,485393.22
270482,759164.14
270483,265217.5
270484,460278.91333333333
270485,726871.21
270486,247261.5
270487,656758.95
270488,385907.5
270489,742721.19
270490,493677.5
270491,566109.99
270492,327143.6333333333
270493,320150.0
270494,385856.84
270495,357020.0
270496,577309.66
270497,417447.96666666673
270498,439789.45
270499,424595.0
270500,655628.6466666666
270501,277447.0
270502,406068.81
270503,539685.0
270504,449316.42666666664
270505,398304.38333333336
270506,503627.75
270507,588664.0
270508,360441.42
270509,306223.0
270510,355172.5
270511,512237.5
270512,397714.5833333334
270513,504332.85
270514,392753.45
270515,459017.5
270516,380504.95
270517,511290.0
270518,413404.0
270519,524720.8666666667
270520,732086.4466666665
270521,537195.28
270522,372287.74
270523,498884.5
270524,535438.2
270525,226892.1
270526,450201.0
270527,313072.78
270528,168985.0
270529,275824.56666666665
270530,521215.26
270531,2754137.0
270532,695260.34
270533,6470225.01
270534,4266549.0
270535,848590.25
270536,1051797.3333333335
270537,2227170.55
270538,715154.5
270539,872907.0
270540,943859.42
270541,945059.8
270542,353231.31
270543,684307.0
270544,1203994.61
270545,4899924.97
270546,552409.5
270547,1590755.92
270548,612605.61
270549,2521655.0
270550,2029807.59
270551,529874.58
270552,1185875.3233333335
270553,658736.9
270554,705714.38
270555,1965807.15
270556,1085496.25
270557,1349207.5
270558,767984.7666666666
270559,1198927.56
270560,1742747.56
270561,1189231.96
270562,612010.38
270563,542867.07
270564,740477.5
270565,1331958.0
270566,2822700.0
270567,1142779.23
270568,1317720.0
270569,2010084.43
270570,547668.5066666666
270571,1624981.09
270572,718889.17
270573,1959800.83
270574,1210674.77
270575,514744.83
270576,1436301.41
270577,1456936.92
270578,1333703.06
270579,1665598.366666667
270580,525306.84
270581,785915.18
270582,408210.02
270583,437217.31
270584,1283305.88
270585,837455.3333333335
270586,399009.0
270587,692558.4
270588,738429.42
270589,1425083.53
270590,880178.29
270591,2874525.86
270592,871707.2
270593,398128.78
270594,1015140.3
270595,1262346.88
270596,825752.5
270597,1150493.9683333333
270598,820980.0
270599,649661.08
270600,731078.66
270601,1661728.24
270602,1209025.25
270603,472564.88
270604,1156362.4
270605,534296.81
270606,1036272.5
270607,408875.0
270608,642218.21
270609,712725.16
270610,2057925.0
270611,583731.5
270612,1237058.49
270613,656500.0
270614,1169177.84
270615,548463.98
270616,535179.24
270617,472063.64
270618,1682181.54
270619,1724597.68
270620,1770211.56
270621,507045.5
270622,1182471.01
270623,2501415.0
270624,782495.0
270625,1298192.99
270626,1306435.27
270627,865058.88
270628,520493.5
270629,1346275.0
270630,808327.77
270631,1387351.8
270632,608679.04
270633,866984.49
270634,804969.4
270635,999428.0
270636,941853.88
270637,429763.5
270638,529686.62
270639,815653.0
270640,518685.0
270641,715133.75
270642,545186.5
270643,396245.74
270644,559564.96
270645,1282161.11
270646,485830.0
270647,505063.49
270648,526743.52
270649,533865.0
270650,425829.3
270651,1205114.4366666668
270652,567050.0
270653,1187613.68
270654,1044834.99
270655,372232.57
270656,376640.0
270657,5453066.2
270658,877849.0136363636
270659,928411.39
270660,779845.62
270661,632619.5
270662,470682.5
270663,495760.0
270664,386171.68
270665,468963.61
270666,657998.0
270667,1442693.73
270668,274864.26
270669,492847.45
270670,542429.7
270671,538285.0
270672,249257.44
270673,578456.18
270674,320562.5
270675,391077.4
270676,526262.0
270677,1679542.55
270678,1251807.4966666668
270679,1188904.0366666666
270680,620442.5
270681,724043.72
270682,786650.0
270683,706335.94
270684,622360.35
270685,364500.51
270686,867720.0
270687,417374.1833333333
270688,624458.25
270689,416827.5
270690,646196.0
270691,389220.0
270692,566798.04
270693,345612.0
270694,432607.0
270695,228375.0
270696,562606.27
270697,430768.5
270698,1467396.33
270699,1224294.9
270700,341843.44
270701,670392.84
270702,545750.45
270703,547925.28
270704,547925.28
270705,658648.1
270706,412990.0
270707,719184.69
270708,300350.0
270709,365657.46
270710,705840.0
270711,1743445.04
270712,284353.64
270713,274546.9
270714,518110.65
270715,436063.18
270716,506406.96
270717,426277.68
270718,445724.93
270719,562041.22
270720,288684.2
270721,581580.0
270722,298275.6
270723,1037335.33
270724,414275.5
270725,545426.58
270726,431556.0
270727,250969.54
270728,300060.69
270729,551946.48
270730,446268.75
270731,472167.42
270732,795774.5
270733,272015.0
270734,185170.0
270735,545366.35
270736,1255351.58
270737,486214.37
270738,491909.13
270739,487469.13
270740,447195.83333333326
270741,848100.0
270742,507574.72
270743,961270.34
270744,370569.54
270745,400301.2
270746,629216.06
270747,765790.16
270748,810478.34
270749,520307.94333333336
270750,570946.09
270751,1043061.03
270752,1349486.61
270753,703918.0
270754,932631.5
270755,713169.88
270756,700839.0
270757,429801.0
270758,1765823.5
270759,511024.63
270760,425248.6666666666
270761,1958022.5
270762,1043422.56
270763,443962.77
270764,418898.0
270765,2513160.0
270766,583703.0533333333
270767,395820.0
270768,705920.45
270769,401772.9
270770,421767.66
270771,473329.66333333333
270772,407915.44
270773,648415.62
270774,461021.98
270775,304268.5
270776,369524.27
270777,909405.84
270778,1084015.12
270779,1088626.4
270780,1437425.04
270781,800843.18
270782,540131.27
270783,434371.32
270784,1649653.16
270785,1103229.56
270786,460623.25
270787,413708.35
270788,1112083.88
270789,1270585.78
270790,501140.75
270791,1488982.04
270792,1160320.52
270793,763654.4
270794,1502167.4
270795,1246430.9
270796,984985.92
270797,470913.3
270798,476170.25
270799,460144.32
270800,669571.1
270801,2118387.5
270802,1511910.07
270803,366864.25
270804,588214.35
270805,401488.38
270806,516170.6
270807,1120290.61
270808,1100412.6
270809,3783986.56
270810,813770.0
270811,347902.5
270812,1331553.87
270813,1186290.77
270814,340221.09
270815,1489524.82
270816,449862.88
270817,443757.07
270818,447984.4
270819,374780.02
270820,421624.2466666667
270821,454547.725
270822,658613.95
270823,523649.2
270824,787516.2
270825,1157435.12
270826,402647.52
270827,463960.0
270828,1086641.31
270829,519225.4
270830,712692.47
270831,1377795.25
270832,1446060.0
270833,3590308.88
270834,750935.8
270835,936646.96
270836,510241.5
270837,1080371.83
270838,874826.78
270839,1089723.64
270840,615141.31
270841,1844917.4470021643
270842,432655.0
270843,836570.5
270844,446555.13
270845,490190.0
270846,863124.26
270847,330422.81
270848,515624.5
270849,472435.6
270850,643017.16
270851,561975.0
270852,336085.75
270853,1918060.1
270854,349991.6
270855,560765.72
270856,965197.5
270857,1113666.0
270858,695624.89
270859,1231874.31
270860,1205121.0
270861,651462.0
270862,651899.0
270863,334467.5
270864,1615719.8
270865,484200.81
270866,590518.5
270867,887104.14
270868,900114.33
270869,477011.0
270870,722434.75
270871,344871.27
270872,1601536.5
270873,397566.07
ID,price
270874,667862.0
270875,1170624.5
270876,2053289.37
270877,864640.0
270878,2539353.15
270879,746232.2
270880,379032.25
270881,388470.0
270882,5151618.75
270883,296061.02
270884,290779.75
270885,3901950.27
270886,7187238.96
270887,2731763.05
270888,1156559.5
270889,732347.0
270890,384638.25
270891,638434.53
270892,1712802.0
270893,1506175.15
270894,475804.17
270895,566407.5
270896,597874.2
270897,403169.0
270898,598455.43
270899,3168294.09
270900,2416037.0
270901,397433.88
270902,1364244.58
270903,556636.73
270904,554304.91
270905,2550670.34
270906,3895106.0
270907,3902886.0
270908,11026858.98
270909,1070378.49
270910,3690080.14
270911,8538568.43
270912,3086037.21
270913,6242433.51
270914,5830697.0
270915,1614782.75
270916,1754194.25
270917,738362.34
270918,360541.4
270919,417424.54
270920,482627.6
270921,1059098.42
270922,744272.22
270923,813588.03
270924,503682.23
270925,647067.5
270926,480226.0
270927,618174.49
270928,1343046.55
270929,545650.8
270930,953603.88
270931,1521715.0
270932,428616.09
270933,536194.99
270934,348236.69
270935,280600.0
270936,790583.5
270937,354727.19
270938,336228.23
270939,260237.6
270940,1146868.78
270941,406773.89
270942,565459.2
270943,450015.05
270944,555895.0
270945,282886.5
270946,371448.91
270947,343843.34
270948,624217.19
270949,318752.5
270950,449854.97
270951,509306.0
270952,509306.0
270953,522595.43
270954,573351.97
270955,614152.3066666666
270956,406557.36
270957,566061.0
270958,960514.41
270959,365003.03
270960,486582.48
270961,472460.93333333335
270962,303125.0
270963,844465.0
270964,348175.0
270965,719685.0
270966,892760.0
270967,838405.0
270968,223610.0
270969,1242603.8
270970,736040.0
270971,1364852.4
270972,1061070.0
270973,667062.32
270974,857928.96
270975,1170876.2
270976,4463662.5
270977,325520.0
270978,640114.96
270979,1160371.36
270980,2444567.65
270981,411334.5
270982,502622.37
270983,1152225.0
270984,1211737.0
270985,1520267.5
270986,913560.52
270987,928977.1
270988,1983400.05
270989,722100.0
270990,910064.27
270991,2557144.0
270992,7433945.79
270993,2739396.14
270994,1489071.4533333334
270995,1030256.49
270996,1718174.86
270997,1512969.48
270998,625946.0
270999,786405.0
271000,1432896.48
271001,3538543.05
271002,1514035.64
271003,1725461.23
271004,1045960.0
271005,626173.0
271006,943168.44
271007,666928.61
271008,1618220.9566666668
271009,1090431.9
271010,1524002.0
271011,459975.24
271012,2223849.0
271013,468246.25
271014,808375.21
271015,453784.95
271016,637434.99
271017,485405.01
271018,400561.0
271019,2960017.68
271020,436804.5
271021,493090.96
271022,695597.33
271023,363255.0
271024,983262.5
271025,515862.88
271026,727474.78
271027,1979560.0
271028,1096085.0
271029,1198505.34
271030,986899.5
271031,510710.0
271032,3070720.0
271033,4435932.0
271034,3291690.0
271035,840724.8
271036,476176.03
271037,673564.5
271038,3780773.16
271039,2556985.0
271040,1062631.51
271041,1665338.88
271042,1737850.39
271043,678794.0
271044,1757378.0
271045,1568050.0
271046,1595939.91
271047,1539507.27
271048,863795.3
271049,1018234.83
271050,803342.0
271051,864675.9
271052,641458.37
271053,627268.5
271054,1636401.96
271055,574064.9583333334
271056,11588770.0
271057,1568292.0
271058,426845.7
271059,433560.7
271060,2635940.0
271061,720300.0
271062,734097.0
271063,604012.01
271064,630759.23
271065,513995.81
271066,457150.79
271067,837469.9133333334
271068,407040.52
271069,995041.15
271070,1194660.54
271071,428624.74
271072,1216173.3333333335
271073,1216173.3333333335
271074,1041446.0
271075,1179760.6666666667
271076,1179760.6666666667
271077,1179760.6666666667
271078,1179760.6666666667
271079,1179760.6666666667
271080,1179760.6666666667
271081,6579707.8
271082,1260194.85
271083,2228675.0
271084,2445364.53
271085,3265146.87
271086,5752038.03
271087,1608764.0
271088,2408849.0
271089,687370.15
271090,687370.15
271091,628548.0833333333
271092,555696.87
271093,524046.5
271094,470230.97
271095,410184.73
271096,368080.73
271097,693573.81
271098,372417.4
271099,1272921.49
271100,629704.76
271101,373699.24666666664
271102,380219.75
271103,520653.9
271104,852172.48
271105,442198.31
271106,500559.83
271107,615271.3266666667
271108,526718.84
271109,560784.14
271110,349845.5
271111,595688.17
271112,1101576.53
271113,490312.75
271114,579227.5
271115,477147.2
271116,1081872.21
271117,392384.7
271118,531003.05
271119,386157.99
271120,283144.95
271121,496566.5
271122,498153.75
271123,459356.5
271124,513278.5
271125,518449.5
271126,452470.5
271127,658042.97
271128,579327.47
271129,412008.8
271130,746680.0
271131,453333.82
271132,608886.0
271133,865891.78
271134,924053.31
271135,525509.45
271136,522475.0
271137,981233.74
271138,1195222.5
271139,884536.55
271140,678168.75
271141,375037.0
271142,7422472.05
271143,567791.1666666666
271144,532657.3
271145,1556699.8
271146,6978399.38
271147,1355369.64
271148,507103.59
271149,1310061.0
271150,1211160.24
271151,312031.4
271152,830199.53
271153,493078.3
271154,1457045.0
271155,428570.3
271156,1224475.31
271157,826913.0
271158,572264.53
271159,577805.59
271160,500711.83
271161,509908.06
271162,362938.3033333333
271163,608994.83
271164,507655.0
271165,394121.17333333334
271166,605590.04
271167,1431887.0
271168,899557.5
271169,1241502.8
271170,708502.9
271171,826018.5
271172,508159.53
271173,443118.47
271174,832129.5
271175,1422208.33
271176,646368.9
271177,1763266.0
271178,343218.5
271179,2355475.0
271180,880181.5
271181,1099371.0
271182,312484.65
271183,414630.11
271184,860578.0
271185,1795413.43
271186,4234169.59
271187,3400289.99
271188,1214656.69
271189,1741277.0
271190,789026.99
271191,477261.75
271192,901841.83
271193,638340.89
271194,1382126.0469696969
271195,853872.5
271196,836805.3333333335
271197,581473.2766666666
271198,416940.98
271199,7534644.956666666
271200,2250997.63
271201,3760917.046666667
271202,1663401.12
271203,2701980.0
271204,1646120.08
271205,696063.25
271206,1116403.49
271207,2126854.05
271208,2297086.51
271209,2203164.01
271210,5846191.666666668
271211,18737447.0
271212,2557139.14
271213,1864294.54
271214,740618.26
271215,1298674.67
271216,562043.15
271217,2602526.3
271218,397290.5
271219,3196870.58
271220,2161968.7366666663
271221,1855868.78
271222,4604404.02
271223,1457651.47
271224,1457651.47
271225,998211.42
271226,1327987.35
271227,7410439.88
271228,827796.56
271229,486309.52
271230,945525.05
271231,850126.18
271232,654696.15
271233,2150060.52
271234,1452475.24
271235,589152.0
271236,871537.31
271237,971962.85
271238,1438231.04
271239,1508076.44
271240,1681729.18
271241,1647573.46
271242,1028215.6897619048
271243,2606055.483333333
271244,1309807.215
271245,2864310.0
271246,894921.13
271247,1357666.24
271248,409594.21
271249,1262390.78
271250,447924.6
271251,873247.0616666665
271252,540330.0
271253,325374.79
271254,474113.3796666666
271255,531341.1366666667
271256,482146.77
271257,1029342.0
271258,1176318.3
271259,1103615.6466666665
271260,1675632.5
271261,914379.96
271262,886934.47
271263,248865.0
271264,848743.91
271265,622073.0
271266,390105.85
271267,456444.875
271268,498165.685
271269,351569.0225
271270,387890.6
271271,670991.17
271272,541231.1
271273,501167.72
271274,293584.5
271275,522890.0
271276,420650.59
271277,621013.82
271278,327477.5
271279,642455.1
271280,395198.58619047626
271281,412243.1
271282,849239.39
271283,804599.64
271284,918559.57
271285,576980.0
271286,493335.4
271287,289252.1566666667
271288,876177.07
271289,3891661.66
271290,418783.75
271291,1275559.79
271292,1271986.4
271293,1299793.4
271294,1411376.2
271295,1633334.345
271296,3211502.5
271297,311468.24
271298,813722.8650000001
271299,1020398.34
271300,455645.57
271301,408989.87
271302,452971.67
271303,478092.76
271304,1228680.3
271305,746530.26
271306,743220.44
271307,411205.8
271308,1259275.5
271309,1279610.07
271310,1561914.5
271311,550194.3866666666
271312,1180592.16
271313,975456.04
271314,1137807.6
271315,384183.87
271316,1287249.55
271317,589306.52
271318,1052021.04
271319,1321854.95
271320,1300918.3616666668
271321,838501.0
271322,458247.715
271323,476985.06
271324,1316164.99
271325,966948.5
271326,1392930.0
271327,989322.78
271328,828456.0
271329,1150990.36
271330,3104828.38
271331,483076.03
271332,3715670.75
271333,939089.07
271334,979260.07
271335,1313099.6
271336,1399239.49
271337,802174.0
271338,1030609.96
271339,501386.51
271340,674835.35
271341,281954.47
271342,338205.5
271343,436219.5
271344,226300.5
271345,258089.5
271346,413742.87
271347,269114.46
271348,229855.5
271349,269114.46
271350,362691.25
271351,402659.59
271352,330768.36
271353,842006.0
271354,383239.0575
271355,318075.7
271356,1426541.62
271357,1304899.49
271358,626389.41
271359,1593265.5
271360,496847.3
271361,775655.98
271362,1764924.7
271363,673040.76
271364,1457485.2
271365,950642.01
271366,1190820.0
271367,1272338.65
271368,1992002.7
271369,431024.5
271370,2725864.99
271371,1384125.0
271372,383126.9
271373,700386.3580952381
271374,434419.28
271375,943390.27
271376,1838842.79
271377,809555.6
271378,1224874.0
271379,395575.1
271380,1360194.49
271381,366107.4
271382,379253.6
271383,612341.2
271384,773809.5
271385,476711.2066666667
271386,533498.99
271387,429176.1566666666
271388,688681.0
271389,1114399.88
271390,305739.25
271391,946802.99
271392,893157.78
271393,394204.71285714285
271394,565483.0
271395,4929043.78
271396,4771350.4366666665
271397,4996044.38
271398,2213344.29
271399,6972403.97
271400,776068.27
271401,5625908.7
271402,2924001.54
271403,547458.55
271404,583892.5
271405,1773787.48
271406,12903222.46
271407,1336533.0
271408,7174857.6
271409,2516036.48
271410,487470.0
271411,3666778.04
271412,845808.0
271413,751671.24
271414,636258.5
271415,440919.5
271416,984727.05
271417,2466888.35
271418,971122.78
271419,484911.2
271420,910750.0
271421,868127.0
271422,663921.19
271423,579667.62
271424,489179.56
271425,1333075.72
271426,10088780.0
271427,1177952.0
271428,946044.47
271429,456908.5
271430,456395.24
271431,784316.3333333333
271432,732561.73
271433,461997.29
271434,1575746.02
271435,274770.0
271436,284046.09
271437,268260.0
271438,263087.5
271439,626628.43
271440,1097395.0
271441,290342.5
271442,953675.595
271443,2593412.22
271444,546565.19
271445,2849423.44
271446,1157553.75
271447,1154314.1666666665
271448,5338738.336666666
271449,1995390.5
271450,687787.645
271451,500479.59
271452,416839.86
271453,872094.95
271454,355789.02333333326
271455,373763.8
271456,552985.965
271457,362666.5
271458,402547.76
271459,304041.18
271460,709982.6366666666
271461,711619.0
271462,994678.0
271463,406376.0
271464,909202.2466666667
271465,803684.41
271466,481007.8
271467,397815.0
271468,549249.68
271469,926580.0
271470,421409.0
271471,465277.73
271472,345623.71
271473,549520.52
271474,546110.8333333334
271475,1393117.51
271476,880983.95
271477,370978.28
271478,599344.99
271479,400013.8833333333
271480,590901.0
271481,2286859.45
271482,550649.5
271483,414934.24
271484,420601.05
271485,364478.24
271486,340006.57
271487,391618.37
271488,391618.37
271489,581015.23
271490,748962.3
271491,1299377.52
271492,395676.25
271493,296697.5
271494,394758.01
271495,453852.8
271496,552360.8333333334
271497,572463.72
271498,292272.4
271499,665999.87
271500,694233.7
271501,468723.4
271502,339516.5
271503,395556.0
271504,280470.0
271505,637196.58
271506,410212.2333333333
271507,494936.54
271508,3300840.82
271509,230824.92666666667
271510,336660.59
271511,822172.8
271512,683035.0
271513,1542063.12
271514,405663.6933333333
271515,320638.75
271516,434552.49
271517,780409.4
271518,1124237.98
271519,253673.52
271520,556550.0
271521,563661.0
271522,550298.1
271523,686534.0
ID,price
271528,569674.01
271529,395966.32
271530,3062144.87
271531,370111.44
271532,607559.0
271533,551353.94
271534,481476.16
271535,678785.33
271536,918920.0
271537,991090.0
271538,323249.54
271539,384363.27166666667
271540,266195.68
271541,523497.49
271542,403022.59
271543,426333.6
271544,445044.5
271545,527666.6
271546,397456.5
271547,422560.0
271548,356257.925
271549,430782.25
271550,482731.4
271551,368503.7475
271552,1081790.0
271553,362256.35
271554,258693.38333333336
271555,388911.23
271556,415580.0
271557,258758.8
271558,569292.3033333332
271559,481077.99
271560,601312.0
271561,557985.22
271562,608349.5
271563,381296.8
271564,636992.5
271565,469504.32
271566,413805.4
271567,8411318.593333332
271568,300206.6
271569,435345.76190476195
271570,435345.76190476195
271571,449956.61666666664
271572,810630.77
271573,346242.00333333336
271574,785210.98
271575,563962.645
271576,540540.6833333333
271577,429084.22
271578,374988.73
271579,338171.7
271580,466415.24
271581,490448.61666666664
271582,390463.125
271583,332925.22
271584,429948.6666666666
271585,324261.3
271586,320425.66
271587,420335.91
271588,529736.914
271589,563033.424
271590,399528.27
271591,407437.76166666666
271592,1135948.68
271593,401978.96
271594,492734.4741666666
271595,599425.0
271596,661412.24
271597,419533.2333333333
271598,460842.11
271599,249859.9
271600,613556.2466666667
271601,700171.1
271602,351302.0
271603,500247.7433333333
271604,497110.0
271605,437048.55
271606,382514.3
271607,413324.96333333326
271608,504134.49
271609,545141.3583333334
271610,342990.9125
271611,355000.96666666673
271612,337785.4
271613,321767.0
271614,402762.18
271615,408499.39
271616,790971.22
271617,576459.8425
271618,868301.7483333333
271619,457552.5465
271620,818116.7633333334
271621,601509.9079047618
271622,403273.27
271623,354838.12
271624,425956.76
271625,308165.0
271626,1131854.07
271627,418003.5
271628,527548.68
271629,450877.6
271630,672470.61
271631,853398.7
271632,279208.3
271633,299347.75
271634,569452.5
271635,442198.3333333334
271636,605754.35
271637,388605.0
271638,353590.9
271639,408140.7
271640,433474.9
271641,346224.98333333334
271642,445836.66
271643,394180.46
271644,374298.63
271645,470727.14
271646,503498.02
271647,360723.0
271648,303305.0
271649,334641.1
271650,307458.79
271651,516000.33142857143
271652,335589.0
271653,280516.1
271654,315089.42
271655,394323.15
271656,279911.69
271657,388393.5
271658,554803.25
271659,414155.71
271660,416759.71
271661,604118.3333333333
271662,486105.0
271663,382287.9541666667
271664,425808.02
271665,432822.63
271666,509931.23
271667,531835.2
271668,289460.0
271669,395184.79
271670,627995.4333333333
271671,693700.2733333334
271672,344163.5
271673,528279.1666666667
271674,571824.78
271675,684034.1666666667
271676,779454.33
271677,635557.02
271678,659022.0
271679,784311.39
271680,345536.1
271681,828157.9166666665
271682,417469.08
271683,861334.2566666667
271684,670318.5
271685,370455.15
271686,434924.91
271687,411131.5
271688,392594.37333333335
271689,359338.01
271690,338910.11
271691,821588.3666666666
271692,852202.24
271693,543630.5333333333
271694,860342.6933333332
271695,517082.16666666674
271696,378957.18
271697,488498.99
271698,405000.75
271699,574286.06
271700,815205.2
271701,2947732.57
271702,467970.4533333333
271703,732364.3666666667
271704,322067.2
271705,426935.01
271706,299654.0
271707,1101158.02
271708,324438.4
271709,614497.2533333334
271710,585670.0
271711,524932.3
271712,384549.825
271713,305045.1
271714,330205.0
271715,554250.74
271716,716180.0
271717,424132.8
271718,408027.6
271719,458739.6
271720,501638.85
271721,548996.14
271722,305339.1
271723,685184.99
271724,519273.375
271725,326952.26
271726,335311.16
271727,388952.65
271728,551063.5666666668
271729,333755.21
271730,595363.525
271731,867345.03
271732,815815.99
271733,686294.58
271734,1123983.24
271735,839316.0
271736,602565.45
271737,592973.8
271738,440962.5
271739,300788.01
271740,341151.0
271741,392681.89
271742,2971671.87
271743,3009443.99
271744,754223.16
271745,512489.56666666665
271746,331292.795
271747,574114.99
271748,581126.915
271749,518749.6
271750,518273.37
271751,410483.38
271752,512731.45
271753,799665.84
271754,447727.5
271755,322841.02
271756,488195.0
271757,359540.07
271758,295109.7
271759,581748.52
271760,379782.1
271761,515165.85
271762,511150.5
271763,436767.5
271764,659950.77
271765,901160.44
271766,672453.69
271767,426109.0
271768,703636.59
271769,495108.9
271770,952482.08
271771,425912.5
271772,943975.0
271773,467979.5
271774,877967.5
271775,497033.0469047619
271776,466727.71
271777,440387.76
271778,324603.5
271779,474541.15
271780,292174.0
271781,676302.5
271782,334928.2166666667
271783,510754.0288095238
271784,302099.62
271785,1272110.46
271786,353690.93
271787,299047.5
271788,398527.5
271789,322502.75
271790,706974.72
271791,347075.6566666666
271792,339168.52
271793,393857.5
271794,282227.5
271795,297236.23
271796,373419.45
271797,392097.45
271798,310362.73
271799,312270.5
271800,310520.0
271801,464965.15
271802,344212.47
271803,299765.5
271804,435815.41
271805,1538052.88
271806,303910.38666666666
271807,311145.5
271808,866830.93
271809,505716.32
271810,543021.1655
271811,961230.77
271812,465332.24
271813,403093.11666666664
271814,386645.44
271815,605753.2
271816,406907.5
271817,514835.0
271818,529925.0
271819,535082.4
271820,363276.32
271821,562829.5
271822,420652.45
271823,706373.44
271824,480275.0
271825,398153.65
271826,419742.2
271827,385053.9
271828,501340.0
271829,489266.11
271830,498472.6
271831,442854.9
271832,879077.51
271833,477950.0
271834,359880.0
271835,516906.9766666666
271836,357770.0
271837,561907.8
271838,476570.0
271839,549501.45
271840,742493.01
271841,1007813.77
271842,543748.0
271843,619670.3
271844,730681.62
271845,674378.48
271846,329091.65
271847,596720.3
271848,503581.6666666666
271849,554450.0
271850,299519.5
271851,689856.57
271852,612905.15
271853,297878.0
271854,398869.85
271855,524640.0
271856,460483.09
271857,907062.3525
271858,362588.5
271859,394931.5
271860,1818022.96
271861,330928.95
271862,1786670.11
271863,1067501.14
271864,312622.5
271865,350442.0
271866,333346.0
271867,439838.5
271868,412261.5
271869,500948.1
271870,645469.39
271871,1182637.06
271872,275775.36
271873,235253.4
271874,441675.0
271875,417683.44523809524
271876,484137.5
271877,419878.0
271878,441340.0
271879,423730.0
271880,222085.0
271881,376042.44523809524
271882,382613.02
271883,425404.6
271884,413936.0
271885,434100.0
271886,271535.36
271887,413128.6333333333
271888,317872.95
271889,372181.8035714285
271890,424364.98
271891,364190.08666666667
271892,523965.0
271893,414852.7
271894,375655.86
271895,174265.0
271896,373090.13690476195
271897,585651.475
271898,572577.9533333334
271899,547534.46
271900,748284.66
271901,573890.5
271902,254692.94
271903,463632.81
271904,427795.36666666664
271905,2984769.256666667
271906,369992.55
271907,425525.0
271908,326625.69166666665
271909,426300.5
271910,563718.4166666666
271911,637538.7
271912,447356.6666666666
271913,445650.3333333334
271914,422435.4
271915,1044554.98
271916,360559.52
271917,756317.45
271918,604920.5
271919,514227.5
271920,3172658.98
271921,391557.14
271922,733308.5
271923,520846.9033333334
271924,591239.75
271925,538657.22
271926,505196.3
271927,599233.74
271928,486149.19
271929,634601.2966666666
271930,715959.86
271931,1491560.65
271932,424399.5
271933,862458.5
271934,2329842.78
271935,1578230.86
271936,277487.35
271937,861250.7
271938,438713.8
271939,1692993.78
271940,725360.42
271941,360462.49
271942,503443.32333333336
271943,583523.4333333333
271944,391553.87
271945,419108.75
271946,509375.0
271947,368760.0
271948,880663.36
271949,676323.84
271950,488165.0
271951,1732320.0
271952,925249.0
271953,483102.0
271954,2019421.86
271955,782951.05
271956,775859.1
271957,935054.03
271958,942948.6266666666
271959,2861536.0
271960,885991.8866666667
271961,878527.7
271962,809192.3833333334
271963,348377.6785714286
271964,1129538.8506569264
271965,1638518.76
271966,973627.27
271967,571834.2
271968,789238.75
271969,780382.0
271970,670168.7738095238
271971,730020.34
271972,714870.14
271973,1195196.0829999999
271974,617519.4266666668
271975,1565204.65
271976,729100.0
271977,1038365.0
271978,541185.0
271979,578163.1
271980,816295.0
271981,1397576.805
271982,691166.07
271983,1335351.0
271984,2163257.83
271985,1120469.1263041126
271986,421998.52
271987,465556.495
271988,351625.4506666666
271989,775880.43
271990,1765191.52
271991,358315.1
271992,493834.25
271993,606708.175
271994,578520.83
271995,576838.55
271996,581153.55
271997,605444.925
271998,648632.385
271999,448345.12083333335
272000,693975.65
272001,401067.79
272002,564327.5
272003,684300.5
272004,499393.14
272005,735546.9325
272006,507617.2858333334
272007,808382.56
272008,510401.5
272009,445156.2283333333
272010,700099.9428571429
272011,474097.79994444444
272012,1310388.33
272013,1561959.88
272014,1764219.39
272015,574020.2377777777
272016,1622217.46
272017,422308.3
272018,690516.5458333334
272019,624096.5900000001
272020,1047594.97
272021,384155.68700000003
272022,1404670.0
272023,644944.44
272024,633745.0
272025,1823748.6
272026,1466607.4
272027,424983.2
272028,635427.28
272029,1306931.23
272030,1987900.32
272031,477572.99
272032,1589681.28
272033,1911132.24
272034,415891.3163636364
272035,375359.07916666666
272036,2401855.0
272037,2349601.0
272038,697004.25
272039,735612.8971428572
272040,276109.9
272041,1315067.0
272042,269059.56
272043,231151.25
272044,523482.5
272045,532089.0
272046,249592.0
272047,549664.6
272048,344416.5
272049,312594.3466666666
272050,331078.75
272051,391617.1
272052,612270.44
272053,584931.0
272054,756934.35
272055,681046.66
272056,477504.55
272057,981197.47
272058,702336.28
272059,593071.08
272060,566557.4
272061,373265.0
272062,1037184.0
272063,882530.0
272064,1451373.98
272065,325397.01
272066,2809422.69
272067,416578.86
272068,272571.02
272069,389538.04
272070,798950.48
272071,712265.5
272072,695008.92
272073,2234963.16
272074,866210.0
272075,381922.61
272076,381922.61
272077,364544.5
272078,405600.0
272079,274373.8333333334
272080,801728.57
272081,789296.95
272082,754129.93
272083,1203781.45
272084,455572.41
272085,416227.6
272086,1082240.2
272087,289310.0
272088,367668.72
272089,362571.68
272090,442421.05
272091,633070.0
272092,367412.4818333334
272093,568499.74875
272094,622858.95
272095,499691.29
272096,501867.37
272097,583336.08
272098,555411.95
272099,578334.98
272100,693511.94
272101,263191.49
272102,736892.32
272103,498384.94
272104,604452.7
272105,379565.5
272106,406068.4
272107,324275.0
272108,767390.0
272109,746552.95
272110,1035830.0
272111,431092.5
272112,385792.0999999999
272113,337406.6666666666
272114,451771.6000000001
272115,358080.36
272116,337123.53666666674
272117,336773.65
272118,868825.0
272119,634473.5042857142
272120,931766.23
272121,290046.35
272122,941122.09
272123,580993.75
272124,738300.79
272125,464776.7333333333
272126,370444.35
272127,1012643.46
272128,323125.0
272129,506059.33
272130,519039.84
272131,453608.92
272132,1067083.42
272133,1794032.76
272134,405571.6
272135,1043952.38
272136,1339620.2
272137,1615323.92
272138,684365.08
272139,1058934.36
272140,1038034.01
272141,595994.25
272142,400636.57
272143,1747605.0
272144,311165.01
272145,657143.82
272146,426544.5
272147,727760.0
272148,831686.34
272149,509342.1723333333
272150,378778.49
272151,1691515.35
272152,649080.5
272153,684695.1
272154,990541.5
272155,783938.3333333335
272156,1002307.1
272157,548838.33
272158,575216.8216666667
272159,631203.6
272160,904049.73
272161,555276.99
272162,566350.82
272163,574217.0
272164,574217.0
272165,672152.5
272166,535636.5
272167,414532.0
272168,250193.56
272169,647012.5
272170,319532.5
272171,211370.0
272172,446111.56
272173,334002.5
ID,price
272174,547610.0
272175,634020.0
272176,493565.0
272177,661255.0
272178,556038.5
272179,459760.0
272180,395281.26
272181,212134.54333333336
272182,320938.28
272183,572985.54
272184,205350.0
272185,329573.6666666667
272186,539898.0
272187,383239.95
272188,394920.5
272189,367260.0
272190,451440.0
272191,340277.0
272192,327207.0
272193,333036.6666666667
272194,394538.0
272195,393489.0
272196,452905.0
272197,320085.0
272198,385074.85
272199,385074.85
272200,308708.86
272201,1239273.2
272202,1465577.4
272203,482585.66
272204,412330.0
272205,296859.5
272206,2296789.39
272207,492581.18
272208,1056146.03
272209,1782293.68
272210,345428.36
272211,1451927.5
272212,695270.0
272213,2538955.04
272214,575139.72
272215,1250145.95
272216,538530.5
272217,421515.5
272218,571591.83
272219,386909.5
272220,6827635.0
272221,852226.35
272222,632147.99
272223,7209651.44
272224,1205312.88
272225,559353.34
272226,566802.5
272227,3886763.3
272228,381000.0
272229,434722.06
272230,1178551.74
272231,4080550.0
272232,481293.38
272233,1021529.04
272234,755095.0
272235,430252.0238095238
272236,757321.8
272237,1084480.0
272238,999440.0
272239,507070.0
272240,645025.3
272241,509934.0
272242,875355.0
272243,469468.75
272244,420032.5
272245,603169.0
272246,362843.0
272247,861301.0
272248,1909693.8
272249,610881.08
272250,896810.66
272251,1541571.37
272252,570780.0
272253,660614.71
272254,2164469.95
272255,819510.0
272256,1011249.0
272257,1044177.5
272258,457965.2
272259,1903899.7
272260,815790.0
272261,440775.0
272262,828665.5
272263,990815.0
272264,272162.0
272265,329983.1666666667
272266,383704.78
272267,349639.5
272268,1119978.84
272269,412709.99625
272270,416941.25333333336
272271,1949025.0
272272,577499.6
272273,582508.5
272274,646237.5482857142
272275,598322.08
272276,396136.2
272277,313649.966
272278,408603.18
272279,299524.64
272280,1300828.5
272281,791310.0
272282,1677480.73
272283,581529.87
272284,957299.99
272285,798589.0
272286,927308.99
272287,414383.86
272288,654378.95
272289,475698.5
272290,585606.91
272291,464745.44
272292,632181.9914285714
272293,1341246.97
272294,454137.89333333337
272295,323119.96
272296,755386.13
272297,751642.38
272298,392004.24
272299,434647.0
272300,455313.0416666666
272301,457895.99
272302,263573.98
272303,495275.6
272304,383248.0
272305,335340.0
272306,347113.25
272307,1269771.37
272308,949412.5
272309,456310.0
272310,408051.0
272311,663571.19
272312,643241.22
272313,351681.46
272314,703654.0
272315,703083.5
272316,703083.5
272317,1607056.1
272318,1147086.0
272319,1340908.0
272320,1260061.63
272321,1181408.33
272322,720698.83
272323,479303.8
272324,1349570.4761904762
272325,1256296.19
272326,1735308.88
272327,515316.16
272328,468297.63
272329,1986540.55
272330,1532700.428
272331,746375.0
272332,527792.72
272333,662402.81
272334,321527.5
272335,1728774.6
272336,865730.0
272337,362867.2
272338,535978.9166666666
272339,623259.305
272340,463570.0
272341,489937.0
272342,468829.6666666666
272343,3039655.0
272344,794386.32
272345,788839.0
272346,366252.95
272347,519269.3333333334
272348,636864.5
272349,1250651.27
272350,622930.19
272351,341784.34
272352,603926.8857142857
272353,1108026.61
272354,926210.5
272355,711166.355
272356,803762.6
272357,1522177.0
272358,1438099.18
272359,1149693.77
272360,681852.5475
272361,696409.82
272362,659175.5242857143
272363,997912.0
272364,750570.5
272365,860128.5
272366,323995.0
272367,575520.5
272368,410152.62
272369,567883.7183333333
272370,906533.0
272371,438055.43224999995
272372,397521.9
272373,383622.5
272374,371885.78333333327
272375,7547166.08
272376,314193.95
272377,176323.33333333337
272378,365774.3
272379,442442.5
272380,242875.8333333333
272381,375261.38
272382,421371.18
272383,409025.55
272384,425617.0
272385,412341.25
272386,352060.0
272387,434940.95
272388,228826.6666666667
272389,310157.92
272390,348832.5
272391,363274.0
272392,355200.0
272393,467055.5
272394,351558.7
272395,212695.0
272396,601125.63
272397,312622.95
272398,2411361.04
272399,1678973.51
272400,470556.35
272401,2124486.18
272402,793358.47
272403,2111265.666666667
272404,1195480.0
272405,957544.75
272406,807734.15
272407,482805.13
272408,451555.0
272409,1188573.4
272410,1437858.795
272411,823327.5
272412,1797811.6566666665
272413,770516.125
272414,1586737.99
272415,713378.09
272416,509582.1
272417,870822.5
272418,4696038.556666667
272419,2829181.79
272420,634214.35
272421,575737.578
272422,556073.95
272423,5713305.0
272424,426994.075
272425,609953.32
272426,550100.75
272427,486774.58
272428,570113.7
272429,484053.09809523803
272430,2817000.05
272431,222681.56
272432,953055.05
272433,645124.5
272434,394512.1566666666
272435,361685.83
272436,1002859.67
272437,986348.6068095239
272438,803239.0
272439,227046.43
272440,2445200.05
272441,897624.35
272442,313112.95
272443,395087.5
272444,352706.36
272445,368126.8583333333
272446,661320.97
272447,2069509.25
272448,343458.08
272449,295387.5
272450,810273.18
272451,271922.03
272452,735045.74
272453,611265.0
272454,377813.75
272455,465251.75
272456,416113.41
272457,2339916.0
272458,1084173.66
272459,625406.9
272460,557619.75
272461,1368599.68
272462,1367715.05
272463,937223.37
272464,698559.06
272465,1933755.0
272466,973363.3333333333
272467,1939782.8
272468,1335932.5
272469,467300.50000000006
272470,1275438.23
272471,605157.27
272472,871834.35
272473,917060.0
272474,2006185.55
272475,1718355.0
272476,730640.0
272477,706296.0
272478,661635.0
272479,825583.16
272480,636853.8
272481,699290.0
272482,489039.0
272483,653918.46
272484,460340.3175
272485,675490.73
272486,2134845.0
272487,442754.5
272488,515276.42
272489,997037.74
272490,803838.1366666667
272491,535663.98
272492,1010290.38
272493,585065.06
272494,463946.15
272495,377429.38
272496,886982.52
272497,509956.4
272498,392854.5
272499,367553.0
272500,2060299.8
272501,5887221.5
272502,4760625.0
272503,1149830.42
272504,557341.21
272505,838151.9333333332
272506,1719163.22
272507,1470232.5
272508,1476442.22
272509,349476.5
272510,1855855.44
272511,734429.59
272512,547313.55
272513,439513.22
272514,3150695.0
272515,953691.765
272516,1086525.4
272517,4755088.4
272518,447631.5
272519,883573.5
272520,521194.55
272521,2066629.99
272522,6496585.0
272523,276973.95
272524,1093072.94
272525,702638.37
272526,616769.14
272527,730105.16
272528,859645.7
272529,2085168.58
272530,303433.74
272531,1745277.5
272532,1017237.4066666666
272533,323006.81
272534,540767.33
272535,632648.7333333333
272536,482382.16
272537,2352846.89
272538,6071499.133333334
272539,675025.59
272540,602701.87
272541,969295.0333333334
272542,1809345.0
272543,500193.3
272544,2397752.28
272545,658890.0
272546,454494.5
272547,617608.19
272548,374732.49
272549,926294.6
272550,271455.0
272551,4964135.0
272552,1323232.6
272553,2848556.4
272554,676488.0
272555,382070.89
272556,1824340.0
272557,587845.6
272558,398270.0
272559,713864.65
272560,1095617.9
272561,1510801.18
272562,3625666.4
272563,689159.28
272564,1512242.38
272565,818400.25
272566,1482723.22
272567,753774.97
272568,393690.0
272569,6383639.4
272570,534340.0
272571,325281.7291666666
272572,1384421.74
272573,830985.75
272574,420307.4375
272575,636285.67
272576,813917.95
272577,985625.0
272578,719457.14
272579,1191435.0
272580,633890.99
272581,1348782.74
272582,830373.13
272583,679755.99
272584,639172.39
272585,2135745.0
272586,374446.46
272587,493732.26
272588,269462.5
272589,585177.8
272590,1392342.5
272591,448495.0
272592,287185.0
272593,3824930.0
272594,615637.03
272595,886890.0
272596,3633333.06
272597,1011829.0
272598,4928155.0
272599,500330.82
272600,1490973.92
272601,761794.01
272602,10684779.72
272603,13653628.86
272604,1513658.933333333
272605,4445500.0
272606,593867.56
272607,583324.17
272608,3851435.0
272609,1245492.02
272610,881285.0
272611,2318061.76
272612,533895.95
272613,1615205.8266666667
272614,243141.0
272615,305258.5
272616,511022.3
272617,281211.61
272618,393660.11339699524
272619,457482.13
272620,590841.79
272621,499927.78333333327
272622,490846.75
272623,293480.45666666667
272624,522658.5
272625,395486.23
272626,742035.0
272627,475788.76
272628,579454.9166666667
272629,421100.5
272630,254829.5
272631,559669.39
272632,414274.5
272633,386771.3018686868
272634,321797.9666666666
272635,330732.0366666667
272636,415940.57
272637,443664.96
272638,617275.04
272639,753683.35
272640,348554.34
272641,249178.0
272642,236835.14
272643,640335.0
272644,496438.88
272645,443732.27
272646,673084.0
272647,361573.18
272648,1107160.5
272649,664322.44
272650,467021.0
272651,686058.99
272652,746457.35
272653,566674.5
272654,475531.89
272655,305716.3
272656,444886.58
272657,423850.83
272658,942236.0
272659,2118873.5
272660,1326299.9
272661,1677812.9
272662,620923.0
272663,408857.85
272664,949050.7
272665,2424426.45
272666,423531.0
272667,697788.3675
272668,701199.94
272669,665241.5575
272670,1247353.38
272671,925353.0
272672,745157.1141666668
272673,9007451.330833334
272674,960986.5
272675,936855.93
272676,443150.13333333336
272677,446345.63333333336
272678,369775.0
272679,446337.63333333336
272680,372102.16
272681,685682.91
272682,396352.55
272683,409996.02
272684,313273.5
272685,1109548.79
272686,1524281.5
272687,364591.0
272688,2739591.94
272689,2163060.75
272690,1633744.88
272691,519643.5
272692,758576.4
272693,687933.6666666665
272694,722655.32
272695,380949.0
272696,324446.02
272697,1977468.5
272698,1248915.99
272699,475573.84666666674
272700,424705.06
272701,765531.78
272702,849838.56
272703,966138.39
272704,1308314.73
272705,542799.55
272706,440032.75
272707,317513.23
272708,363212.1442857143
272709,573421.2175
272710,365402.605
272711,337903.97666666674
272712,557955.8891666667
272713,644398.1633333333
272714,507016.2
272715,794622.3
272716,601992.8366666667
272717,890067.13
272718,371226.2
272719,542638.7
272720,665519.5
272721,385236.9
272722,522533.68
272723,518015.0
272724,411888.51
272725,399653.13
272726,408925.49
272727,770791.86
272728,546195.35
272729,750151.5640476191
272730,2098845.04
272731,570682.0618421052
272732,435770.48
272733,830231.57
272734,579640.15
272735,560970.55
272736,443265.68
272737,549071.58
272738,770666.725
272739,612406.1366666667
272740,346023.32
272741,453640.0
272742,603602.25
272743,516855.3
272744,368215.0
272745,924560.84
272746,243696.0
272747,243696.0
272748,1301678.74
272749,832555.0
272750,616324.01
272751,753280.5
272752,552590.22
272753,390897.99
272754,762897.0
272755,645649.17
272756,355939.36
272757,506502.75
272758,522104.43
272759,583981.75
272760,657855.0
272761,643104.32
272762,409114.5
272763,523165.5
272764,268085.0
272765,531640.6
272766,433910.0
272767,1123519.8533333335
272768,275677.95
272769,378795.93
272770,495033.7
272771,612041.5
272772,1251755.8133333335
272773,18900402.79
272774,279228.5
272775,536751.436
272776,605032.5
272777,783882.0
272778,415412.7392857142
272779,284965.66
272780,1399375.43
272781,617317.72
272782,569080.76
272783,731914.52
272784,396671.5
272785,365055.61
272786,640560.7
272787,337522.13
272788,320934.75
272789,369788.51333333337
272790,678035.1
272791,1675839.57
272792,370265.22
272793,422557.7733333334
272794,372928.5
272795,516946.02
272796,375749.13
272797,715787.12
272798,582012.07
272799,995191.63
272800,761992.8766666666
272801,459160.87
272802,384241.82
272803,1133522.21
272804,758085.21
272805,332214.48
272806,661763.2666666667
272807,605786.62
272808,610787.74
272809,484130.0
272810,1005666.0
272811,1335533.5
272812,956624.5
272813,928797.59
272828,536125.7733333333
272829,520421.52
272830,295474.5
272831,480278.99
272832,447963.52
272833,431894.51
272834,182635.5
272835,407853.88
272836,688733.2966666667
272837,612326.0275
272838,569179.76
272839,422875.9
272840,416955.5
272841,655105.6666666667
272842,522314.11
272843,372685.93
272844,463359.69
272845,781680.69
272846,323303.945
272847,318561.0
272848,1823222.0
272849,413615.5
272850,937400.52
272851,448237.25
272852,457238.75
272853,358822.0
272854,627932.63
272855,523868.5
272856,842105.05
272857,431872.8
272858,676985.77
272859,502140.5
272860,437928.90333333326
272861,1162942.12
272862,752031.4
272863,414746.3416666666
272864,1032943.0
272865,457949.0
272866,454191.25
272867,570632.0
272868,388825.0
272869,435968.3333333334
272870,401529.09
272871,605946.62
272872,351638.0
272873,575278.06
272874,530692.39
272875,561532.0
272876,1309782.5
272877,564726.18
272878,345981.75
272879,555367.44
272880,588684.82
272881,494160.0
272882,383909.7
272883,331013.5
272884,329857.5
272885,355735.8
272886,636529.19
272887,220050.0
272888,225000.0
272889,361349.89
272890,330030.0
272891,325007.96
272892,300930.0
272893,352052.0
272894,188759.9
272895,247235.0
272896,421362.95
272897,450265.0
272898,429115.0
272899,348780.0
272900,317525.0
272901,335883.28
272902,380524.93
272903,282030.95
272904,375871.60666666663
272905,655231.0
272906,370645.0
272907,497607.51
272908,403029.5
272909,533050.2
272910,427407.5
272911,389147.5
272912,427949.95
272913,416500.1666666666
272914,499710.24
272915,345043.0
272916,325090.0
272917,566324.95
272918,368235.0
272919,162302.5
272920,546125.0
272921,1221914.5266666666
272922,311644.1666666666
272923,196280.45428571428
272924,212559.0
272925,248373.18
272926,1178742.35
272927,442205.4
272928,314682.5
272929,584278.51
272930,382574.55
272931,328447.5
272932,223020.0
272933,554595.88
272934,584276.1
272935,334419.2533333333
272936,404162.61
272937,584900.69
272938,583452.49
272939,1019984.35
272940,283739.95
272941,356857.31
272942,280471.6166666667
272943,600028.38
272944,342985.1
272945,510057.45
272946,610613.6
272947,1397683.0
272948,614673.8
272949,292638.2833333334
272950,334632.88
272951,1538287.52
272952,1073115.0
272953,995389.5
272954,541024.5
272955,472461.6
272956,225865.0
272957,235867.0
272958,237027.25
272959,407358.6666666666
272960,291927.45
272961,287115.0
272962,384455.0
272963,395010.0
272964,263876.6666666666
272965,243047.5
272966,330579.4
272967,370231.95
272968,420858.46
272969,276160.0
272970,410394.39
272971,420814.6933333333
272972,588913.6
272973,530108.0
272974,480090.0
272975,285411.1
272976,296747.45
272977,230472.5
272978,276297.07
272979,463256.0
272980,513981.55
272981,281202.5
272982,398848.51
272983,329730.64
272984,836100.0
272985,418295.0
272986,808609.55
272987,493830.0
272988,375490.0
272989,550145.0
272990,326530.18
272991,460583.75
272992,566835.0333333333
272993,326885.0
272994,654500.71
272995,533685.55
272996,683411.32
272997,1387600.02
272998,1597593.7
272999,812503.6
273000,401155.89
273001,340903.84
273002,824794.0
273003,1071834.84
273004,669746.33
273005,380274.25
273006,302461.15
273007,647652.6
273008,2235431.97
273009,1598411.25
273010,422074.0
273011,953499.9
273012,379153.42
273013,785788.65
273014,1206389.99
273015,1227614.5
273016,950391.95
273017,1019290.95
273018,961922.7
273019,3380375.49
273020,438104.66
273021,422213.55
273022,466975.4
273023,375717.46
273024,994450.44
273025,288874.55
273026,516724.1166666667
273027,608261.76
273028,375519.0
273029,538973.8
273030,378733.99
273031,1040635.5
273032,452574.52
273033,516166.76
273034,300355.0
273035,312711.2
273036,454498.66666666674
273037,833638.08
273038,768340.6533333334
273039,395199.06
273040,368172.6333333333
273041,387313.54
273042,652219.6
273043,734977.26
273044,910245.0
273045,364452.0
273046,1973107.66
273047,395316.44
273048,500887.0
273049,432056.65333333326
273050,408702.49
273051,490601.22666666674
273052,461727.5
273053,542713.0
273054,503261.0
273055,750171.72
273056,425562.0
273057,533319.64
273058,184047.5
273059,1397097.62
273060,448017.8
273061,458783.9
273062,355487.2
273063,362959.01
273064,240209.16
273065,229177.0
273066,367458.9
273067,431655.5
273068,398234.6
273069,245196.01
273070,410502.0
273071,482431.0
273072,395872.68
273073,384266.49
273074,566903.86
273075,285826.68
273076,305271.0
273077,564357.7
273078,595726.4
273079,370359.0
273080,817825.4166666667
273081,545980.18
273082,296185.0
273083,357634.9
273084,486746.18
273085,306305.02
273086,214923.82
273087,412323.0
273088,313092.24
273089,315775.23809523805
273090,626985.0
273091,361069.32
273092,393930.0
273093,394780.0
273094,612160.08
273095,556259.5
273096,609658.68
273097,409829.8
273098,484323.0
273099,522885.38
273100,955653.5
273101,436586.65
273102,439086.84
273103,627561.99
273104,642020.0
273105,288480.0
273106,622108.07
273107,610701.4266666668
273108,860320.0
273109,755128.0
273110,392938.6
273111,253294.32
273112,432119.0
273113,375246.45
273114,623521.3
273115,926184.99
273116,321082.76
273117,1016870.0
273118,414002.0
273119,431208.37
273120,371317.95
273121,383655.0
273122,212445.0
273123,251601.27333333332
273124,380180.95
273125,418844.35
273126,454586.28
273127,619804.5
273128,2227745.0
273129,572809.445
273130,495594.44
273131,799085.0
273132,364211.05
273133,1106031.9
273134,800568.3333333333
273135,867891.0
273136,428669.0
273137,481500.0
273138,1981940.96
273139,1408260.33
273140,622826.25
273141,589586.3166666667
273142,374721.44
273143,512179.215
273144,283612.5
273145,772627.3333333333
273146,260019.0
273147,841902.0
273148,307081.8
273149,675352.0
273150,580518.43
273151,693644.5
273152,1320466.31
273153,521782.36
273154,873331.0
273155,301208.62
273156,301759.21
273157,609050.9999999999
273158,549575.0
273159,320133.77
273160,930790.0
273161,381198.08
273162,394209.0
273163,229698.3
273164,1574205.28
273165,373425.81
273166,646369.0
273167,710265.0
273168,300031.6
273169,849189.47
273170,731606.4
273171,508799.01
273172,642545.5
273173,694684.2
273174,434238.3452380952
273175,829058.44
273176,476125.7
273177,335796.95
273178,543821.32
273179,612167.5
273180,734391.5
273181,441517.75
273182,376125.47857142857
273183,3189452.23
273184,987197.48
273185,562849.42
273186,891100.0
273187,1005905.01
273188,484250.43
273189,768795.5
273190,527002.14
273191,377655.0
273192,390942.85
273193,371902.36
273194,1353706.42
273195,332149.25
273196,327264.22
273197,372364.84
273198,482721.2
273199,646317.71
273200,831120.67
273201,1193699.14
273202,480235.0
273203,478805.11
273204,457496.4
273205,451215.37
273206,445806.0
273207,2183618.0
273208,482954.5
273209,421505.82
273210,829920.64
273211,527392.93
273212,735583.8206666666
273213,573816.15
273214,525492.64
273215,440243.0833333334
273216,325480.47
273217,449037.72
273218,501247.5
273219,296333.1
273220,459450.16
273221,345727.47
273222,315614.09
273223,451844.82
273224,588036.44
273225,336801.0466666667
273226,283473.88
273227,281675.98
273228,723412.84
273229,601270.95
273230,396373.1266666667
273231,265949.83
273232,259155.1
273233,373620.61
273234,276546.29
273235,363124.755
273236,333714.35
273237,318994.0
273238,384052.29
273239,512278.1
273240,620039.0
273241,285250.0
273242,688889.85
273243,784620.0
273244,455710.0
273245,344620.0
273246,271176.46
273247,318825.12
273248,636173.1666666666
273249,481765.0
273250,568744.77
273251,615849.12
273252,461094.81
273253,498668.98
273254,356211.2
273255,707289.0
273256,930688.62
273257,483793.82333333336
273258,539310.0
273259,407001.65
273260,772034.97
273261,379160.0
273262,404423.24
273263,439882.3775
273264,284245.66
273265,499488.5
273266,379331.3
273267,326598.32
273268,499364.75
273269,525999.0
273270,500941.0
273271,456734.35
273272,524194.0
273273,511107.5
273274,925575.0
273275,296640.0
273276,574180.0
273277,667069.95
273278,389393.68
273279,486795.0
273280,485394.5
273281,465555.0
273282,529926.34
273283,288435.0
273284,303778.9
273285,402074.63333333336
273286,468094.95
273287,323210.0
273288,465635.0
273289,282455.9
273290,448845.0
273291,359012.5
273292,699425.0
273293,267420.0
273294,175231.87
273295,472615.0
273296,366189.43333333335
273297,273588.6
273298,381463.33333333326
273299,1571376.16
273300,1575185.86
273301,610272.5
273302,974040.5
273303,1160155.0
273304,551230.0
273305,677935.0
273306,320850.71
273307,1414929.44
273308,913207.0
273309,1023529.75
273310,1106131.96
273311,982084.95
273312,1485811.4
273313,1196667.18
273314,878081.1666666665
273315,583133.5
273316,1130670.86
273317,396065.49
273318,855286.04
273319,560456.78
273320,733972.5
273321,1694630.89
273322,837710.0
273323,513105.51
273324,839400.96
273325,1324310.0
273326,879455.0
273327,933168.26
273328,1407766.72
273329,1245618.58
273330,386498.2966666667
273331,766160.0
273332,749248.92
273333,862637.6666666665
273334,867986.18
273335,1545616.93
273336,1637696.406666667
273337,770447.03
273338,1352692.04
273339,1258944.485
273340,748330.0
273341,388471.22
273342,1463301.68
273343,810149.74
273344,1437951.0
273345,1250024.61
273346,1527840.3
273347,528980.865
273348,688988.4876666666
273349,904680.0
273350,703592.68
273351,784071.89
273352,972246.1666666665
273353,1366732.58
273354,1262782.88
273355,911234.75
273356,672529.4
273357,492363.875
273358,1310594.56
273359,980053.38
273360,1192653.91
273361,1340220.68
273362,900729.98
273363,754724.51
273364,400217.89
273365,578184.83
273366,667207.49
273367,706272.95
273368,2532584.93
273369,1219386.62
273370,957221.83
273371,413065.46
273372,910222.5
273373,616724.29
273374,858227.5
273375,704647.43
273376,4544461.6
273377,1201846.0
273378,3936265.44
273379,468048.48
273380,701494.96
273381,2373397.5
273382,1210181.99
273383,399627.78
273384,422779.0
273385,567023.75
273386,411140.01
273387,1252610.09
273388,508260.15
273389,1156991.0
273390,677618.66
273391,693177.37
273392,442638.95
273393,701101.2
273394,529980.0
273395,2570290.35
273396,946784.61
273397,1143671.99
273398,1054064.78
273399,921700.44
273400,4140784.86
273401,722087.75
273402,401305.37
273403,1266432.9
273404,833486.8866666666
273405,557982.5
273406,747474.72
273407,1079619.0
273408,1230853.99
273409,520726.445
273410,499005.0
273411,1988190.05
273412,1765302.5
273413,1092661.0
273414,1345000.96
273415,851645.03
273416,348193.5
273417,449896.39
273418,518650.0
273419,549267.28
273420,982693.82
273421,646326.14
273422,2182581.25
273423,1933599.75
273424,963292.36
273425,940370.0
273426,429006.45
273427,3673120.0
273428,737158.5
273429,605755.5
273430,1835735.25
273431,377389.24
273432,204385.0
273433,956908.01
273434,403878.0
273435,2803727.5
273436,378096.62
273437,652071.25
273438,770930.0
273439,1355049.31
273440,1388475.0
273441,987722.36
273442,1141416.46
273443,1343303.72
273444,525367.19
273445,747267.35
273446,914344.35
273447,666009.5
273448,1082965.55
273449,455807.5
273450,821717.0
273451,423661.34
273452,542320.0
273453,596141.17
273454,694919.2
273455,964737.5
273456,626498.12
273457,416454.0
273458,427711.25
273459,445665.0
273460,656209.5
273461,422470.22
273462,976065.0
273463,215545.0
273464,518494.19
273465,651745.0
273466,344586.45
273467,435824.0
273468,896260.0
273469,502224.5
273470,720713.3
273471,3385256.08
273472,835280.0
273473,559894.36
Id,price
266325,435799.76
266326,427590.26
266327,417934.0
266328,716285.1733333333
266329,534672.1
266330,4295245.91
266331,281162.99
266332,564888.34
266333,318595.92
266334,443006.9
266335,579349.9
266336,2363751.755
266337,518471.8
266338,993950.0
266339,3652342.92
266340,440707.45
266341,393837.45
266342,9216292.536666667
266343,403561.75
266344,314252.30666666664
266345,439414.85
266346,586233.7166666667
266347,519815.78
266348,443946.76
266349,676898.3566666667
266350,572179.0
266351,555786.88
266352,286574.0
266353,1530023.45
266354,570337.5
266355,526700.9
266356,529994.8
266357,613993.5333333333
266358,566725.5
266359,350928.0
266360,504067.88952380954
266361,671061.16
266362,515748.16
266363,755614.85
266364,299429.75
266365,308656.0
266366,504222.91595959594
266367,401070.49
266368,278259.64
266369,483917.57
266370,491582.39
266371,283466.48716666666
266372,631079.9
266373,730397.6
266374,439527.77333333326
266375,1048936.0
266376,477104.40416666673
266377,1079521.72
266378,514487.0
266379,445486.9875
266380,578539.0
266381,447382.75
266382,604507.75
266383,1059434.75
266384,422244.87
266385,561962.64
266386,632439.5
266387,659230.1
266388,902347.91
266389,271576.41
266390,634797.02
266391,600121.87
266392,434223.7275
266393,805767.35
266394,344420.94
266395,456336.4
266396,294601.84
266397,582285.0
266398,772304.95
266399,264460.8
266400,488869.9800000001
266401,269288.87
266402,530291.5
266403,501454.24
266404,503017.07
266405,493751.0
266406,264356.8
266407,434791.0
266408,384528.73
266409,376925.17
266410,333152.1666666667
266411,254569.85
266412,468010.0
266413,392575.0
266414,412239.5
266415,316327.9285714286
266416,433425.0
266417,455597.4
266418,280242.5
266419,484821.1
266420,396764.8
266421,2076472.3
266422,4019945.793333334
266423,577267.0
266424,391218.45
266425,412576.85
266426,1102302.65
266427,570830.97
266428,358953.5
266429,622668.9
266430,353618.67
266431,748226.3133333332
266432,444004.2093333333
266433,272702.9
266434,414611.55246031744
266435,282900.23
266436,313795.5
266437,964457.0
266438,676812.59
266439,594460.4333333332
266440,384517.93
266441,310400.2
266442,515521.515
266443,452420.9865
266444,436901.8888888889
266445,481221.4666666666
266446,401436.46
266447,1207980.92
266448,216454.0
266449,4242537.1975
266450,359451.0
266451,419168.0
266452,377846.8
266453,381204.96
266454,365971.8
266455,305110.38
266456,308063.73
266457,302561.25
266458,596856.45
266459,315008.8
266460,394635.32
266461,384884.6
266462,386371.62
266463,372822.2
266464,333985.2916666667
266465,1069977.5
266466,597777.45
266467,495342.2
266468,495342.2
266469,734649.8913333332
266470,693854.51
266471,313577.5
266472,244257.53
266473,254082.48
266474,426633.67
266475,20557672.503333334
266476,363252.175
266477,513915.4866666667
266478,577145.39
266479,473908.15
266480,487457.24
266481,291999.44
266482,591798.3333333333
266483,430350.12666666665
266484,383239.32
266485,474308.8833333333
266486,401551.45
266487,373157.5
266488,405205.8333333334
266489,405477.8125
266490,490712.25
266491,605686.1
266492,522810.48333333334
266493,303956.82
266494,323114.45
266495,313226.43
266496,284534.2
266497,256889.8
266498,335499.95
266499,717680.9
266500,658479.6571428572
266501,263848.0
266502,440940.51
266503,583455.1798809523
266504,378236.84
266505,551177.0514285715
266506,411697.15
266507,425890.45
266508,446093.5
266509,382387.5
266510,554988.75
266511,580678.1614285714
266512,429026.15
266513,388294.69
266514,722863.7333333333
266515,455256.0
266516,427730.6666666666
266517,387762.0
266518,220067.35
266519,536092.0766666667
266520,389168.3
266521,433452.3888888889
266522,549151.34
266523,386086.36
266524,609022.52
266525,643881.63
266526,634279.38
266527,527155.0
266528,534940.0
266529,622917.6171428572
266530,508488.74
266531,624612.1266666667
266532,571735.5
266533,513240.32
266534,388511.86666666664
266535,381413.3633333333
266536,683265.8733333333
266537,592742.04
266538,502592.02
266539,578088.2633333333
266540,483260.5
266541,587320.17
266542,654463.0
266543,516399.62
266544,582354.56
266545,507251.73
266546,527079.56
266547,748193.96
266548,246550.17
266549,653379.85
266550,713554.5
266551,653752.7366666667
266552,717560.88
266553,560975.56
266554,374001.0633333333
266555,674095.4
266556,565391.9
266557,395401.46
266558,494995.41166666674
266559,290999.3666666667
266560,414961.19999999995
266561,637229.99
266562,519064.60666666663
266563,691411.09
266564,571785.0
266565,714885.98
266566,585675.6666666667
266567,675218.45
266568,711595.6866666668
266569,711595.6866666668
266570,268839.75
266571,381691.0
266572,551340.06
266573,264348.26666666666
266574,558922.7
266575,377990.72
266576,445388.81
266577,498348.95
266578,571432.06
266579,365269.24
266580,365395.76
266581,565686.02
266582,901808.99
266583,667673.3266666667
266584,830625.9
266585,542329.1
266586,602605.78
266587,637410.5
266588,1017546.9
266589,510982.13
266590,958295.63
266591,619193.4
266592,423890.68
266593,1189820.5
266594,884485.7
266595,444755.0
266596,777039.29
266597,1595287.5
266598,672957.49
266599,427929.5
266600,410342.3875
266601,337149.42
266602,563276.45
266603,316177.5
266604,317022.5
266605,596005.4233333333
266606,325982.5
266607,504386.9216666667
266608,500011.0
266609,671774.83
266610,568743.0
266611,765379.7873015873
266612,369799.95
266613,558645.95
266614,530977.1833333332
266615,802712.68
266616,434778.23333333334
266617,628676.37
266618,570650.27
266619,746126.67
266620,878122.45
266621,414400.6
266622,359398.5
266623,1106229.0
266624,290363.0
266625,1089367.04
266626,15665910.963333333
266627,667425.0
266628,412984.95
266629,497302.5785714286
266630,281451.16
266631,1166665.65
266632,350561.27
266633,1214448.8533333333
266634,12133368.236666664
266635,289840.0
266636,411256.4566666667
266637,363661.0
266638,270966.5
266639,364802.75
266640,350196.0
266641,422197.15
266642,408936.6996666667
266643,502400.5
266644,342109.98
266645,1083423.5
266646,383193.04
266647,275082.5
266648,382039.16
266649,427455.15
266650,503070.45
266651,579398.45
266652,513135.39047619054
266653,492197.0
266654,896263.0
266655,883009.88
266656,657204.89
266657,1060834.88
266658,1052626.26
266659,512062.5
266660,598254.8
266661,392886.56
266662,356526.03
266663,543100.0
266664,441931.8
266665,343469.7
266666,540946.9
266667,403408.5
266668,549209.0
266669,279151.32
266670,524840.5
266671,736368.68
266672,622517.5
266673,1045838.02
266674,701472.0
266675,547672.6
266676,590010.2
266677,680718.5
266678,702313.69
266679,388703.5
266680,234508.6
266681,683532.0
266682,487154.95
266683,398600.45
266684,236725.0
266685,355120.36
266686,483510.0
266687,642520.6
266688,567296.64
266689,373598.59
266690,987970.0
266691,908839.66
266692,908839.66
266693,699216.02
266694,674096.0
266695,1170495.47
266696,738606.1
266697,638829.4414285715
266698,671750.0
266699,276892.7
266700,1599771.81
266701,1118493.33
266702,594906.42
266703,279405.18
266704,410535.45
266705,289055.0
266706,313225.5
266707,801530.0
266708,504215.0
266709,644484.5
266710,367605.64555555553
266711,475337.45
266712,479605.9
266713,488152.5
266714,447068.5
266715,232674.95
266716,450807.28427128436
266717,408873.74888888886
266718,465854.95
266719,488166.6666666666
266720,401378.02
266721,549800.68
266722,402421.91666666674
266723,436633.5
266724,381882.26
266725,365009.0666666667
266726,383432.8631746032
266727,395309.01333333337
266728,498310.0
266729,466777.0
266730,852999.95
266731,672895.0
266732,306922.8
266733,720371.0
266734,1339780.67
266735,692919.76
266736,485621.3266666667
266737,372314.5
266738,1046793.5
266739,372595.41666666674
266740,265043.18
266741,604463.0
266742,435126.41
266743,282579.78641414136
266744,772385.0
266745,497108.4033333334
266746,681749.5
266747,421558.33333333326
266748,646219.0
266749,341349.98
266750,1572823.84
266751,981630.0
266752,2075937.87
266753,469562.38
266754,409110.28
266755,473772.27666666673
266756,314000.06
266757,570716.53
266758,769794.19
266759,412908.77
266760,518487.87
266761,717002.5
266762,842287.93
266763,515084.95
266764,449887.05
266765,569978.9
266766,534653.65
266767,710103.45
266768,459492.18
266769,504544.45
266770,430791.64
266771,387320.02
266772,716113.31
266773,426822.5
266774,229719.8333333333
266775,814655.78
266776,417958.31333333335
266777,458852.33666666667
266778,582052.77
266779,594946.23
266780,515623.35
266781,1197487.4
266782,650824.4
266783,621531.25
266784,694520.9
266785,683765.2433333334
266786,524338.61
266787,435412.4
266788,505841.2
266789,841220.0
266790,921519.1833333332
266791,834830.26
266792,821596.05
266793,1503810.07
266794,1169842.09
266795,904360.0
266796,2185132.45
266797,2395817.12
266798,3893017.26
266799,1033941.0
266800,552180.95
266801,722629.78
266802,664482.8533333334
266803,508592.5
266804,483545.0
266805,514959.5633333333
266806,559950.115
266807,752778.7146666666
266808,728240.02
266809,736441.5
266810,447536.535
266811,654905.14
266812,747148.5
266813,593369.57
266814,1116323.28
266815,435640.09
266816,877980.01
266817,2250470.11
266818,462959.8
266819,985328.8209090909
266820,773328.01
266821,1529603.63
266822,1023440.9
266823,511822.23
266824,1876549.66
266825,995249.5
266826,1055208.695
266827,1857861.1286666668
266828,739192.49
266829,5047145.59
266830,1684629.99
266831,1714700.0
266832,2415065.0
266833,646732.08
266834,784744.8
266835,661130.0
266836,1212513.3466666667
266837,299350.95
266838,994297.0
266839,375209.25
266840,303526.22
266841,681709.7
266842,261616.37
266843,314674.0
266844,678703.55
266845,1507322.78
266846,818948.08
266847,540519.75
266848,631680.0
266849,376106.0
266850,287535.0
266851,311990.18
266852,274603.27
266853,240433.74
266854,436433.5
266855,650067.5
266856,1476227.48
266857,806345.97
266858,389240.51
266859,886985.0
266860,214705.0
266861,1073469.72
266862,310044.96
266863,565895.0
266864,644964.69
266865,549125.0
266866,575987.48
266867,488716.8961904762
266868,407498.636
266869,413156.555
266870,361404.02333333326
266871,360373.73333333334
266872,1371947.125
266873,750814.48
266874,560572.98
266875,491632.36
266876,718971.19
266877,651958.8533333334
266878,584135.0
266879,837122.7
266880,599795.0
266881,648850.0
266882,585200.5
266883,769398.69
266884,978039.85
266885,534785.0
266886,395490.7299999999
266887,496143.66333333333
266888,902665.95
266889,296601.5
266890,424515.0
266891,395175.0
266892,445429.5
266893,851977.6633333333
266894,730970.12
266895,887956.66
266896,577918.45
266897,794862.025
266898,483417.3
266899,261242.5
266900,457759.88
266901,688340.0
266902,688340.0
266903,850796.01
266904,656771.34
266905,511231.36
266906,666508.8933333333
266907,532467.25
266908,342836.88333333336
266909,523518.0
266910,1607350.0
266911,438776.0
266912,610742.58
266913,795723.95
266914,657564.9
266915,443933.71
266916,1524055.68
266917,1085539.5
266918,342043.38
266919,1286708.53
266920,486977.5
266921,399819.0
266922,389278.83
266923,415128.0
266924,1220826.16
266925,238922.99
266926,879088.0866666667
266927,1785415.66
266928,446934.99
266929,841854.67
266930,1127815.03
266931,1288089.382
266932,507032.98
266933,435392.5
266934,741981.0
266935,342682.5
266936,535581.3358333333
266937,410887.5
266938,421077.5
266939,419499.5
266940,477574.0633333333
266941,247848.19
266942,272438.33
266943,297580.33
266944,481726.5
266945,459435.0
266946,563540.0
266947,270947.8
266948,522091.48
266949,501195.0
266950,459596.6666666666
266951,683445.68
266952,255590.0
266953,438655.0
266954,475905.0
266955,475905.0
266956,523310.0
266957,302736.98
266958,543562.6
266959,396456.7
266960,308531.56
266961,383785.19
266962,365057.71666666673
266963,562184.0
266964,292532.08
266965,349655.0
266966,507652.15333333326
266967,262454.5
266968,354914.0
266969,304645.44
266970,365428.0
266971,490034.8166666667
266972,380965.85
266973,396292.99
266974,430347.3333333334
266975,603626.5
266976,682609.5
266977,522553.33
266978,1015412.88
266979,706435.0
266980,1568020.0
266981,623675.0
266982,1276308.88
266983,2526515.0
266984,2607410.03
266985,2213865.0
266986,1329523.6
266987,405856.7
266988,1023768.2
266989,445666.02
266990,692067.14
266991,827107.9279166667
266992,518097.06
266993,417920.57
266994,1284759.0
266995,631918.3
266996,522919.56
266997,1045425.0
266998,853910.0
266999,839226.2
267000,1266708.95
267001,1266708.95
267002,1009685.0
267003,876545.0
267004,746880.0
267005,841535.0
267006,955392.5
267007,505129.3
267008,1076370.0
267009,363717.97
267010,363717.97
267011,1017470.0
267012,442155.0
267013,1403926.18
267014,306501.6666666667
267015,9349857.68
267016,338104.95
267017,1106219.98
267018,1070350.0
267019,608540.0
267020,1704289.7
267021,361112.55
267022,805399.95
267023,393348.3333333334
267024,1317754.53
267025,541802.5
267026,349264.1766666667
267027,358824.53
267028,710608.38
267029,460412.75
267030,1195369.95
267031,457014.1833333333
267032,385865.12933333335
267033,541972.3
267034,369266.66
267035,243746.22
267036,243483.25
267037,294945.1433333333
267038,609007.5
267039,328537.64285714284
267040,796283.48
267041,1066370.0
267042,954683.0
267043,669223.78
267044,1507860.0
267045,927199.99
267046,1755739.46
267047,748777.0
267048,2347023.02
267049,1136680.0
267050,424006.73
267051,423410.52
267052,935755.5
267053,952991.2
267054,806259.0
267055,474255.97
267056,620482.73
267057,391240.43
267058,700054.0
267059,676763.75
267060,1079884.1
267061,1358893.0
267062,701571.56
267063,1538631.8
267064,724670.0
267065,1523555.0
267066,1480015.9
267067,1163430.0333333334
267068,425602.0
267069,899833.8
267070,422824.0
267071,711375.04
267072,458242.98333333334
267073,579145.0
267074,556677.0
267075,792187.0
267076,723790.19
267077,1072054.4814285715
267078,1033271.83
267079,989986.0
267080,653748.0
267081,419900.67
267082,406160.0
267083,1339871.08
267084,1223765.75
267085,427946.96
267086,1924263.8
267087,510298.0
267088,1516889.88
267089,588465.0
267090,825087.24
267091,1323096.47
267092,319261.95
267093,3620125.0
267094,2299706.57
267095,2617924.696666667
267096,1924388.0
267097,984396.8
267098,473671.0
267099,549624.4185714286
267100,895904.16
267101,347870.0
267102,1806470.0
267103,885255.35
267104,470573.0
267105,386245.09
267106,485612.0
267107,582141.84
267108,612241.1
267109,372332.72333333327
267110,490799.89
267111,412873.98
267112,517794.3
267113,472539.48
267114,1593650.0
267115,385518.95
267116,359348.25
267117,474456.0
267118,657325.0
267119,802901.0
267120,350175.0
267121,693829.5
267122,962260.85
267123,465045.60666666663
267124,839613.8
267125,1072256.0
267126,1332759.24
267127,1110248.39
267128,1212737.6
267129,751990.0
267130,654595.84
267131,550118.7899999999
267132,423157.49
267133,445358.7592142857
267134,489235.45
267135,379364.04
267136,477314.04
267137,598278.0
267138,200312.5
267139,337479.0
267140,314737.6666666667
267141,443460.95
267142,465331.0
267143,438761.0
267144,399005.0
267145,414686.0
267146,364767.63
267147,340795.0
267148,450854.5
267149,377680.0
267150,583140.45
267151,507180.0
267152,190690.0
267153,442549.13
267154,430362.21
267155,586767.15
267156,452390.5
267157,576788.9
267158,387335.0
267159,350969.5
267160,360186.0
267161,306344.95
267162,291720.22
267163,1456309.3
267164,438835.35
267165,362804.0
267166,530198.2533333334
267167,954163.75
267168,2425399.0845
267169,1138053.5733333332
267170,394791.32
267171,1222121.353
267172,7081435.0
267173,514241.67
267174,610716.0
267175,472703.17910714285
267176,448410.5
267177,699065.0
267178,544684.11
267179,986843.52
267180,996459.1
267181,1464874.99
267182,351429.44
267183,503990.0
267184,623769.99
267185,261096.53
267186,355017.06
267187,871579.5
267188,1209860.46
267189,675896.12
267190,406588.14
267191,865369.49
267192,308295.78
267193,443135.0
267194,811049.7
267195,1170995.14
267196,271549.0
267197,1333218.7142857143
267198,1132145.7370238095
267199,250643.23
267200,1056351.05
267201,1149192.79
267202,1062864.5
267203,440210.6
267204,546057.1
267205,1294050.52
267206,455294.3
267207,1271214.3
267208,483084.33
267209,476332.0
267210,1846377.19
267211,462727.87
267212,1374097.21
267213,1058322.07
267214,329790.5
267215,1385894.25
267216,408637.67
267217,705122.1
267218,575257.12
267219,795807.44
267220,1285140.0
267221,1320037.5
267222,586135.28
267223,433679.5
267224,4078305.02
267225,673094.44
267226,1065417.0
267227,887980.55
267228,791230.08
267229,3426177.5
267230,1580211.5
267231,1382010.0
267232,1258374.68
267233,1201689.74
267234,1083335.0
267235,3734300.0
267236,1476208.14
267237,1472479.0
267238,559310.92
267239,873021.37
267240,1403427.0
267241,868037.32
267242,703869.5
267243,851016.5
267244,467840.63
267245,2046346.4
267246,368680.2166666666
267247,3164024.2
267248,571448.59
267249,678066.07
267250,803046.55
267251,633381.12
267252,925569.32
267253,774052.44
267254,752212.47
267255,767149.48
267256,792806.82
267257,466393.83
267258,828887.61
267259,335688.5
267260,408485.0
267261,1093237.67
267262,396865.9
267263,448287.0
267264,485790.0
267265,1976492.24
267266,2925085.07
267267,646984.5
267268,1207907.98
267269,1767030.0
267270,1129647.5
267271,11686199.99
267272,652313.6333333333
267273,1136645.28
267274,4207425.0
267275,526007.0
267276,517041.9
267277,749359.27
267278,949623.27
267279,2671979.2
267280,1278137.42
267281,670810.0
267282,544641.35
267283,831542.55
267284,709083.33
267285,1273124.34
267286,2277981.76
267287,902097.6533333333
267288,13475632.848484848
267289,1383958.88
267290,930299.7
267291,929903.3533333333
267292,1874603.8
267293,1435052.6
267294,787610.04
267295,1728796.37
267296,293650.48
267297,393782.07
267298,348882.83333333326
267299,984120.0
267300,827740.37
267301,731998.95
267302,737637.62
267303,870308.6466666667
267304,860496.75
267305,794144.65
267306,447467.96
267307,1165265.275
267308,401863.36333333334
267309,649447.03
267310,464961.81
267311,918464.02
267312,769102.5
267313,746019.66
267314,798096.44
267315,1893373.48
267316,382506.45
267317,620179.99
267318,1369584.5
267319,331679.75
267320,650275.955
267321,661512.2
267322,1170596.72
267323,1255482.76
267324,1891035.0
267325,1879540.0
267326,3128943.06
267327,1162268.6818181819
267328,1163938.85
267329,1224061.03
267330,427358.09
267331,1542188.6333333335
267332,1887655.0
267333,1530828.22
267334,481744.95
267335,473827.0
267336,2723017.0
267337,1202494.66
267338,1332882.9733333334
267339,833836.92
267340,2696332.8
267341,895874.73
267342,534484.28
267343,683773.1
267344,525146.63
267345,1985879.0
267346,687020.045
267347,530186.82
267348,516643.17
267349,682851.74
267350,593775.19
267351,706557.94
267352,726773.34
267353,564007.01
267354,688135.9266666668
267355,7013860.0
267356,832785.49
267357,2767166.12
267358,400897.5
267359,683305.71
267360,1374120.88
267361,1351800.0
267362,499429.86
267363,1159384.0
267364,481664.1
267365,781158.0
267366,444814.3
267367,750659.2766666667
267368,625357.0
267369,1094907.9
267370,1094275.0
267371,385636.38
267372,436126.9
267373,438969.6266666667
267374,630070.0
267375,818289.325
267376,661345.95
267377,545895.0
267378,869714.5
267379,1051517.5
267380,1132673.02
267381,492893.70285714284
267382,348425.7
267383,822933.0
267384,637146.41
267385,1016987.5
267386,759175.0
267387,2004467.24
267388,1425443.0
267389,1022017.5
267390,321506.53
267391,1487171.0
267392,740414.44
267393,990435.5
267394,707935.0
267395,785126.97
267396,489303.9466666667
267397,351919.6
267398,820845.96
267399,646711.13
267400,689155.32
267401,604850.0
267402,6250755.0
267403,2839617.0642857146
267404,2379050.0
267405,2212460.2254166664
267406,4388484.481016386
267407,2547702.5983333336
267408,2692325.0
267409,764260.5
267410,266310.0
267411,2132996.0492324433
267412,945899.67
267413,3169900.0
267414,3435277.2418181817
267415,486152.40277777775
267416,445216.4
267417,706360.0
267418,519092.26
267419,556979.5
267420,654964.0
267421,690888.5
267422,362916.5
267423,352714.83
267424,621073.0
267425,658286.65
267426,569579.13
267427,400700.0
267428,575611.52
267429,319053.62
267430,558289.4
267431,380769.36
267432,411892.5
267433,854758.44
267434,481910.0
267435,655981.6433333333
267436,597104.1
267437,417855.0
267438,725653.17
267439,981438.53
267440,362949.5
267441,375395.6866666667
267442,826988.7425
267443,746734.2083333335
267444,658072.65
267445,788427.3866666667
267446,479718.0
267447,482590.5
267448,816550.27
267449,804823.62
267450,555314.5
267451,1256285.0
267452,1083903.31
267453,957599.355
267454,903656.86
267455,871551.6
267456,875816.38
267457,512650.95
267458,406351.85
267459,592959.79
267460,2840573.27
267461,662680.0266666667
267462,374094.4
267463,472556.4
267464,487117.41
267465,827207.05
267466,760452.08
267467,458737.48
267468,615844.74
267469,409400.825
267470,455865.91166666674
267471,652382.06
267472,943710.79
267473,1841626.33
267474,922404.1904761904
267475,861902.4
267476,650910.9666666667
267477,2458588.44
267478,536695.9533333333
267479,695264.0
267480,310584.5
267481,640769.7758333333
267482,417392.90166666673
267483,1065691.33
267484,333174.095
267485,341547.5
267486,611773.615
267487,665015.42
267488,550389.5866666667
267489,819450.12
267490,392587.68
267491,731118.5
267492,945238.46
267493,531744.8466666667
267494,361898.1108333333
267495,548058.18
267496,528486.64
267497,426237.88
267498,548598.575
267499,564685.5833333334
267500,463833.83
267501,485083.78
267502,753998.0733333335
267503,1695932.0
267504,473941.01
267505,295015.18
267506,466575.0
267507,732586.65
267508,481522.0
267509,574314.4
267510,602366.3508333333
267511,771483.3066666665
267512,756140.0
267513,351584.5
267514,480524.4166666666
267515,533817.45
267516,445140.55
267517,552985.95
267518,518622.33333333326
267519,339236.2733333334
267520,644495.5
267521,270250.4
267522,646788.5666666667
267523,386409.31
267524,275569.45
267525,275569.45
267526,240540.0
267527,317226.6666666667
267528,654405.0
267529,566030.7
267530,305242.16
267531,734907.5
267532,443930.2
267533,1079900.35
267534,568220.88
267535,678113.24
267536,459537.22222222225
267537,367543.91428571433
267538,394042.89333333337
267539,381256.6619047619
267540,585413.25
267541,326402.78
267542,749025.5666666668
267543,948957.46
267544,579915.0
267545,345785.0
267546,413040.0
267547,708276.55
267548,953593.5
267549,320840.5
267550,468926.9
267551,327435.88
267552,816973.82
267553,413783.0
267554,961231.0
267555,611267.5
267556,927884.17
267557,345635.1
267558,514396.38
267559,540433.19
267560,505697.01
267561,940551.59
267562,709362.42
267563,951444.79
267564,392781.21
267565,378194.86
267566,530972.35
267567,308525.0
267568,364490.18666666665
267569,659515.4075000001
267570,618807.15
267571,593142.15
267572,417150.83333333326
267573,660924.6366666666
267574,280259.75
267575,390825.49
267576,488927.5
267577,411912.145
267578,369992.0
267579,357232.5
267580,774924.1066666667
267581,395542.36
267582,332065.0
267583,335577.0
267584,645590.2808333334
267585,656984.9875
267586,380695.0
267587,266540.5
267588,830249.21
267589,656169.5
267590,454127.1433333333
267591,454127.1433333333
267592,445901.15
267593,471178.16
267594,556053.14
267595,399431.7
267596,578282.15
267597,606619.92
267598,509187.9
267599,453493.65
267600,638339.9
267601,827769.0
267602,679068.2333333334
267603,418181.0
267604,471479.45
267605,369004.4
267606,463893.5
267607,463893.5
267608,427284.95
267609,498803.1
267610,429014.99
267611,520057.5
267612,420970.0
267613,390973.3333333334
267614,385991.58333333326
267615,532960.0
267616,452776.8
267617,391699.8
267618,349039.95
267619,473907.62
267620,450384.9
267621,412403.96666666673
267622,559814.95
267623,438319.99
267624,451985.0
267625,315980.0
267626,276333.7
267627,347610.0
267628,386313.5
267629,413472.5
267630,296571.4
267631,529910.52
267632,1037011.0
267633,500462.45
267634,208677.3242857143
267635,341015.0
267636,327035.12
267637,579948.0
267638,574130.5
267639,400647.5
267640,517595.72
267641,367710.0
267642,752764.15
267643,307525.0
267644,414507.0
267645,541446.6666666666
267646,314679.82
267647,565424.99
267648,453407.0
267649,283682.72
267650,321934.5
267651,1524392.74
267652,569034.55
267653,548003.0
267654,977535.0
267655,494202.34
267656,354961.2
267657,349802.24
267658,301601.54
267659,370581.0
267660,421019.0
267661,354612.65
267662,478807.3
267663,370788.0
267664,275149.76666666666
267665,321109.15
267666,507235.0
267667,331268.5
267668,263689.96
267669,450456.98
267670,393130.85
267671,385689.5
267672,382374.5
267673,409222.0
267674,385759.4
267675,347431.6
267676,422450.01
267677,426962.0
267678,356238.28333333327
267679,401163.15
267680,343652.0
267681,604545.05
267682,584920.02
267683,761193.32
267684,304474.95
267685,545386.2666666667
267686,816760.08
267687,329340.0
267688,404820.01
267689,466038.71
267690,412980.0
267691,297319.2
267692,293868.5
267693,998842.49
267694,410865.51
267695,2065990.96
267696,585183.3
267697,452544.41
267698,426225.0
267699,501977.13
267700,626668.8
267701,772714.81
267702,1190043.17
267703,1278624.94
267704,411553.0
267705,1194277.77
267706,404481.06
267707,402446.94
267708,1322592.31
267709,915601.6666666667
267710,1543589.17
267711,387335.0
267712,376285.36
267713,637075.02
267714,1143110.4
267715,1077378.68
267716,1049076.87
267717,896741.27
267718,1052159.0
267719,540561.05
267720,718359.4
267721,799408.6166666667
267722,514524.99
267723,447209.5
267724,488198.3333333334
267725,455384.51
267726,340582.05
267727,342545.45
267728,912585.55
267729,713116.46
267730,838028.98
267731,426096.765
267732,733736.56
267733,388881.6566666666
267734,284024.35
267735,1032680.24
267736,761601.17
267737,889960.0
267738,701070.0
267739,444460.31
267740,932978.27
267741,472598.05
267742,384630.8
267743,466109.55
267744,340564.4
267745,354949.9
267746,381323.4933333333
267747,3887404.72
267748,1079127.53
267749,895980.0
267750,504954.5
267751,501949.02
267752,1514926.5
267753,877662.6
267754,982875.0
267755,392182.56
267756,521187.5
267757,318643.05
267758,372546.0
267759,376554.39
267760,427451.13
267761,623811.0
267762,464705.01
267763,187691.0
267764,438389.95
267765,420355.97
267766,548605.54
267767,447400.41
267768,398529.01
267769,299788.0
267770,181747.0
267771,223128.78
267772,344716.97
267773,230969.5
267774,298446.55
267775,280765.6
267776,400525.0
267777,674739.3
267778,380942.31
267779,149184.95
267780,564533.89
267781,744318.65
267782,705803.5
267783,385419.85
267784,613279.0
267785,332754.9
267786,946516.0
267787,675601.35
267788,450274.99
267789,258261.9
267790,274196.06
267791,295674.54
267792,409235.0
267793,401519.66
267794,508984.2
267795,471630.5
267796,757127.4
267797,317448.01
267798,589972.0
267799,678404.02
267800,348580.0
267801,223841.5
267802,867140.0
267803,514293.9
267804,894997.6666666667
267805,269168.0
267806,344352.5
267807,719591.47
267808,493778.2
267809,361720.0
267810,188892.75
267811,465082.96
267812,457750.24
267813,492170.36
267814,263325.12
267815,285695.2
267816,346936.98
267817,487497.5
267818,319468.4
267819,964245.3666666667
267820,354056.66
267821,434728.33333333326
267822,588546.0
267823,1003371.98
267824,413176.5
267825,464142.5
267826,584828.0
267827,674099.02
267828,596750.0
267829,439686.5
267830,869301.5
267831,710854.34
267832,465967.58
267833,780146.7333333334
267834,444135.25
267835,762486.5
267836,400770.175
267837,928161.22
267838,681672.78
267839,338916.41
267840,444882.37
267841,968866.71
267842,608673.5
267843,543889.33
267844,928784.3
267845,1002357.84
267846,866769.99
267847,2278881.45
267848,739018.8
267849,816837.91
267850,501825.13
267851,544992.98
267852,412853.85
267853,525115.5
267854,400559.49
267855,372553.38
267856,415666.16666666674
267857,572758.69
267858,518067.74
267859,523477.89
267860,353166.54
267861,1023578.38
267862,713815.0
267863,1006367.02
267864,412586.84
267865,651260.99
267866,681595.0
267867,1737649.58
267868,985559.4
267869,1211479.7733333332
267870,545191.63
267871,457991.95
267872,590412.3
267873,1616790.17
267874,490437.35
267875,498061.51
267876,454227.53
267877,1138635.15
267878,529030.8333333334
267879,750350.5
267880,586137.0
267881,424341.18
267882,295704.6
267883,399379.4
267884,309273.54333333333
267885,702775.26
267886,667173.6
267887,452246.0
267888,991741.44
267889,538047.5
267890,592525.5
267891,596947.5
267892,463660.5
267893,475767.72
267894,254865.0
267895,237579.0
267896,769162.82
267897,695581.6666666665
267898,491065.01
267899,386657.1314285714
267900,518175.01
267901,500891.01
267902,232559.66
267903,295151.8333333334
267904,471513.93999999994
267905,471513.93999999994
267906,485915.0
267907,404689.45
267908,133586.23
267909,319428.06
267910,549904.9
267911,351291.5
267912,742976.88
267913,300636.8
267914,720996.92
267915,330770.0
267916,135544.9
267917,505830.6
267918,426594.3138888888
267919,293522.6
267920,431915.28
267921,332668.51
267922,1071914.16
267923,658543.6333333333
267924,3493525.12
267925,288734.85
267926,563812.27
267927,1025264.75
267928,459167.3333333334
267929,347202.25
267930,418995.36
267931,347102.5
267932,351475.68
267933,428229.32
267934,485630.0
267935,286440.0
267936,1049727.0
267937,269281.87
267938,955491.0
267939,443887.75
267940,760656.25
267941,547390.0
267942,393460.0
267943,612345.0
267944,393027.26190476195
267945,338931.45
267946,499350.0
267947,530812.52
267948,354553.85333333333
267949,589265.66
267950,454730.0
267951,937099.5
267952,822368.0
267953,313342.5
267954,389560.0
267955,611616.34
267956,412580.0
267957,544811.3
267958,680940.0
267959,448907.5
267960,542170.0
267961,430687.0
267962,289720.0
267963,468935.0
267964,481206.0
267965,290862.69
267966,203998.4
267967,490090.0
267968,417310.1391919191
267969,494531.15
267970,366663.1
267971,234776.31333333335
267972,487890.1666666666
267973,1300470.0
267974,900534.39
267975,555470.0
267976,5112689.0
267977,788136.64
267978,1158398.59
267979,920925.37
267980,930302.5
267981,3043714.82
267982,724068.0
267983,877102.92
267984,326686.3
267985,663109.34
267986,481052.85
267987,1859755.14
267988,1391435.0
267989,1774032.333333333
267990,495929.4
267991,622634.83
267992,643790.9466666668
267993,595014.23
267994,565623.64
267995,307596.25
267996,1547157.96
267997,465180.34
267998,1869716.3333333335
267999,571593.56
268000,446476.6
268001,318394.76
268002,427000.61
268003,565552.96
268004,519358.95
268005,983617.1666666665
268006,885043.75
268007,1768506.31
268008,468083.38
268009,986848.1933333335
268010,720759.5
268011,530512.75
268012,809102.92
268013,1360841.84
268014,1042058.3866666666
268015,880336.4
268016,1131404.0416666665
268017,982051.0
268018,2076255.5
268019,494372.49
268020,880277.5
268021,735022.29
268022,806605.36
268023,733896.15
268024,1111480.91
268025,709766.56
268026,614425.16
268027,2143920.0
268028,492545.49
268029,738672.71
268030,1188041.05
268031,799410.94
268032,416966.05
268033,760655.58
268034,699379.71
268035,753001.08
268036,941497.16
268037,418115.75
268038,893967.88
268039,431416.2
268040,431416.2
268041,401340.14
268042,540112.25
268043,1332350.32
268044,716211.74
268045,542484.73
268046,382913.0
268047,549798.74
268048,1680404.69
268049,1825936.76
268050,533281.16
268051,499049.87
268052,1832681.44
268053,1162474.65
268054,530390.4
268055,678214.98
268056,3099287.88
268057,920837.5
268058,1602778.55
268059,970905.2
268060,719060.0
268061,1767015.0
268062,304325.18
268063,550110.55
268064,1222295.0
268065,941590.85
268066,628325.0
268067,1121936.52
268068,1678886.94
268069,1314065.33
268070,934033.68
268071,352679.5
268072,616377.0
268073,1460192.48
268074,1233217.38
268075,1538159.85
268076,1272275.05
268077,831340.02
268078,421555.0
268079,573070.0
268080,1645057.5
268081,616692.5
268082,477608.49
268083,1641124.15
268084,1677132.26
268085,1269868.88
268086,581214.95
268087,1337695.19
268088,980208.96
268089,446559.0
268090,788084.5
268091,492204.95
268092,541848.21
268093,444140.5
268094,1406040.88
268095,645675.0
268096,856821.0
268097,466915.0
268098,449465.0
268099,494380.5
268100,444262.5
268101,2937275.02
268102,614796.82
268103,420559.77
268104,2119079.12
268105,1240578.46
268106,577867.18
268107,624415.0
268108,427473.94
268109,421167.78
268110,835866.25
268111,556165.0
268112,662154.95
268113,726970.64
268114,705586.52
268115,716234.5
268116,767729.48
268117,417291.74
268118,918408.96
268119,3059879.3
268120,717729.88
268121,619676.14
268122,867020.0
268123,331870.5
268124,502503.0
268125,529625.0
268126,602331.3
268127,409924.01
268128,669698.55
268129,700926.96
268130,727725.2066666667
268131,581602.5
268132,586531.41
268133,493727.0
268134,615310.96
268135,275495.35
268136,517574.48
268137,539197.89
268138,594234.23
268139,547446.37
268140,764505.75
268141,519472.85
268142,564476.58
268143,546464.09
268144,287294.99
268145,435369.86
268146,778217.35
268147,778217.35
268148,2121443.1
268149,483576.2
268150,370060.21
268151,530828.32
268152,600929.06
268153,382150.73
268154,430755.02
268155,721054.34
268156,387541.91
268157,1880545.26
268158,403575.59
268159,319364.25
268160,156501.4
268161,292390.0
268162,366817.25
268163,304655.15
268164,319091.65
268165,438165.47
268166,444600.0
268167,432440.0
268168,780900.74
268169,285616.9
268170,323057.6
268171,543962.0
268172,411755.0
268173,915897.59
268174,435090.0
268175,452038.49333333335
268176,603567.55
268177,3396503.12
268178,659676.45
268179,744282.59
268180,670350.24
268181,733631.92
268182,992315.68
268183,412226.6666666666
268184,492449.41
268185,787851.0
268186,667969.95
268187,526110.58
268188,2326845.0
268189,1137553.0
268190,348221.97
268191,449799.07
268192,531891.51
268193,397725.0
268194,857506.9
268195,751581.55
268196,470248.8466666666
268197,810788.44
268198,505150.63
268199,448497.6233333333
268200,323623.76
268201,404181.525
268202,831860.63
268203,487253.09
268204,514173.54
268205,425103.0
268206,405748.24
268207,907383.75
268208,702020.45
268209,913958.0
268210,1097312.17
268211,831476.96
268212,1280996.44
268213,765658.92
268214,1072024.24
268215,1455190.83
268216,472549.5833333334
268217,342700.0
268218,591597.53
268219,1305954.61
268220,286253.3333333333
268221,1462828.42
268222,748066.58
268223,591192.0
268224,666568.54
268225,496444.5
268226,1443816.5
268227,1089371.0
268228,538821.5
268229,526403.5
268230,1755827.89
268231,1007353.36
268232,833949.84
268233,1186870.42
268234,508173.39
268235,490800.2
268236,4412810.98
268237,837381.33
268238,1129657.88
268239,875113.38
268240,411955.63
268241,341792.5
268242,372797.25
268243,430846.6966666667
268244,348043.5
268245,496049.61
268246,563880.0
268247,497338.02
268248,1294026.45
268249,434968.29
268250,873279.4
268251,351450.0
268252,689211.68
268253,472615.5
268254,1145949.31
268255,802649.88
268256,4968379.77
268257,432688.64
268258,300022.58
268259,408188.5
268260,437228.75
268261,3416021.54
268262,296862.5
268263,940143.66
268264,853055.44
268265,352664.58
268266,1019755.02
268267,377405.16
268268,1158990.6
268269,454291.5
268270,734117.28
268271,299393.81
268272,3904724.51
268273,458332.27
268274,918034.0
268275,674318.16
268276,1322599.4
268277,861751.89
268278,963659.76
268279,521372.53
268280,511848.16
268281,764855.9
268282,366379.5
268283,2948567.59
268284,1100577.8233333332
268285,1196240.6
268286,3740983.36
268287,1192943.7
268288,981765.18
268289,808335.48
268290,377554.0
268291,474670.07
268292,767579.95
268293,828323.36
268294,833035.0
268295,734269.99
268296,723551.46
268297,8857700.0
268298,279086.27
268299,891787.0
268300,432855.0
268301,504561.5
268302,733960.35
268303,364274.0
268304,388611.0
268305,315071.27
268306,355830.54
268307,514289.86
268308,441930.5
268309,2734959.94
268310,833712.88
268311,464557.6666666666
268312,281690.0
268313,2629902.5
268314,922342.77
268315,843948.4
268316,1617366.17
268317,290418.25
268318,1001252.8233333332
268319,379792.5
268320,1695965.0
268321,3295766.0
268322,4174928.745
268323,1234251.24
268324,769205.5
268325,1360185.583333333
268326,848715.03
268327,589034.0
268328,1205463.0
268329,919583.73
268330,2508240.72
268331,1973110.54
268332,858073.8933333333
268333,539870.0
268334,400528.84
268335,821960.0
268336,817818.8
268337,428052.49
268338,331990.7
268339,3398218.27
268340,12936506.31
268341,626660.0
268342,3694628.56
268343,999733.5
268344,3083826.88
268345,1143935.0
268346,2342322.5
268347,4378838.62
268348,2549130.0
268349,4066824.770666667
268350,447779.18
268351,1130764.49
268352,977639.71
268353,530523.94
268354,332467.3
268355,557951.96
268356,959604.1
268357,316260.0
268358,342122.4
268359,921499.9
268360,1081145.63
268361,327456.46
268362,636753.84
268363,476417.5
268364,426384.24
268365,267927.6
268366,365375.32
268367,378416.42
268368,539314.35
268369,497350.31
268370,305745.84
268371,619975.5
268372,516885.51
268373,922286.99
268374,890229.0
268375,850112.34
268376,372410.0
268377,989775.96
268378,1951126.1
268379,975837.96
268380,2380306.1
268381,864510.0
268382,292780.0
268383,366927.48
268384,707350.0
268385,393503.35
268386,1512414.65
268387,728115.0
268388,1519024.98
268389,229835.0
268390,567549.62
268391,745716.0
268392,415764.5
268393,414724.5
268394,8123568.11
268395,5397439.51
268396,593305.8333333334
268397,6585960.04
268398,4970240.01
268399,6179190.53
268400,10808050.05
268401,1448483.56
268402,1974885.18
268403,2472095.05
268404,907282.31
268405,3332557.64
268406,972181.72
268407,959804.37
268408,1185121.73
268409,629777.71
268410,522403.44
268411,564275.42
268412,1256497.0
268413,533557.212
268414,570092.2
268415,580712.0
268416,581758.59
268417,1966080.0
268418,756103.85
268419,1015860.01
268420,913829.6057142856
268421,926553.81
268422,388123.0
268423,793844.5
268424,1090410.78
268425,875142.16
268426,474310.51
268427,849813.99
268428,443753.0
268429,553426.92
268430,2123705.0000000005
268431,1137343.18
268432,736197.87
268433,674119.5
268434,686291.02
268435,1123587.5
268436,863626.0
268437,1446043.7090678208
268438,1436480.14
268439,601709.25
268440,634644.5
268441,1675800.96
268442,1683064.5
268443,1079391.5
268444,979677.47
268445,1308077.56
268446,2924840.0
268447,1659543.88
268448,794493.61
268449,540717.18
268450,727060.5
268451,1662894.5
268452,1450053.53
268453,1092466.25
268454,2040365.0
268455,1200327.0
268456,740855.5
268457,868493.25
268458,1545112.5
268459,3015605.88
268460,1400613.71
268461,1755293.87
268462,2082991.44
268463,3087395.0
268464,2888724.5
268465,2656026.5
268466,2038632.74
268467,1616799.98
268468,797880.36
268469,2231773.87
268470,1433012.08
268471,820432.9
268472,1317586.6766666668
268473,1223073.95
268474,1270388.88
268475,845878.07
268476,451426.79
268477,390339.66
268478,422242.945
268479,888388.26
268480,537874.62
268481,3256780.2
268482,1373977.02
268483,988144.7
268484,1923110.0
268485,4886527.5
268486,1925655.55
268487,2681331.76
268488,2248045.0
268489,1396730.5
268490,8149050.32
268491,2222302.52
268492,9716684.37
268493,11380167.01
268494,1220363.13
268495,479966.43
268496,397792.86
268497,814137.44
268498,447729.6966666667
268499,732637.3333333333
268500,1402057.5
268501,801255.0
268502,678148.33
268503,590497.74
268504,2075944.0
268505,642351.39
268506,382444.25
268507,315244.0
268508,554587.5
268509,337501.68
268510,382178.4
268511,538129.5
268512,473437.5
268513,499898.41
268514,346934.5
268515,928639.5
268516,764902.35
268517,1536411.0
268518,346263.54
268519,483481.35
268520,498408.8
268521,783485.0
268522,518845.0
268523,610005.0
268524,531841.79
268525,438886.76
268526,432278.75
268527,373706.5
268528,2320641.8
268529,460788.93333333335
268530,465537.18
268531,1662468.2
268532,647372.48
268533,940135.8
268534,800469.6
268535,16636740.0
268536,8106777.996666667
268537,2023185.99
268538,733130.56
268539,748155.0
268540,2824950.28
268541,1881860.0
268542,2660835.666666667
268543,685550.1633333333
268544,683806.3333333335
268545,863194.8
268546,700492.3933333334
268547,367001.0066666667
268548,618514.55
268549,539142.22
268550,929697.01
268551,1041285.01
268552,351356.95
268553,618762.45
268554,1121460.52
268555,1186394.11
268556,719940.6
268557,406077.0
268558,503320.95
268559,817156.68
268560,559161.87
268561,664000.0633333332
268562,282849.81
268563,596531.89
268564,400014.87
268565,225255.06
268566,624074.1
268567,613927.6275
268568,574027.2975
268569,867785.0
268570,934828.5
268571,714216.490186508
268572,941056.0
268573,304271.59
268574,1631864.99
268575,802157.5
268576,385293.99
268577,502588.53
268578,404597.6
268579,645453.6566666666
268580,2300011.92
268581,707950.2666666666
268582,1708105.43
268583,860713.3595238094
268584,3134963.64
268585,1481881.6
268586,1113599.9791666665
268587,13203877.65
268588,928905.4
268589,792600.37
268590,487001.88
268591,2481685.3
268592,927084.0
268593,792271.88
268594,639482.76
268595,516672.54
268596,1774104.85
268597,1737193.8216666665
268598,1774104.85
268599,447944.5
268600,5168718.53
268601,476527.83333333326
268602,3940647.8
268603,1770826.34
268604,24369026.72
268605,3767994.85
268606,1746420.6
268607,668248.46
268608,1039523.5933333333
268609,1170893.59
268610,2812842.94
268611,2614990.5
268612,540370.37
268613,3456006.52
268614,615253.5
268615,551419.04
268616,2898425.24
268617,1920433.0
268618,3194875.76
268619,515950.0
268620,536883.2133333334
268621,1364863.25
268622,835788.6466666666
268623,3607412.39
268624,1738808.84
268625,1133017.06
268626,7666385.0
268627,1496432.1
268628,1032926.3
268629,1490896.43
268630,528754.5
268631,15806157.6
268632,1770903.64
268633,804051.23
268634,1358364.38
268635,2142940.55
268636,2052621.5
268637,1123912.7525
268638,5305812.07
268639,1893944.25
268640,2243413.4
268641,619385.72
268642,314187.7166666667
268643,587138.76
268644,367043.99000000005
268645,690787.97
268646,530323.42
268647,457345.8
268648,789173.0
268649,1429765.0
268650,1242625.0
268651,876017.67
268652,283940.69
268653,258974.42
268654,904202.32
268655,689388.3
268656,259446.98
268657,610314.15
268658,1068577.64
268659,304890.66
268660,470488.50666666665
268661,293266.62
268662,359571.0
268663,481542.92
268664,540075.1733333333
268665,355348.18
268666,700718.3890476191
268667,1029635.2
268668,364462.5
268669,330441.05
268670,359983.8333333334
268671,421592.39
268672,399775.31
268673,511726.26666666655
268674,493048.5066666666
268675,3553805.0
268676,2028100.52
268677,398184.29
268678,398184.29
268679,1688740.61
268680,408305.0
268681,465634.58
268682,1140670.99
268683,1527251.9999999998
268684,346612.48
268685,1481135.0
268686,921543.98
268687,921543.98
268688,816039.97
268689,827834.9383333335
268690,2041707.76
268691,1166139.8
268692,2209725.0
268693,366944.53
268694,2510138.26
268695,1327082.26
268696,435284.34
268697,692578.7166666666
268698,962569.45
268699,696824.6800000002
268700,742269.87
268701,1269317.38
268702,221869.44
268703,1263328.65
268704,1270315.07
268705,1284889.4
268706,1205775.6
268707,644824.5
268708,1736922.0
268709,957356.5
268710,462535.48
268711,1532576.6
268712,494430.22
268713,492355.9
268714,828740.0
268715,987776.5
268716,801565.0
268717,628003.36
268718,1086097.35
268719,506951.87
268720,964273.84
268721,1088437.43
268722,893360.0
268723,1113647.1
268724,1022159.0
268725,1810786.0
268726,3554469.5
268727,853115.5
268728,471825.1652380952
268729,276611.94
268730,477756.5
268731,360697.75
268732,903373.5
268733,862835.0
268734,481296.04
268735,1206217.93
268736,638761.93
268737,371828.99
268738,1234939.3
268739,1495412.9
268740,1556630.0
268741,1217825.2
268742,709899.5
268743,1290376.98
268744,981638.14
268745,698088.51
268746,726056.1333333334
268747,1448914.333333333
268748,609637.9
268749,731059.6
268750,613298.8
268751,646126.875
268752,580828.5
268753,1184980.0
268754,544866.875
268755,614428.6466666667
268756,763424.0
268757,420851.6666666666
268758,495094.2
268759,424580.0
268760,876428.71
268761,428350.0
268762,672514.72
268763,570785.0
268764,3764615.0
268765,805472.0
268766,1094023.64
268767,4724542.0
268768,5369292.33
268769,1891444.37
268770,1407347.91
268771,5061640.0
268772,7174373.28
268773,2082957.8533333335
268774,1313415.78
268775,2870577.29
268776,901150.0
268777,5032866.45
268778,1049267.25
268779,1085359.5
268780,5102248.0
268781,1540244.45
268782,3166039.52
268783,6697643.56
268784,5976630.0
268785,697232.5
268786,473221.99
268787,1130657.49
268788,1130657.49
268789,1129996.6666666665
268790,5373400.0
268791,1448275.0
268792,3207550.0
268793,376024.5
268794,731654.82
268795,1314115.2
268796,585115.04
268797,1390283.3333333335
268798,376323.99
268799,1298770.0
268800,679114.7
268801,873681.7133333334
268802,847790.93
268803,366022.72
268804,410159.5
268805,276805.0
268806,1455709.0
268807,563812.7233333333
268808,521216.97333333327
268809,998903.8366666667
268810,2019124.61
268811,760090.89
268812,1812772.425
268813,407617.75
268814,2402262.22
268815,430302.23
268816,513331.26333333337
268817,357911.44
268818,398823.85
268819,398823.85
268820,845591.5
268821,371135.98
268822,742370.2
268823,346018.82
268824,532285.1433333333
268825,615557.95
268826,499773.23
268827,483232.218
268828,4249468.153333333
268829,460613.73
268830,449308.2
268831,384380.7
268832,371183.5
268833,407880.9
268834,505616.01
268835,611580.76
268836,632343.38
268837,532442.59
268838,629200.6
268839,773369.1566666667
268840,345842.25
268841,629385.0
268842,378974.9
268843,603390.56
268844,620801.8166666667
268845,647430.0
268846,599781.52
268847,607839.12
268848,596846.07
268849,431384.99
268850,475240.75000000006
268851,458140.8333333334
268852,517343.56
268853,364966.06
268854,675849.6
268855,439988.71
268856,703357.12
268857,663989.7333333334
268858,465386.0
268859,671179.98
268860,872249.2
268861,736512.25
268862,823578.81
268863,342109.2675
268864,692408.22
268865,1016278.5
268866,1215487.85
268867,1164814.85
268868,425700.42
268869,422118.0
268870,701811.6666666665
268871,545154.15
268872,622966.0566666666
268873,566312.83
268874,291640.0
268875,513302.6
268876,635538.38
268877,634900.05
268878,273537.88
268879,440610.65
268880,425730.1083333333
268881,745760.0
268882,308172.02
268883,308805.54
268884,582180.5
268885,362851.6
268886,362851.6
268887,321537.5
268888,1043704.0
268889,903579.48
268890,448542.25
268891,315974.98
268892,441064.5
268893,424862.27
268894,512268.3
268895,501899.0
268896,437062.0
268897,297682.61666666664
268898,353860.1416666667
268899,569765.0
268900,432255.0
268901,419835.5
268902,401276.1
268903,482860.0
268904,388422.24166666664
268905,329894.74
268906,570205.8
268907,432107.0
268908,377846.5
268909,405921.7
268910,1309677.04
268911,643057.0
268912,455469.67
268913,348642.5
268914,1167656.37
268915,708214.69
268916,1166680.0
268917,583513.8683333333
268918,2443995.7183333333
268919,410207.65
268920,478677.78
268921,624758.85
268922,338520.0
268923,446670.24
268924,285722.8
268925,334806.5
268926,356090.75
268927,404230.35
268928,403009.5311111111
268929,800513.61
268930,668701.58
268931,445272.71
268932,644999.95
268933,850108.48
268934,384640.3833333333
268935,471654.75
268936,371075.89
268937,450834.99
268938,407102.595
268939,715636.49
268940,626302.135
268941,706657.3832380953
268942,682264.9283333335
268943,370486.6716666667
268944,444499.27
268945,476990.24666666664
268946,364347.4
268947,365662.96
268948,552483.44
268949,360734.11
268950,361139.9316666667
268951,451391.76
268952,648635.6685714286
268953,321296.2
268954,504279.8433333334
268955,656134.37
268956,459784.7
268957,325562.68
268958,319137.15
268959,3176724.653333334
268960,924692.7
268961,604536.15
268962,577017.4739999999
268963,826720.4892142856
268964,628075.4112380951
268965,938419.59
268966,514892.98
268967,282814.09
268968,265205.03
268969,240837.5
268970,353112.82333333336
268971,355938.02
268972,381118.5
268973,402956.5
268974,420810.7925
268975,369651.7816666666
268976,597373.89
268977,1286168.3096666667
268978,252528.2
268979,370321.7
268980,444945.0
268981,283930.0
268982,587531.62
268983,675560.0
268984,523195.0
268985,361365.1
268986,381329.5
268987,381699.5
268988,493701.41
268989,333864.1666666667
268990,668575.0
268991,456344.48333333334
268992,427230.0
268993,420648.29
268994,258840.0
268995,364037.5
268996,261501.74
268997,712248.6
268998,404982.6766666667
268999,508196.1583333334
269000,340957.9
269001,331407.88
269002,285824.65
269003,277497.35
269004,279846.6
269005,597329.0633333332
269006,472115.49
269007,350314.8933333333
269008,549698.38
269009,435221.25
269010,409066.99
269011,417806.99
269012,262821.95
269013,465422.5666666667
269014,339580.7
269015,399300.14
269016,526368.125
269017,412046.73
269018,428012.55
269019,407161.05
269020,754491.99
269021,299042.22
269022,630330.6
269023,784694.96
269024,656756.8333333334
269025,622088.3571428572
269026,521222.16666666674
269027,875405.35
269028,640196.17
269029,659122.17
269030,683696.27
269031,415447.5
269032,554464.03
269033,703899.1366666666
269034,414419.1
269035,654132.2266666667
269036,842144.54
269037,672949.6
269038,595483.47
269039,695811.4
269040,395861.01
269041,385248.0
269042,1057770.0
269043,467801.51
269044,808974.97
269045,658845.57
269046,245676.22
269047,648792.31
269048,381626.7166666666
269049,988957.5
269050,514029.82
269051,536883.72
269052,514306.0
269053,602826.52
269054,547657.67
269055,225165.0
269056,327155.26666666666
269057,394351.0
269058,520587.7
269059,521310.92999999993
269060,755930.76
269061,832138.0
269062,778231.42
269063,309651.0
269064,604193.08
269065,632186.15
269066,615385.08
269067,620476.1
269068,402443.41
269069,648878.57
269070,670948.8333333334
269071,670060.6
269072,545812.5
269073,926821.05
269074,621938.4266666666
269075,606062.4295238095
269076,278121.4
269077,325807.6
269078,704255.5666666665
269079,704255.5666666665
269080,298029.4
269081,503766.0
269082,461802.5
269083,321635.9
269084,449682.59
269085,456446.9
269086,267821.1666666667
269087,443011.11
269088,544489.595
269089,581221.41
269090,453041.06
269091,540777.0
269092,403977.9
269093,475770.26
269094,332101.0
269095,401299.3
269096,700562.72
269097,948128.75
269098,446515.02666666673
269099,414321.4
269100,530746.36
269101,784193.59
269102,1014495.47
269103,632540.0
269104,299715.9
269105,635857.6
269106,576215.88
269107,1034682.0
269108,345504.9
269109,284580.0
269110,401631.11
269111,1317641.6
269112,454860.4
269113,487471.6166666667
269114,521508.66
269115,613293.58
269116,359438.37
269117,399327.5
269118,708619.6266666666
269119,445633.09
269120,528714.5
269121,874980.0
269122,1117853.2483333333
269123,439706.73
269124,621448.53
269125,658582.51
269126,797799.8
269127,559960.0
269128,507246.52
269129,351114.92
269130,320141.35
269131,520079.91
269132,507329.9066666666
269133,545847.52
269134,1096569.7333333334
269135,629039.73
269136,506968.81666666665
269137,445562.0
269138,350862.48
269139,760807.45
269140,962242.49
269141,1002621.16
269142,1038391.69
269143,551616.52
269144,444310.0
269145,807294.55
269146,808595.32
269147,502621.8
269148,430411.4
269149,456697.87333333335
269150,538744.16
269151,290672.49
269152,19062642.396666665
269153,342557.87
269154,434544.1666666666
269155,396677.51
269156,428865.0866666667
269157,508596.6
269158,397105.9
269159,505414.1
269160,320536.8116666667
269161,345316.3333333334
269162,338181.6666666666
269163,306021.3
269164,382410.0
269165,522214.55
269166,543019.45
269167,327331.5
269168,577211.76
269169,446802.0416666666
269170,691876.92
269171,541048.45
269172,663643.7
269173,633571.3
269174,531748.95
269175,321037.0
269176,360132.4
269177,825180.07
269178,666394.04
269179,521400.0
269180,512540.0
269181,619731.4
269182,505721.99
269183,489240.0
269184,437917.4
269185,415540.0
269186,508145.0
269187,671928.3
269188,176920.0
269189,563269.25
269190,290870.0
269191,681046.5
269192,346367.62
269193,367802.36
269194,693439.52
269195,359270.0
269196,423130.0
269197,475175.0
269198,700332.96
269199,415433.21
269200,324794.5
269201,238487.5
269202,256063.0
269203,606941.0
269204,561881.9
269205,561207.45
269206,389120.0
269207,327635.0
269208,356803.91
269209,405382.75
269210,414534.65
269211,386400.0
269212,386400.0
269213,608810.1
269214,1188835.5
269215,411808.8
269216,347290.19
269217,1106069.47
269218,1131533.69
269219,776717.7
269220,1345371.5
269221,953604.0
269222,1078472.04
269223,548005.79
269224,548005.79
269225,374739.3
269226,977579.33
269227,848181.24
269228,1050829.99
269229,951945.08
269230,308548.9
269231,645339.52
269232,1106043.8
269233,408272.0
269234,386593.64
269235,353927.81
269236,321364.92
269237,242419.45
269238,459535.0
269239,602536.32
269240,420517.57023809524
269241,441260.0
269242,563698.48
269243,1179547.4899999998
269244,419678.42
269245,415937.5
269246,393918.21666666673
269247,411436.6266666667
269248,391090.00000000006
269249,438878.95
269250,441564.95
269251,461655.55
269252,497841.0
269253,655740.0
269254,661350.0
269255,879226.4866666667
269256,708674.98
269257,949207.4166666665
269258,395060.8333333334
269259,625088.5
269260,413891.805
269261,504340.0
269262,273712.6
269263,352241.41
269264,1214797.7566666668
269265,415509.68666666665
269266,592531.8
269267,2315853.28
269268,412217.02
269269,941851.29
269270,765164.79
269271,529157.2999999999
269272,366634.0
269273,872362.7
269274,635256.4906666667
269275,366590.32
269276,367626.19
269277,495677.08
269278,364935.9166666666
269279,535644.42
269280,430127.47
269281,608320.45
269282,639822.04
269283,609076.57
269284,606326.7433333334
269285,490618.11
269286,779097.76
269287,2150041.64
269288,944202.33
269289,439789.5
269290,346419.96
269291,777589.45
269292,918136.54
269293,609690.425
269294,788325.2
269295,494075.25
269296,962679.21
269297,955776.64
269298,779994.47
269299,723373.2071428571
269300,564570.0
269301,829693.64
269302,529280.0
269303,512951.38
269304,678856.1807251461
269305,858784.55
269306,891499.4285714286
269307,600089.78
269308,682387.505
269309,3246548.0
269310,914876.95
269311,582299.05
269312,630609.5
269313,1613793.31
269314,1225532.9233333333
269315,1745699.27
269316,1560799.04
269317,849483.88
269318,852645.0
269319,556403.2733333333
269320,830725.0
269321,441220.126
269322,541339.4866666667
269323,792773.5957777777
269324,292777.15
269325,257622.97619047618
269326,519602.06666666665
269327,569042.95
269328,366220.83
269329,449023.84
269330,570251.33
269331,693753.73
269332,529533.9
269333,695714.36
269334,511136.07
269335,1191668.86
269336,738934.79
269337,852475.65
269338,1170068.33
269339,687901.6666666667
269340,1063894.5
269341,533523.84
269342,401154.49
269343,607058.45
269344,608918.3483333334
269345,1757950.0
269346,403189.27
269347,474971.91
269348,3876327.5
269349,961880.63
269350,1732018.5
269351,996838.245
269352,2310087.61
269353,556355.5
269354,396245.0
269355,1837604.8
269356,2075835.0
269357,587674.37
269358,2338863.31
269359,852878.3266666667
269360,386017.12762445887
269361,1304438.0
269362,1188145.81
269363,1674738.0
269364,2265351.0
269365,1649280.0
269366,579290.26
269367,510837.49
269368,899062.47
269369,1403899.285333333
269370,350298.44
269371,1362584.9
269372,2714780.36
269373,474841.65
269374,505447.05
269375,373320.95399999997
269376,524371.9833333333
269377,575862.5
269378,536334.0
269379,652225.1
269380,624198.0
269381,358400.0
269382,404208.48
269383,798057.5
269384,422001.19
269385,560686.0
269386,733296.46
269387,693099.8
269388,745645.81
269389,641606.0
269390,699811.46
269391,269972.0
269392,638543.12
269393,626432.63
269394,2627561.86
269395,313529.32333333336
269396,190664.5
269397,504198.91
269398,370950.66
269399,688756.29
269400,379757.62
269401,621635.0
269402,1344016.45
269403,731890.66
269404,561392.36
269405,2929289.99
269406,590564.0
269407,436386.0
269408,575089.99
269409,350770.71
269410,386594.53
269411,375984.69
269412,515413.99
269413,521058.4
269414,371273.75
269415,388807.68
269416,277247.5
269417,548726.3833333333
269418,506289.07
269419,441444.59
269420,1047290.98
269421,667984.98
269422,488242.4761904762
269423,457325.3333333334
269424,611774.85
269425,715442.32
269426,414131.58
269427,549925.4
269428,373314.23
269429,818442.54
269430,687656.54
269431,660340.5
269432,561418.88
269433,372655.0
269434,628591.5
269435,1047380.0
269436,915829.5
269437,811575.0
269438,763281.2833333334
269439,359960.0
269440,475075.0
269441,534944.0
269442,503164.5
269443,774185.48
269444,1047618.5
269445,508530.68000000005
269446,368122.06
269447,365302.5
269448,451730.0
269449,1027500.98
269450,638720.1
269451,689522.11
269452,716096.6966666665
269453,867483.55
269454,466280.0
269455,1033154.51
269456,677817.5916666666
269457,716880.0
269458,1055485.0
269459,729943.6
269460,414741.74
269461,668001.52
269462,275375.0
269463,265481.74
269464,1049285.0
269465,509519.34
269466,397838.23333333334
269467,372966.78857142857
269468,281878.04
269469,1985268.3
269470,555072.5
269471,581669.78
269472,443301.09
269473,1727833.44
269474,515082.93
269475,1379870.0
269476,492163.08
269477,1390780.2
269478,569499.38
269479,449702.5
269480,514083.59
269481,452199.31
269482,390644.915
269483,689086.0
269484,349681.5
269485,584334.94
269486,419463.08
269487,722004.5
269488,499073.23
269489,428982.21
269490,681725.0
269491,464955.74
269492,398180.14285714284
269493,402885.26
269494,663854.1
269495,289443.00000000006
269496,613159.5
269497,516458.19
269498,607083.3333333333
269499,406900.0
269500,672373.48
269501,538552.5
269502,408835.0
269503,307540.8
269504,504053.3333333334
269505,632676.7333333333
269506,463249.4333333333
269507,370349.1833333333
269508,412575.84
269509,492463.27
269510,575364.9047619047
269511,206382.22
269512,209025.0
269513,289202.97
269514,223613.3333333333
269515,448305.0
269516,302930.23
269517,441973.1666666666
269518,334524.0
269519,401458.33333333326
269520,423865.0
269521,363679.9
269522,415045.0
269523,451850.0
269524,225907.5
269525,351499.5
269526,283067.5
269527,246265.0
269528,1729072.0
269529,1427134.0
269530,1066921.92
269531,417257.5
269532,422496.5
269533,2001198.95
269534,715663.3333333335
269535,2561498.0
269536,473254.54
269537,751142.8533333333
269538,776719.0
269539,1206922.93
269540,6941460.0
269541,1466022.0
269542,1376933.5
269543,840005.0
269544,373700.46
269545,1501965.0
269546,347814.4863636364
269547,1486533.2766666668
269548,668206.99
269549,416660.22666666674
269550,3010925.0
269551,572333.52
269552,426470.0
269553,8850007.76
269554,3048214.65
269555,14801900.0
269556,5825900.0
269557,9684060.0
269558,8085609.958
269559,5953845.0
269560,5555290.0
269561,435586.9
269562,340890.3
269563,426777.26
269564,1049941.3333333333
269565,386210.5
269566,1016176.27
269567,450558.68
269568,1651560.68
269569,816868.57
269570,470807.0
269571,288969.5
269572,308410.94
269573,289551.53
269574,596730.6666666666
269575,1251835.0
269576,1123325.67
269577,444292.68
269578,1050786.4
269579,1017594.0
269580,996501.0
269581,996905.0
269582,306373.3
269583,852387.45
269584,1049265.0
269585,450691.139047619
269586,212865.0
269587,709565.46
269588,396084.0
269589,320414.9
269590,536893.4
269591,579412.7
269592,641839.0
269593,727153.05
269594,659049.5
269595,333968.25
269596,583192.64
269597,563922.0933333334
269598,294833.48
269599,424371.5
269600,395415.2
269601,502184.02
269602,592488.0
269603,548670.1
269604,591477.9
269605,359187.55
269606,631672.5
269607,1246200.0
269608,816035.28
269609,310494.2
269610,663240.0
269611,456515.18
269612,748434.87
269613,326712.43
269614,401815.0
269615,388979.685
269616,1304725.14
269617,555507.5
269618,804391.99
269619,411238.41
269620,884069.99
269621,608622.5
269622,1221550.0
269623,699214.77
269624,446264.75
269625,830394.99
269626,779033.3
269627,803245.0
269628,671750.5
269629,819125.0
269630,554077.0
269631,855823.29
269632,8617943.36
269633,294738.22
269634,947322.0
269635,555320.5
269636,634422.75
269637,561629.71
269638,768716.5
269639,701108.2
269640,662049.9
269641,990280.0
269642,736080.7514285713
269643,501294.6985714286
269644,726320.34
269645,476359.98333333334
269646,309396.5
269647,734907.5
269648,378485.01
269649,494259.542
269650,718767.5
269651,693720.25
269652,365743.51
269653,574331.33
269654,456709.1575
269655,388123.47333333327
269656,587954.4666666667
269657,478948.0
269658,906331.88
269659,497103.03
269660,658410.5
269661,438369.94
269662,617054.4133333333
269663,545639.0
269664,378116.655
269665,870523.68
269666,915203.33
269667,761566.9
269668,496490.08
269669,382874.5
269670,431145.0
269671,2611149.5
269672,772118.94
269673,608652.06
269674,781607.12
269675,1051525.0
269676,764874.5
269677,2636737.5
269678,583942.5
269679,2022655.0
269680,1211775.47
269681,611540.0
269682,530330.69
269683,615330.8128571429
269684,1232463.3333333333
269685,1188326.56
269686,917852.55
269687,412012.27
269688,529575.0
269689,635213.36
269690,646859.92
269691,814655.0
269692,508075.0415555556
269693,1540408.53
269694,472679.5
269695,401895.0
269696,465094.0
269697,699493.5
269698,1784007.5
269699,1125737.0
269700,1163622.6
269701,1490550.8
269702,1529953.0
269703,454674.1666666666
269704,1421670.0
269705,1634763.7
269706,421676.0
269707,466643.5
269708,386854.43
269709,339164.42
269710,415817.1
269711,490341.98961904756
269712,504696.53428571427
269713,438897.3734999999
269714,241385.0
269715,171506.89333333337
269716,333130.0
269717,256486.33333333337
269718,375622.0
269719,351880.0
269720,381198.28
269721,420501.75
269722,456850.5
269723,420964.75
269724,430302.9
269725,339410.0
269726,404823.5
269727,442104.5
269728,419519.5
269729,244971.6666666667
269730,212290.0
269731,1235403.69
269732,1647778.42
269733,2311635.0
269734,559582.7
269735,910385.0
269736,1015807.72
269737,10204244.0
269738,3024685.21
269739,5670545.333333332
269740,1232740.73
269741,1544212.85
269742,6717310.0
269743,538299.64
269744,1366873.54
269745,1041637.17
269746,620787.26
269747,1368606.45
269748,1123171.34
269749,368610.14
269750,481744.39
269751,971663.36
269752,2534650.0
269753,277157.95
269754,1039691.49
269755,520647.64
269756,405433.02
269757,1022668.97
269758,257768.0
269759,1216097.82
269760,1097429.5
269761,200718.29
269762,328625.74666666664
269763,572784.06
269764,980174.17
269765,585606.42
269766,431636.18
269767,1812688.5
269768,461473.99
269769,2380500.0
269770,1316676.43
269771,588431.4
269772,1237861.65
269773,664359.1
269774,414234.24516666663
269775,1786009.5
269776,800825.0
269777,1238634.0
269778,843060.0
269779,641532.0
269780,577592.5
269781,370004.45
269782,370004.45
269783,668689.95
269784,675787.44
269785,372375.0
269786,1044111.0
269787,1038160.35
269788,1110885.31
269789,1126759.44
269790,743769.92
269791,3129380.55
269792,1106785.0
269793,559482.75
269794,1566382.5
269795,2359112.6
269796,761577.63
269797,327150.0333333334
269798,574988.88
269799,595961.51
269800,402388.65
269801,557034.97
269802,496011.66
269803,210588.19
269804,1271120.0
269805,290933.0
269806,962909.12
269807,713920.67
269808,797985.1
269809,719802.86
269810,1307285.92
269811,521873.52
269812,350241.88
269813,380081.94
269814,883300.1
269815,297415.24
269816,642154.0812229436
269817,339629.5
269818,3370601.12
269819,992139.25
269820,1230583.38
269821,2964934.5
269822,443975.4866666667
269823,1220723.4
269824,3115509.4
269825,4902406.4
269826,1365634.5
269827,1702147.36
269828,441109.5066666667
269829,625988.28
269830,1396749.87
269831,1278192.01
269832,1058985.38
269833,1242765.8
269834,2286070.0
269835,1129332.4
269836,622570.0
269837,506092.7
269838,807733.32
269839,539924.25
269840,832044.49
269841,608272.57
269842,531618.83
269843,946522.37
269844,998710.11
269845,975854.5
269846,861110.0
269847,743590.3
269848,391380.66
269849,961384.96
269850,521887.0
269851,729356.1733333335
269852,1807470.0
269853,1153419.9
269854,1306810.2
269855,1933123.6666666665
269856,874550.5
269857,541155.35
269858,441242.42
269859,1397085.8
269860,706199.5
269861,357848.74
269862,580433.01
269863,2683162.8
269864,1842331.4
269865,438822.73
269866,712666.73
269867,623681.26
269868,833405.0
269869,868182.0625
269870,451911.6
269871,544116.19
269872,544779.2
269873,386443.33333333326
269874,1259978.33
269875,703366.8
269876,379119.1666666666
269877,1332267.1
269878,508778.8
269879,853286.85
269880,1392950.0
269881,619159.9
269882,782573.74
269883,742530.1766666668
269884,530909.5
269885,833375.0
269886,501797.1133333333
269887,711795.83
269888,485939.8
269889,903103.005
269890,626850.18
269891,716182.78
269892,746774.0742857143
269893,986593.0
269894,690880.5
269895,670285.15
269896,283670.7833333334
269897,409702.0766666667
269898,359678.9333333333
269899,374571.37650793657
269900,2342290.98
269901,1439200.0
269902,328666.5233333333
269903,1222941.38
269904,319460.2
269905,345733.5
269906,2040259.72
269907,872203.01
269908,7450621.82
269909,451106.1966666667
269910,427950.27
269911,9572180.0
269912,2525960.0
269913,3110265.0
269914,916720.0
269915,642854.49
269916,3856547.5
269917,407119.5
269918,505840.5
269919,1659664.55
269920,5141347.0
269921,9634033.08
269922,1465757.0
269923,1505268.55
269924,2232740.87
269925,362249.73444444453
269926,364715.94
269927,495136.54
269928,602635.25
269929,248471.5
269930,685051.7
269931,447685.87
269932,462517.595
269933,462878.535
269934,356848.4
269935,298689.94
269936,243488.0
269937,250646.5
269938,417571.7
269939,390199.62371212116
269940,423635.6
269941,541579.03
269942,479199.5
269943,481692.8233333333
269944,474412.2
269945,531590.0
269946,469422.14
269947,314076.28
269948,422247.27
269949,273039.0
269950,529375.88
269951,539627.63
269952,509997.33
269953,453223.64
269954,413060.21
269955,674770.0
269956,523952.63
269957,495360.73
269958,398502.35
269959,400850.5
269960,358012.85
269961,394907.8
269962,889170.8258333334
269963,775887.115
269964,400212.9666666666
269965,764273.2033333333
269966,860472.2166666666
269967,551216.0
269968,351386.0
269969,996790.4141666667
269970,1034241.1633333334
269971,682014.7933333335
269972,744278.3570238097
269973,634404.58
269974,663540.6
269975,471617.63333333336
269976,436037.08
269977,815143.27
269978,1177978.5
269979,576310.5
269980,469091.5
269981,354063.0
269982,488203.95
269983,849259.8091666667
269984,400985.25
269985,542963.5
269986,319044.7
269987,1073869.4428571428
269988,570439.29
269989,636007.7383333334
269990,1212014.0
269991,502349.97
269992,559118.45
269993,239300.5
269994,309606.15
269995,1142464.0
269996,652677.73
269997,1211804.5633333335
269998,434151.695
269999,736545.0
270000,856572.91
270001,635606.475
270002,903574.47
270003,393200.6933333333
270004,595620.8
270005,374974.01
270006,443124.33
270007,420046.66
270008,330284.65
270009,387055.66
270010,465920.0
270011,402834.44166666665
270012,502796.95
270013,548645.0
270014,667338.57
270015,342779.1
270016,429671.04
270017,652873.39
270018,445176.07
270019,864246.83
270020,441732.4
270021,615740.02
270022,788748.185
270023,1084660.3175
270024,417912.34
270025,856646.66
270026,528957.32
270027,720203.36
270028,638970.28
270029,467712.78
270030,1166197.3166666667
270031,282035.0
270032,361198.16
270033,491709.13
270034,378839.9333333333
270035,406414.81
270036,494336.5
270037,484780.0
270038,839667.49
270039,416890.0
270040,570255.74
270041,569751.55
270042,613239.3333333334
270043,508342.76333333337
270044,904267.47
270045,1347504.5
270046,407021.6666666666
270047,495641.51
270048,856150.13
270049,718945.7
270050,346384.1214285714
270051,690361.0666666668
270052,512006.85333333333
270053,726599.0
270054,657486.0
270055,1020784.13
270056,355675.1
270057,249915.8
270058,743302.5
270059,1075218.97
270060,837875.14
270061,264140.23
270062,280062.8
270063,384365.40333333326
270064,433546.0
270065,288530.17
270066,404212.35833333334
270067,323599.0
270068,16285183.22
270069,373972.0
270070,498378.17
270071,361967.13
270072,222024.4
270073,713816.55
270074,256965.00000000003
270075,477853.46
270076,436367.5
270077,468207.3333333334
270078,1543561.7
270079,338708.65
270080,438200.69666666666
270081,440268.8333333334
270082,1394257.55
270083,1295829.0
270084,263186.0
270085,375048.14
270086,263207.5
270087,335736.1416666667
270088,401230.5
270089,393289.74
270090,398945.5366666666
270091,443915.0
270092,1029976.1
270093,815147.7
270094,373124.5
270095,993466.74
270096,469967.87
270097,495394.34666666674
270098,941990.48
270099,781476.43
270100,780295.96
270101,458304.28
270102,322400.7
270103,898278.79
270104,301284.2
270105,540545.9
270106,640622.8366666667
270107,1288331.07
270108,659679.79
270109,761251.1666666665
270110,553082.2
270111,1012695.14
270112,992200.0
270113,1000776.09
270114,970811.17
270115,682072.2666666667
270116,336030.0
270117,498875.3
270118,461780.5
270119,412072.35
270120,377046.5
270121,512129.9
270122,443527.4
270123,700627.13
270124,707180.0
270125,681690.8808333332
270126,572084.3
270127,260549.45
270128,402255.15
270129,598341.88
270130,336520.53666666674
270131,681174.1666666667
270132,275522.5
270133,876983.5566666665
270134,395120.0
270135,744551.5
270136,567913.68
270137,824454.1925
270138,333207.63
270139,826819.86
270140,424997.72
270141,555247.5
270142,469363.47
270143,469363.47
270144,548228.69
270145,669175.0
270146,636745.44
270147,811673.94
270148,426272.4133333333
270149,494757.0
270150,1007864.13
270151,611317.6173076923
270152,350094.7
270153,591775.61
270154,469494.2
270155,477648.25
270156,589734.0
270157,297110.0
270158,1211512.8
270159,871142.0233333334
270160,326521.9
270161,462565.0
270162,467933.49
270163,465165.0
270164,439240.98333333334
270165,495660.1
270166,375628.01
270167,560412.6
270168,440077.55
270169,372627.35
270170,444171.9
270171,332705.5
270172,364687.25
270173,523212.6
270174,314744.8
270175,445365.14
270176,317192.3
270177,488520.75
270178,325835.4542857143
270179,402972.1666666666
270180,325865.36
270181,301633.7
270182,297873.19
270183,393215.125
270184,393215.125
270185,336555.24
270186,351573.2
270187,303914.0
270188,271344.70666666667
270189,333543.0
270190,2434018.78
270191,360460.01
270192,396265.05
270193,338038.6
270194,752942.76
270195,269011.04000000004
270196,341898.2
270197,460736.3
270198,290691.68
270199,298350.0
270200,742705.74
270201,795027.69
270202,540354.85
270203,499082.2
270204,779518.16
270205,393701.65
270206,278636.6666666666
270207,369607.95
270208,375248.45
270209,502120.0
270210,541166.24
270211,300872.4
270212,396130.0
270213,311846.0
270214,385614.84
270215,525255.0
270216,422896.4166666666
270217,403064.99
270218,418396.86666666664
270219,409854.9
270220,347316.0
270221,407610.0
270222,456094.9
270223,355782.0
270224,376681.1
270225,272476.95
270226,257184.8
270227,255583.5
270228,555301.74
270229,282759.5
270230,201342.82
270231,627206.27
270232,331375.0
270233,295226.04
270234,535800.01
270235,246554.76
270236,565151.56
270237,301028.5
270238,276855.05
270239,390208.78
270240,238465.0
270241,308095.0
270242,411567.3
270243,313697.46
270244,407649.16
270245,407694.36
270246,366650.2
270247,576189.85
270248,404398.5
270249,396491.5
270250,306212.0
270251,423530.0
270252,485923.46
270253,583466.39
270254,746128.28
270255,715780.5
270256,336476.3
270257,496530.5
270258,831708.21
270259,658870.5633333334
270260,644511.44
270261,1847397.82
270262,1103026.81
270263,1062302.84
270264,1201166.2
270265,1400026.17
270266,1482900.76
270267,518502.5
270268,613565.15
270269,1782857.93
270270,716361.1
270271,536755.0
270272,337570.9
270273,444266.52
270274,765598.8333333335
270275,402979.3
270276,387611.0
270277,376711.0
270278,326514.0
270279,990396.1
270280,862215.05
270281,258484.65
270282,390143.72
270283,259987.3
270284,521229.6
270285,434683.68
270286,362033.8
270287,472767.5
270288,1424435.32
270289,721196.09
270290,299516.0
270291,420599.11333333334
270292,440974.21
270293,829750.32
270294,293532.0
270295,305684.1666666667
270296,389435.0
270297,614045.83
270298,581108.84
270299,279522.73
270300,319917.3
270301,401996.89
270302,284259.0
270303,510770.0
270304,447847.01
270305,866880.2833333333
270306,1568153.78
270307,534124.5
270308,1162254.51
270309,1142893.58
270310,535339.84
270311,4952870.4
270312,446117.0
270313,273975.0
270314,413751.0
270315,317456.77
270316,1026561.32
270317,327503.85
270318,438691.12
270319,556770.0
270320,589573.0
270321,458839.95
270322,258824.95
270323,463331.55
270324,575311.4
270325,354382.52
270326,446889.68
270327,226203.0
270328,598499.35
270329,254545.0
270330,266032.66
270331,391601.34
270332,1007256.5
270333,407384.25
270334,519453.0
270335,414543.3
270336,611554.24
270337,790978.0
270338,531172.84
270339,368824.9
270340,997073.0
270341,322931.04
270342,250560.8
270343,398967.6
270344,341313.28
270345,303858.9633333334
270346,240165.01
270347,292703.6
270348,285287.73
270349,333167.6
270350,762763.75
270351,762763.75
270352,852186.08
270353,509745.44
270354,449093.83
270355,447656.0
270356,552712.5
270357,534467.71
270358,342265.0
270359,751141.04
270360,433218.5
270361,900680.0
270362,672640.0
270363,344344.21
270364,324959.85
270365,320671.85
270366,609664.99
270367,362621.06
270368,617724.225
270369,433304.5
270370,1072746.0
270371,408454.45
270372,520850.0
270373,561505.0
270374,622514.99
270375,721050.0
270376,466090.0
270377,713604.5
270378,1815346.83
270379,876555.0
270380,323316.5
270381,1707608.0
270382,729193.43
270383,1686790.25
270384,672001.0
270385,478401.62
270386,800309.7
270387,358290.0
270388,982838.0
270389,553138.015
270390,563896.0
270391,397555.1833333333
270392,341615.9
270393,470945.2
270394,467110.72
270395,404018.48
270396,476770.0
270397,495237.5
270398,542514.36
270399,528087.84
270400,913708.0
270401,615185.8
270402,507873.98
270403,403594.17
270404,419734.45
270405,1070968.0
270406,497750.04
270407,628502.0
270408,1180321.51
270409,405510.775
270410,677264.92
270411,560133.47
270412,421026.68
270413,283561.0
270414,957910.01
270415,430611.61
270416,442358.0
270417,591850.22
270418,451889.01666666666
270419,378554.84
270420,653065.95
270421,364306.75
270422,394234.23
270423,406538.63
270424,459863.69
270425,661861.73
270426,359852.19
270427,354924.5
270428,464188.54
270429,2079645.08
270430,980175.93
270431,511332.89
270432,488384.66
270433,601381.6
270434,513019.0
270435,424084.41
270436,410042.40666666673
270437,438333.25666666665
270438,1314117.41
270439,218460.66
270440,369831.27
270441,274996.65
270442,418019.75
270443,588709.4
270444,248860.46
270445,625770.8
270446,408378.66
270447,282901.63666666666
270448,248780.0
270449,366991.0
270450,246276.92666666664
270451,296160.66
270452,319857.1666666667
270453,487512.83
270454,544697.4766666667
270455,602659.4
270456,506163.8666666667
270457,412667.01
270458,330745.7
270459,172047.68
270460,257452.99666666664
270461,312193.85333333333
270462,372432.0
270463,356475.0
270464,517856.16666666674
270465,306397.72
270466,224812.0
270467,391187.41666666674
270468,273851.75
270469,416884.3333333334
270470,443907.74833333335
270471,271741.6666666666
270472,422200.8
270473,687253.55
270474,410370.01666666666
270475,3303370.55
270476,345957.03
270477,434209.58
270478,214726.85
270479,466865.55
270480,490330.95
270481,485393.22
270482,759164.14
270483,265217.5
270484,460278.91333333333
270485,726871.21
270486,247261.5
270487,656758.95
270488,385907.5
270489,742721.19
270490,493677.5
270491,566109.99
270492,327143.6333333333
270493,320150.0
270494,385856.84
270495,357020.0
270496,577309.66
270497,417447.96666666673
270498,439789.45
270499,424595.0
270500,655628.6466666666
270501,277447.0
270502,406068.81
270503,539685.0
270504,449316.42666666664
270505,398304.38333333336
270506,503627.75
270507,588664.0
270508,360441.42
270509,306223.0
270510,355172.5
270511,512237.5
270512,397714.5833333334
270513,504332.85
270514,392753.45
270515,459017.5
270516,380504.95
270517,511290.0
270518,413404.0
270519,524720.8666666667
270520,732086.4466666665
270521,537195.28
270522,372287.74
270523,498884.5
270524,535438.2
270525,226892.1
270526,450201.0
270527,313072.78
270528,168985.0
270529,275824.56666666665
270530,521215.26
270531,2754137.0
270532,695260.34
270533,6470225.01
270534,4266549.0
270535,848590.25
270536,1051797.3333333335
270537,2227170.55
270538,715154.5
270539,872907.0
270540,943859.42
270541,945059.8
270542,353231.31
270543,684307.0
270544,1203994.61
270545,4899924.97
270546,552409.5
270547,1590755.92
270548,612605.61
270549,2521655.0
270550,2029807.59
270551,529874.58
270552,1185875.3233333335
270553,658736.9
270554,705714.38
270555,1965807.15
270556,1085496.25
270557,1349207.5
270558,767984.7666666666
270559,1198927.56
270560,1742747.56
270561,1189231.96
270562,612010.38
270563,542867.07
270564,740477.5
270565,1331958.0
270566,2822700.0
270567,1142779.23
270568,1317720.0
270569,2010084.43
270570,547668.5066666666
270571,1624981.09
270572,718889.17
270573,1959800.83
270574,1210674.77
270575,514744.83
270576,1436301.41
270577,1456936.92
270578,1333703.06
270579,1665598.366666667
270580,525306.84
270581,785915.18
270582,408210.02
270583,437217.31
270584,1283305.88
270585,837455.3333333335
270586,399009.0
270587,692558.4
270588,738429.42
270589,1425083.53
270590,880178.29
270591,2874525.86
270592,871707.2
270593,398128.78
270594,1015140.3
270595,1262346.88
270596,825752.5
270597,1150493.9683333333
270598,820980.0
270599,649661.08
270600,731078.66
270601,1661728.24
270602,1209025.25
270603,472564.88
270604,1156362.4
270605,534296.81
270606,1036272.5
270607,408875.0
270608,642218.21
270609,712725.16
270610,2057925.0
270611,583731.5
270612,1237058.49
270613,656500.0
270614,1169177.84
270615,548463.98
270616,535179.24
270617,472063.64
270618,1682181.54
270619,1724597.68
270620,1770211.56
270621,507045.5
270622,1182471.01
270623,2501415.0
270624,782495.0
270625,1298192.99
270626,1306435.27
270627,865058.88
270628,520493.5
270629,1346275.0
270630,808327.77
270631,1387351.8
270632,608679.04
270633,866984.49
270634,804969.4
270635,999428.0
270636,941853.88
270637,429763.5
270638,529686.62
270639,815653.0
270640,518685.0
270641,715133.75
270642,545186.5
270643,396245.74
270644,559564.96
270645,1282161.11
270646,485830.0
270647,505063.49
270648,526743.52
270649,533865.0
270650,425829.3
270651,1205114.4366666668
270652,567050.0
270653,1187613.68
270654,1044834.99
270655,372232.57
270656,376640.0
270657,5453066.2
270658,877849.0136363636
270659,928411.39
270660,779845.62
270661,632619.5
270662,470682.5
270663,495760.0
270664,386171.68
270665,468963.61
270666,657998.0
270667,1442693.73
270668,274864.26
270669,492847.45
270670,542429.7
270671,538285.0
270672,249257.44
270673,578456.18
270674,320562.5
270675,391077.4
270676,526262.0
270677,1679542.55
270678,1251807.4966666668
270679,1188904.0366666666
270680,620442.5
270681,724043.72
270682,786650.0
270683,706335.94
270684,622360.35
270685,364500.51
270686,867720.0
270687,417374.1833333333
270688,624458.25
270689,416827.5
270690,646196.0
270691,389220.0
270692,566798.04
270693,345612.0
270694,432607.0
270695,228375.0
270696,562606.27
270697,430768.5
270698,1467396.33
270699,1224294.9
270700,341843.44
270701,670392.84
270702,545750.45
270703,547925.28
270704,547925.28
270705,658648.1
270706,412990.0
270707,719184.69
270708,300350.0
270709,365657.46
270710,705840.0
270711,1743445.04
270712,284353.64
270713,274546.9
270714,518110.65
270715,436063.18
270716,506406.96
270717,426277.68
270718,445724.93
270719,562041.22
270720,288684.2
270721,581580.0
270722,298275.6
270723,1037335.33
270724,414275.5
270725,545426.58
270726,431556.0
270727,250969.54
270728,300060.69
270729,551946.48
270730,446268.75
270731,472167.42
270732,795774.5
270733,272015.0
270734,185170.0
270735,545366.35
270736,1255351.58
270737,486214.37
270738,491909.13
270739,487469.13
270740,447195.83333333326
270741,848100.0
270742,507574.72
270743,961270.34
270744,370569.54
270745,400301.2
270746,629216.06
270747,765790.16
270748,810478.34
270749,520307.94333333336
270750,570946.09
270751,1043061.03
270752,1349486.61
270753,703918.0
270754,932631.5
270755,713169.88
270756,700839.0
270757,429801.0
270758,1765823.5
270759,511024.63
270760,425248.6666666666
270761,1958022.5
270762,1043422.56
270763,443962.77
270764,418898.0
270765,2513160.0
270766,583703.0533333333
270767,395820.0
270768,705920.45
270769,401772.9
270770,421767.66
270771,473329.66333333333
270772,407915.44
270773,648415.62
270774,461021.98
270775,304268.5
270776,369524.27
270777,909405.84
270778,1084015.12
270779,1088626.4
270780,1437425.04
270781,800843.18
270782,540131.27
270783,434371.32
270784,1649653.16
270785,1103229.56
270786,460623.25
270787,413708.35
270788,1112083.88
270789,1270585.78
270790,501140.75
270791,1488982.04
270792,1160320.52
270793,763654.4
270794,1502167.4
270795,1246430.9
270796,984985.92
270797,470913.3
270798,476170.25
270799,460144.32
270800,669571.1
270801,2118387.5
270802,1511910.07
270803,366864.25
270804,588214.35
270805,401488.38
270806,516170.6
270807,1120290.61
270808,1100412.6
270809,3783986.56
270810,813770.0
270811,347902.5
270812,1331553.87
270813,1186290.77
270814,340221.09
270815,1489524.82
270816,449862.88
270817,443757.07
270818,447984.4
270819,374780.02
270820,421624.2466666667
270821,454547.725
270822,658613.95
270823,523649.2
270824,787516.2
270825,1157435.12
270826,402647.52
270827,463960.0
270828,1086641.31
270829,519225.4
270830,712692.47
270831,1377795.25
270832,1446060.0
270833,3590308.88
270834,750935.8
270835,936646.96
270836,510241.5
270837,1080371.83
270838,874826.78
270839,1089723.64
270840,615141.31
270841,1844917.4470021643
270842,432655.0
270843,836570.5
270844,446555.13
270845,490190.0
270846,863124.26
270847,330422.81
270848,515624.5
270849,472435.6
270850,643017.16
270851,561975.0
270852,336085.75
270853,1918060.1
270854,349991.6
270855,560765.72
270856,965197.5
270857,1113666.0
270858,695624.89
270859,1231874.31
270860,1205121.0
270861,651462.0
270862,651899.0
270863,334467.5
270864,1615719.8
270865,484200.81
270866,590518.5
270867,887104.14
270868,900114.33
270869,477011.0
270870,722434.75
270871,344871.27
270872,1601536.5
270873,397566.07
270874,667862.0
270875,1170624.5
270876,2053289.37
270877,864640.0
270878,2539353.15
270879,746232.2
270880,379032.25
270881,388470.0
270882,5151618.75
270883,296061.02
270884,290779.75
270885,3901950.27
270886,7187238.96
270887,2731763.05
270888,1156559.5
270889,732347.0
270890,384638.25
270891,638434.53
270892,1712802.0
270893,1506175.15
270894,475804.17
270895,566407.5
270896,597874.2
270897,403169.0
270898,598455.43
270899,3168294.09
270900,2416037.0
270901,397433.88
270902,1364244.58
270903,556636.73
270904,554304.91
270905,2550670.34
270906,3895106.0
270907,3902886.0
270908,11026858.98
270909,1070378.49
270910,3690080.14
270911,8538568.43
270912,3086037.21
270913,6242433.51
270914,5830697.0
270915,1614782.75
270916,1754194.25
270917,738362.34
270918,360541.4
270919,417424.54
270920,482627.6
270921,1059098.42
270922,744272.22
270923,813588.03
270924,503682.23
270925,647067.5
270926,480226.0
270927,618174.49
270928,1343046.55
270929,545650.8
270930,953603.88
270931,1521715.0
270932,428616.09
270933,536194.99
270934,348236.69
270935,280600.0
270936,790583.5
270937,354727.19
270938,336228.23
270939,260237.6
270940,1146868.78
270941,406773.89
270942,565459.2
270943,450015.05
270944,555895.0
270945,282886.5
270946,371448.91
270947,343843.34
270948,624217.19
270949,318752.5
270950,449854.97
270951,509306.0
270952,509306.0
270953,522595.43
270954,573351.97
270955,614152.3066666666
270956,406557.36
270957,566061.0
270958,960514.41
270959,365003.03
270960,486582.48
270961,472460.93333333335
270962,303125.0
270963,844465.0
270964,348175.0
270965,719685.0
270966,892760.0
270967,838405.0
270968,223610.0
270969,1242603.8
270970,736040.0
270971,1364852.4
270972,1061070.0
270973,667062.32
270974,857928.96
270975,1170876.2
270976,4463662.5
270977,325520.0
270978,640114.96
270979,1160371.36
270980,2444567.65
270981,411334.5
270982,502622.37
270983,1152225.0
270984,1211737.0
270985,1520267.5
270986,913560.52
270987,928977.1
270988,1983400.05
270989,722100.0
270990,910064.27
270991,2557144.0
270992,7433945.79
270993,2739396.14
270994,1489071.4533333334
270995,1030256.49
270996,1718174.86
270997,1512969.48
270998,625946.0
270999,786405.0
271000,1432896.48
271001,3538543.05
271002,1514035.64
271003,1725461.23
271004,1045960.0
271005,626173.0
271006,943168.44
271007,666928.61
271008,1618220.9566666668
271009,1090431.9
271010,1524002.0
271011,459975.24
271012,2223849.0
271013,468246.25
271014,808375.21
271015,453784.95
271016,637434.99
271017,485405.01
271018,400561.0
271019,2960017.68
271020,436804.5
271021,493090.96
271022,695597.33
271023,363255.0
271024,983262.5
271025,515862.88
271026,727474.78
271027,1979560.0
271028,1096085.0
271029,1198505.34
271030,986899.5
271031,510710.0
271032,3070720.0
271033,4435932.0
271034,3291690.0
271035,840724.8
271036,476176.03
271037,673564.5
271038,3780773.16
271039,2556985.0
271040,1062631.51
271041,1665338.88
271042,1737850.39
271043,678794.0
271044,1757378.0
271045,1568050.0
271046,1595939.91
271047,1539507.27
271048,863795.3
271049,1018234.83
271050,803342.0
271051,864675.9
271052,641458.37
271053,627268.5
271054,1636401.96
271055,574064.9583333334
271056,11588770.0
271057,1568292.0
271058,426845.7
271059,433560.7
271060,2635940.0
271061,720300.0
271062,734097.0
271063,604012.01
271064,630759.23
271065,513995.81
271066,457150.79
271067,837469.9133333334
271068,407040.52
271069,995041.15
271070,1194660.54
271071,428624.74
271072,1216173.3333333335
271073,1216173.3333333335
271074,1041446.0
271075,1179760.6666666667
271076,1179760.6666666667
271077,1179760.6666666667
271078,1179760.6666666667
271079,1179760.6666666667
271080,1179760.6666666667
271081,6579707.8
271082,1260194.85
271083,2228675.0
271084,2445364.53
271085,3265146.87
271086,5752038.03
271087,1608764.0
271088,2408849.0
271089,687370.15
271090,687370.15
271091,628548.0833333333
271092,555696.87
271093,524046.5
271094,470230.97
271095,410184.73
271096,368080.73
271097,693573.81
271098,372417.4
271099,1272921.49
271100,629704.76
271101,373699.24666666664
271102,380219.75
271103,520653.9
271104,852172.48
271105,442198.31
271106,500559.83
271107,615271.3266666667
271108,526718.84
271109,560784.14
271110,349845.5
271111,595688.17
271112,1101576.53
271113,490312.75
271114,579227.5
271115,477147.2
271116,1081872.21
271117,392384.7
271118,531003.05
271119,386157.99
271120,283144.95
271121,496566.5
271122,498153.75
271123,459356.5
271124,513278.5
271125,518449.5
271126,452470.5
271127,658042.97
271128,579327.47
271129,412008.8
271130,746680.0
271131,453333.82
271132,608886.0
271133,865891.78
271134,924053.31
271135,525509.45
271136,522475.0
271137,981233.74
271138,1195222.5
271139,884536.55
271140,678168.75
271141,375037.0
271142,7422472.05
271143,567791.1666666666
271144,532657.3
271145,1556699.8
271146,6978399.38
271147,1355369.64
271148,507103.59
271149,1310061.0
271150,1211160.24
271151,312031.4
271152,830199.53
271153,493078.3
271154,1457045.0
271155,428570.3
271156,1224475.31
271157,826913.0
271158,572264.53
271159,577805.59
271160,500711.83
271161,509908.06
271162,362938.3033333333
271163,608994.83
271164,507655.0
271165,394121.17333333334
271166,605590.04
271167,1431887.0
271168,899557.5
271169,1241502.8
271170,708502.9
271171,826018.5
271172,508159.53
271173,443118.47
271174,832129.5
271175,1422208.33
271176,646368.9
271177,1763266.0
271178,343218.5
271179,2355475.0
271180,880181.5
271181,1099371.0
271182,312484.65
271183,414630.11
271184,860578.0
271185,1795413.43
271186,4234169.59
271187,3400289.99
271188,1214656.69
271189,1741277.0
271190,789026.99
271191,477261.75
271192,901841.83
271193,638340.89
271194,1382126.0469696969
271195,853872.5
271196,836805.3333333335
271197,581473.2766666666
271198,416940.98
271199,7534644.956666666
271200,2250997.63
271201,3760917.046666667
271202,1663401.12
271203,2701980.0
271204,1646120.08
271205,696063.25
271206,1116403.49
271207,2126854.05
271208,2297086.51
271209,2203164.01
271210,5846191.666666668
271211,18737447.0
271212,2557139.14
271213,1864294.54
271214,740618.26
271215,1298674.67
271216,562043.15
271217,2602526.3
271218,397290.5
271219,3196870.58
271220,2161968.7366666663
271221,1855868.78
271222,4604404.02
271223,1457651.47
271224,1457651.47
271225,998211.42
271226,1327987.35
271227,7410439.88
271228,827796.56
271229,486309.52
271230,945525.05
271231,850126.18
271232,654696.15
271233,2150060.52
271234,1452475.24
271235,589152.0
271236,871537.31
271237,971962.85
271238,1438231.04
271239,1508076.44
271240,1681729.18
271241,1647573.46
271242,1028215.6897619048
271243,2606055.483333333
271244,1309807.215
271245,2864310.0
271246,894921.13
271247,1357666.24
271248,409594.21
271249,1262390.78
271250,447924.6
271251,873247.0616666665
271252,540330.0
271253,325374.79
271254,474113.3796666666
271255,531341.1366666667
271256,482146.77
271257,1029342.0
271258,1176318.3
271259,1103615.6466666665
271260,1675632.5
271261,914379.96
271262,886934.47
271263,248865.0
271264,848743.91
271265,622073.0
271266,390105.85
271267,456444.875
271268,498165.685
271269,351569.0225
271270,387890.6
271271,670991.17
271272,541231.1
271273,501167.72
271274,293584.5
271275,522890.0
271276,420650.59
271277,621013.82
271278,327477.5
271279,642455.1
271280,395198.58619047626
271281,412243.1
271282,849239.39
271283,804599.64
271284,918559.57
271285,576980.0
271286,493335.4
271287,289252.1566666667
271288,876177.07
271289,3891661.66
271290,418783.75
271291,1275559.79
271292,1271986.4
271293,1299793.4
271294,1411376.2
271295,1633334.345
271296,3211502.5
271297,311468.24
271298,813722.8650000001
271299,1020398.34
271300,455645.57
271301,408989.87
271302,452971.67
271303,478092.76
271304,1228680.3
271305,746530.26
271306,743220.44
271307,411205.8
271308,1259275.5
271309,1279610.07
271310,1561914.5
271311,550194.3866666666
271312,1180592.16
271313,975456.04
271314,1137807.6
271315,384183.87
271316,1287249.55
271317,589306.52
271318,1052021.04
271319,1321854.95
271320,1300918.3616666668
271321,838501.0
271322,458247.715
271323,476985.06
271324,1316164.99
271325,966948.5
271326,1392930.0
271327,989322.78
271328,828456.0
271329,1150990.36
271330,3104828.38
271331,483076.03
271332,3715670.75
271333,939089.07
271334,979260.07
271335,1313099.6
271336,1399239.49
271337,802174.0
271338,1030609.96
271339,501386.51
271340,674835.35
271341,281954.47
271342,338205.5
271343,436219.5
271344,226300.5
271345,258089.5
271346,413742.87
271347,269114.46
271348,229855.5
271349,269114.46
271350,362691.25
271351,402659.59
271352,330768.36
271353,842006.0
271354,383239.0575
271355,318075.7
271356,1426541.62
271357,1304899.49
271358,626389.41
271359,1593265.5
271360,496847.3
271361,775655.98
271362,1764924.7
271363,673040.76
271364,1457485.2
271365,950642.01
271366,1190820.0
271367,1272338.65
271368,1992002.7
271369,431024.5
271370,2725864.99
271371,1384125.0
271372,383126.9
271373,700386.3580952381
271374,434419.28
271375,943390.27
271376,1838842.79
271377,809555.6
271378,1224874.0
271379,395575.1
271380,1360194.49
271381,366107.4
271382,379253.6
271383,612341.2
271384,773809.5
271385,476711.2066666667
271386,533498.99
271387,429176.1566666666
271388,688681.0
271389,1114399.88
271390,305739.25
271391,946802.99
271392,893157.78
271393,394204.71285714285
271394,565483.0
271395,4929043.78
271396,4771350.4366666665
271397,4996044.38
271398,2213344.29
271399,6972403.97
271400,776068.27
271401,5625908.7
271402,2924001.54
271403,547458.55
271404,583892.5
271405,1773787.48
271406,12903222.46
271407,1336533.0
271408,7174857.6
271409,2516036.48
271410,487470.0
271411,3666778.04
271412,845808.0
271413,751671.24
271414,636258.5
271415,440919.5
271416,984727.05
271417,2466888.35
271418,971122.78
271419,484911.2
271420,910750.0
271421,868127.0
271422,663921.19
271423,579667.62
271424,489179.56
271425,1333075.72
271426,10088780.0
271427,1177952.0
271428,946044.47
271429,456908.5
271430,456395.24
271431,784316.3333333333
271432,732561.73
271433,461997.29
271434,1575746.02
271435,274770.0
271436,284046.09
271437,268260.0
271438,263087.5
271439,626628.43
271440,1097395.0
271441,290342.5
271442,953675.595
271443,2593412.22
271444,546565.19
271445,2849423.44
271446,1157553.75
271447,1154314.1666666665
271448,5338738.336666666
271449,1995390.5
271450,687787.645
271451,500479.59
271452,416839.86
271453,872094.95
271454,355789.02333333326
271455,373763.8
271456,552985.965
271457,362666.5
271458,402547.76
271459,304041.18
271460,709982.6366666666
271461,711619.0
271462,994678.0
271463,406376.0
271464,909202.2466666667
271465,803684.41
271466,481007.8
271467,397815.0
271468,549249.68
271469,926580.0
271470,421409.0
271471,465277.73
271472,345623.71
271473,549520.52
271474,546110.8333333334
271475,1393117.51
271476,880983.95
271477,370978.28
271478,599344.99
271479,400013.8833333333
271480,590901.0
271481,2286859.45
271482,550649.5
271483,414934.24
271484,420601.05
271485,364478.24
271486,340006.57
271487,391618.37
271488,391618.37
271489,581015.23
271490,748962.3
271491,1299377.52
271492,395676.25
271493,296697.5
271494,394758.01
271495,453852.8
271496,552360.8333333334
271497,572463.72
271498,292272.4
271499,665999.87
271500,694233.7
271501,468723.4
271502,339516.5
271503,395556.0
271504,280470.0
271505,637196.58
271506,410212.2333333333
271507,494936.54
271508,3300840.82
271509,230824.92666666667
271510,336660.59
271511,822172.8
271512,683035.0
271513,1542063.12
271514,405663.6933333333
271515,320638.75
271516,434552.49
271517,780409.4
271518,1124237.98
271519,253673.52
271520,556550.0
271521,563661.0
271522,550298.1
271523,686534.0
271524,497604.70333333337
271525,689375.01
271526,733050.02
271527,541811.7
271528,569674.01
271529,395966.32
271530,3062144.87
271531,370111.44
271532,607559.0
271533,551353.94
271534,481476.16
271535,678785.33
271536,918920.0
271537,991090.0
271538,323249.54
271539,384363.27166666667
271540,266195.68
271541,523497.49
271542,403022.59
271543,426333.6
271544,445044.5
271545,527666.6
271546,397456.5
271547,422560.0
271548,356257.925
271549,430782.25
271550,482731.4
271551,368503.7475
271552,1081790.0
271553,362256.35
271554,258693.38333333336
271555,388911.23
271556,415580.0
271557,258758.8
271558,569292.3033333332
271559,481077.99
271560,601312.0
271561,557985.22
271562,608349.5
271563,381296.8
271564,636992.5
271565,469504.32
271566,413805.4
271567,8411318.593333332
271568,300206.6
271569,435345.76190476195
271570,435345.76190476195
271571,449956.61666666664
271572,810630.77
271573,346242.00333333336
271574,785210.98
271575,563962.645
271576,540540.6833333333
271577,429084.22
271578,374988.73
271579,338171.7
271580,466415.24
271581,490448.61666666664
271582,390463.125
271583,332925.22
271584,429948.6666666666
271585,324261.3
271586,320425.66
271587,420335.91
271588,529736.914
271589,563033.424
271590,399528.27
271591,407437.76166666666
271592,1135948.68
271593,401978.96
271594,492734.4741666666
271595,599425.0
271596,661412.24
271597,419533.2333333333
271598,460842.11
271599,249859.9
271600,613556.2466666667
271601,700171.1
271602,351302.0
271603,500247.7433333333
271604,497110.0
271605,437048.55
271606,382514.3
271607,413324.96333333326
271608,504134.49
271609,545141.3583333334
271610,342990.9125
271611,355000.96666666673
271612,337785.4
271613,321767.0
271614,402762.18
271615,408499.39
271616,790971.22
271617,576459.8425
271618,868301.7483333333
271619,457552.5465
271620,818116.7633333334
271621,601509.9079047618
271622,403273.27
271623,354838.12
271624,425956.76
271625,308165.0
271626,1131854.07
271627,418003.5
271628,527548.68
271629,450877.6
271630,672470.61
271631,853398.7
271632,279208.3
271633,299347.75
271634,569452.5
271635,442198.3333333334
271636,605754.35
271637,388605.0
271638,353590.9
271639,408140.7
271640,433474.9
271641,346224.98333333334
271642,445836.66
271643,394180.46
271644,374298.63
271645,470727.14
271646,503498.02
271647,360723.0
271648,303305.0
271649,334641.1
271650,307458.79
271651,516000.33142857143
271652,335589.0
271653,280516.1
271654,315089.42
271655,394323.15
271656,279911.69
271657,388393.5
271658,554803.25
271659,414155.71
271660,416759.71
271661,604118.3333333333
271662,486105.0
271663,382287.9541666667
271664,425808.02
271665,432822.63
271666,509931.23
271667,531835.2
271668,289460.0
271669,395184.79
271670,627995.4333333333
271671,693700.2733333334
271672,344163.5
271673,528279.1666666667
271674,571824.78
271675,684034.1666666667
271676,779454.33
271677,635557.02
271678,659022.0
271679,784311.39
271680,345536.1
271681,828157.9166666665
271682,417469.08
271683,861334.2566666667
271684,670318.5
271685,370455.15
271686,434924.91
271687,411131.5
271688,392594.37333333335
271689,359338.01
271690,338910.11
271691,821588.3666666666
271692,852202.24
271693,543630.5333333333
271694,860342.6933333332
271695,517082.16666666674
271696,378957.18
271697,488498.99
271698,405000.75
271699,574286.06
271700,815205.2
271701,2947732.57
271702,467970.4533333333
271703,732364.3666666667
271704,322067.2
271705,426935.01
271706,299654.0
271707,1101158.02
271708,324438.4
271709,614497.2533333334
271710,585670.0
271711,524932.3
271712,384549.825
271713,305045.1
271714,330205.0
271715,554250.74
271716,716180.0
271717,424132.8
271718,408027.6
271719,458739.6
271720,501638.85
271721,548996.14
271722,305339.1
271723,685184.99
271724,519273.375
271725,326952.26
271726,335311.16
271727,388952.65
271728,551063.5666666668
271729,333755.21
271730,595363.525
271731,867345.03
271732,815815.99
271733,686294.58
271734,1123983.24
271735,839316.0
271736,602565.45
271737,592973.8
271738,440962.5
271739,300788.01
271740,341151.0
271741,392681.89
271742,2971671.87
271743,3009443.99
271744,754223.16
271745,512489.56666666665
271746,331292.795
271747,574114.99
271748,581126.915
271749,518749.6
271750,518273.37
271751,410483.38
271752,512731.45
271753,799665.84
271754,447727.5
271755,322841.02
271756,488195.0
271757,359540.07
271758,295109.7
271759,581748.52
271760,379782.1
271761,515165.85
271762,511150.5
271763,436767.5
271764,659950.77
271765,901160.44
271766,672453.69
271767,426109.0
271768,703636.59
271769,495108.9
271770,952482.08
271771,425912.5
271772,943975.0
271773,467979.5
271774,877967.5
271775,497033.0469047619
271776,466727.71
271777,440387.76
271778,324603.5
271779,474541.15
271780,292174.0
271781,676302.5
271782,334928.2166666667
271783,510754.0288095238
271784,302099.62
271785,1272110.46
271786,353690.93
271787,299047.5
271788,398527.5
271789,322502.75
271790,706974.72
271791,347075.6566666666
271792,339168.52
271793,393857.5
271794,282227.5
271795,297236.23
271796,373419.45
271797,392097.45
271798,310362.73
271799,312270.5
271800,310520.0
271801,464965.15
271802,344212.47
271803,299765.5
271804,435815.41
271805,1538052.88
271806,303910.38666666666
271807,311145.5
271808,866830.93
271809,505716.32
271810,543021.1655
271811,961230.77
271812,465332.24
271813,403093.11666666664
271814,386645.44
271815,605753.2
271816,406907.5
271817,514835.0
271818,529925.0
271819,535082.4
271820,363276.32
271821,562829.5
271822,420652.45
271823,706373.44
271824,480275.0
271825,398153.65
271826,419742.2
271827,385053.9
271828,501340.0
271829,489266.11
271830,498472.6
271831,442854.9
271832,879077.51
271833,477950.0
271834,359880.0
271835,516906.9766666666
271836,357770.0
271837,561907.8
271838,476570.0
271839,549501.45
271840,742493.01
271841,1007813.77
271842,543748.0
271843,619670.3
271844,730681.62
271845,674378.48
271846,329091.65
271847,596720.3
271848,503581.6666666666
271849,554450.0
271850,299519.5
271851,689856.57
271852,612905.15
271853,297878.0
271854,398869.85
271855,524640.0
271856,460483.09
271857,907062.3525
271858,362588.5
271859,394931.5
271860,1818022.96
271861,330928.95
271862,1786670.11
271863,1067501.14
271864,312622.5
271865,350442.0
271866,333346.0
271867,439838.5
271868,412261.5
271869,500948.1
271870,645469.39
271871,1182637.06
271872,275775.36
271873,235253.4
271874,441675.0
271875,417683.44523809524
271876,484137.5
271877,419878.0
271878,441340.0
271879,423730.0
271880,222085.0
271881,376042.44523809524
271882,382613.02
271883,425404.6
271884,413936.0
271885,434100.0
271886,271535.36
271887,413128.6333333333
271888,317872.95
271889,372181.8035714285
271890,424364.98
271891,364190.08666666667
271892,523965.0
271893,414852.7
271894,375655.86
271895,174265.0
271896,373090.13690476195
271897,585651.475
271898,572577.9533333334
271899,547534.46
271900,748284.66
271901,573890.5
271902,254692.94
271903,463632.81
271904,427795.36666666664
271905,2984769.256666667
271906,369992.55
271907,425525.0
271908,326625.69166666665
271909,426300.5
271910,563718.4166666666
271911,637538.7
271912,447356.6666666666
271913,445650.3333333334
271914,422435.4
271915,1044554.98
271916,360559.52
271917,756317.45
271918,604920.5
271919,514227.5
271920,3172658.98
271921,391557.14
271922,733308.5
271923,520846.9033333334
271924,591239.75
271925,538657.22
271926,505196.3
271927,599233.74
271928,486149.19
271929,634601.2966666666
271930,715959.86
271931,1491560.65
271932,424399.5
271933,862458.5
271934,2329842.78
271935,1578230.86
271936,277487.35
271937,861250.7
271938,438713.8
271939,1692993.78
271940,725360.42
271941,360462.49
271942,503443.32333333336
271943,583523.4333333333
271944,391553.87
271945,419108.75
271946,509375.0
271947,368760.0
271948,880663.36
271949,676323.84
271950,488165.0
271951,1732320.0
271952,925249.0
271953,483102.0
271954,2019421.86
271955,782951.05
271956,775859.1
271957,935054.03
271958,942948.6266666666
271959,2861536.0
271960,885991.8866666667
271961,878527.7
271962,809192.3833333334
271963,348377.6785714286
271964,1129538.8506569264
271965,1638518.76
271966,973627.27
271967,571834.2
271968,789238.75
271969,780382.0
271970,670168.7738095238
271971,730020.34
271972,714870.14
271973,1195196.0829999999
271974,617519.4266666668
271975,1565204.65
271976,729100.0
271977,1038365.0
271978,541185.0
271979,578163.1
271980,816295.0
271981,1397576.805
271982,691166.07
271983,1335351.0
271984,2163257.83
271985,1120469.1263041126
271986,421998.52
271987,465556.495
271988,351625.4506666666
271989,775880.43
271990,1765191.52
271991,358315.1
271992,493834.25
271993,606708.175
271994,578520.83
271995,576838.55
271996,581153.55
271997,605444.925
271998,648632.385
271999,448345.12083333335
272000,693975.65
272001,401067.79
272002,564327.5
272003,684300.5
272004,499393.14
272005,735546.9325
272006,507617.2858333334
272007,808382.56
272008,510401.5
272009,445156.2283333333
272010,700099.9428571429
272011,474097.79994444444
272012,1310388.33
272013,1561959.88
272014,1764219.39
272015,574020.2377777777
272016,1622217.46
272017,422308.3
272018,690516.5458333334
272019,624096.5900000001
272020,1047594.97
272021,384155.68700000003
272022,1404670.0
272023,644944.44
272024,633745.0
272025,1823748.6
272026,1466607.4
272027,424983.2
272028,635427.28
272029,1306931.23
272030,1987900.32
272031,477572.99
272032,1589681.28
272033,1911132.24
272034,415891.3163636364
272035,375359.07916666666
272036,2401855.0
272037,2349601.0
272038,697004.25
272039,735612.8971428572
272040,276109.9
272041,1315067.0
272042,269059.56
272043,231151.25
272044,523482.5
272045,532089.0
272046,249592.0
272047,549664.6
272048,344416.5
272049,312594.3466666666
272050,331078.75
272051,391617.1
272052,612270.44
272053,584931.0
272054,756934.35
272055,681046.66
272056,477504.55
272057,981197.47
272058,702336.28
272059,593071.08
272060,566557.4
272061,373265.0
272062,1037184.0
272063,882530.0
272064,1451373.98
272065,325397.01
272066,2809422.69
272067,416578.86
272068,272571.02
272069,389538.04
272070,798950.48
272071,712265.5
272072,695008.92
272073,2234963.16
272074,866210.0
272075,381922.61
272076,381922.61
272077,364544.5
272078,405600.0
272079,274373.8333333334
272080,801728.57
272081,789296.95
272082,754129.93
272083,1203781.45
272084,455572.41
272085,416227.6
272086,1082240.2
272087,289310.0
272088,367668.72
272089,362571.68
272090,442421.05
272091,633070.0
272092,367412.4818333334
272093,568499.74875
272094,622858.95
272095,499691.29
272096,501867.37
272097,583336.08
272098,555411.95
272099,578334.98
272100,693511.94
272101,263191.49
272102,736892.32
272103,498384.94
272104,604452.7
272105,379565.5
272106,406068.4
272107,324275.0
272108,767390.0
272109,746552.95
272110,1035830.0
272111,431092.5
272112,385792.0999999999
272113,337406.6666666666
272114,451771.6000000001
272115,358080.36
272116,337123.53666666674
272117,336773.65
272118,868825.0
272119,634473.5042857142
272120,931766.23
272121,290046.35
272122,941122.09
272123,580993.75
272124,738300.79
272125,464776.7333333333
272126,370444.35
272127,1012643.46
272128,323125.0
272129,506059.33
272130,519039.84
272131,453608.92
272132,1067083.42
272133,1794032.76
272134,405571.6
272135,1043952.38
272136,1339620.2
272137,1615323.92
272138,684365.08
272139,1058934.36
272140,1038034.01
272141,595994.25
272142,400636.57
272143,1747605.0
272144,311165.01
272145,657143.82
272146,426544.5
272147,727760.0
272148,831686.34
272149,509342.1723333333
272150,378778.49
272151,1691515.35
272152,649080.5
272153,684695.1
272154,990541.5
272155,783938.3333333335
272156,1002307.1
272157,548838.33
272158,575216.8216666667
272159,631203.6
272160,904049.73
272161,555276.99
272162,566350.82
272163,574217.0
272164,574217.0
272165,672152.5
272166,535636.5
272167,414532.0
272168,250193.56
272169,647012.5
272170,319532.5
272171,211370.0
272172,446111.56
272173,334002.5
272174,547610.0
272175,634020.0
272176,493565.0
272177,661255.0
272178,556038.5
272179,459760.0
272180,395281.26
272181,212134.54333333336
272182,320938.28
272183,572985.54
272184,205350.0
272185,329573.6666666667
272186,539898.0
272187,383239.95
272188,394920.5
272189,367260.0
272190,451440.0
272191,340277.0
272192,327207.0
272193,333036.6666666667
272194,394538.0
272195,393489.0
272196,452905.0
272197,320085.0
272198,385074.85
272199,385074.85
272200,308708.86
272201,1239273.2
272202,1465577.4
272203,482585.66
272204,412330.0
272205,296859.5
272206,2296789.39
272207,492581.18
272208,1056146.03
272209,1782293.68
272210,345428.36
272211,1451927.5
272212,695270.0
272213,2538955.04
272214,575139.72
272215,1250145.95
272216,538530.5
272217,421515.5
272218,571591.83
272219,386909.5
272220,6827635.0
272221,852226.35
272222,632147.99
272223,7209651.44
272224,1205312.88
272225,559353.34
272226,566802.5
272227,3886763.3
272228,381000.0
272229,434722.06
272230,1178551.74
272231,4080550.0
272232,481293.38
272233,1021529.04
272234,755095.0
272235,430252.0238095238
272236,757321.8
272237,1084480.0
272238,999440.0
272239,507070.0
272240,645025.3
272241,509934.0
272242,875355.0
272243,469468.75
272244,420032.5
272245,603169.0
272246,362843.0
272247,861301.0
272248,1909693.8
272249,610881.08
272250,896810.66
272251,1541571.37
272252,570780.0
272253,660614.71
272254,2164469.95
272255,819510.0
272256,1011249.0
272257,1044177.5
272258,457965.2
272259,1903899.7
272260,815790.0
272261,440775.0
272262,828665.5
272263,990815.0
272264,272162.0
272265,329983.1666666667
272266,383704.78
272267,349639.5
272268,1119978.84
272269,412709.99625
272270,416941.25333333336
272271,1949025.0
272272,577499.6
272273,582508.5
272274,646237.5482857142
272275,598322.08
272276,396136.2
272277,313649.966
272278,408603.18
272279,299524.64
272280,1300828.5
272281,791310.0
272282,1677480.73
272283,581529.87
272284,957299.99
272285,798589.0
272286,927308.99
272287,414383.86
272288,654378.95
272289,475698.5
272290,585606.91
272291,464745.44
272292,632181.9914285714
272293,1341246.97
272294,454137.89333333337
272295,323119.96
272296,755386.13
272297,751642.38
272298,392004.24
272299,434647.0
272300,455313.0416666666
272301,457895.99
272302,263573.98
272303,495275.6
272304,383248.0
272305,335340.0
272306,347113.25
272307,1269771.37
272308,949412.5
272309,456310.0
272310,408051.0
272311,663571.19
272312,643241.22
272313,351681.46
272314,703654.0
272315,703083.5
272316,703083.5
272317,1607056.1
272318,1147086.0
272319,1340908.0
272320,1260061.63
272321,1181408.33
272322,720698.83
272323,479303.8
272324,1349570.4761904762
272325,1256296.19
272326,1735308.88
272327,515316.16
272328,468297.63
272329,1986540.55
272330,1532700.428
272331,746375.0
272332,527792.72
272333,662402.81
272334,321527.5
272335,1728774.6
272336,865730.0
272337,362867.2
272338,535978.9166666666
272339,623259.305
272340,463570.0
272341,489937.0
272342,468829.6666666666
272343,3039655.0
272344,794386.32
272345,788839.0
272346,366252.95
272347,519269.3333333334
272348,636864.5
272349,1250651.27
272350,622930.19
272351,341784.34
272352,603926.8857142857
272353,1108026.61
272354,926210.5
272355,711166.355
272356,803762.6
272357,1522177.0
272358,1438099.18
272359,1149693.77
272360,681852.5475
272361,696409.82
272362,659175.5242857143
272363,997912.0
272364,750570.5
272365,860128.5
272366,323995.0
272367,575520.5
272368,410152.62
272369,567883.7183333333
272370,906533.0
272371,438055.43224999995
272372,397521.9
272373,383622.5
272374,371885.78333333327
272375,7547166.08
272376,314193.95
272377,176323.33333333337
272378,365774.3
272379,442442.5
272380,242875.8333333333
272381,375261.38
272382,421371.18
272383,409025.55
272384,425617.0
272385,412341.25
272386,352060.0
272387,434940.95
272388,228826.6666666667
272389,310157.92
272390,348832.5
272391,363274.0
272392,355200.0
272393,467055.5
272394,351558.7
272395,212695.0
272396,601125.63
272397,312622.95
272398,2411361.04
272399,1678973.51
272400,470556.35
272401,2124486.18
272402,793358.47
272403,2111265.666666667
272404,1195480.0
272405,957544.75
272406,807734.15
272407,482805.13
272408,451555.0
272409,1188573.4
272410,1437858.795
272411,823327.5
272412,1797811.6566666665
272413,770516.125
272414,1586737.99
272415,713378.09
272416,509582.1
272417,870822.5
272418,4696038.556666667
272419,2829181.79
272420,634214.35
272421,575737.578
272422,556073.95
272423,5713305.0
272424,426994.075
272425,609953.32
272426,550100.75
272427,486774.58
272428,570113.7
272429,484053.09809523803
272430,2817000.05
272431,222681.56
272432,953055.05
272433,645124.5
272434,394512.1566666666
272435,361685.83
272436,1002859.67
272437,986348.6068095239
272438,803239.0
272439,227046.43
272440,2445200.05
272441,897624.35
272442,313112.95
272443,395087.5
272444,352706.36
272445,368126.8583333333
272446,661320.97
272447,2069509.25
272448,343458.08
272449,295387.5
272450,810273.18
272451,271922.03
272452,735045.74
272453,611265.0
272454,377813.75
272455,465251.75
272456,416113.41
272457,2339916.0
272458,1084173.66
272459,625406.9
272460,557619.75
272461,1368599.68
272462,1367715.05
272463,937223.37
272464,698559.06
272465,1933755.0
272466,973363.3333333333
272467,1939782.8
272468,1335932.5
272469,467300.50000000006
272470,1275438.23
272471,605157.27
272472,871834.35
272473,917060.0
272474,2006185.55
272475,1718355.0
272476,730640.0
272477,706296.0
272478,661635.0
272479,825583.16
272480,636853.8
272481,699290.0
272482,489039.0
272483,653918.46
272484,460340.3175
272485,675490.73
272486,2134845.0
272487,442754.5
272488,515276.42
272489,997037.74
272490,803838.1366666667
272491,535663.98
272492,1010290.38
272493,585065.06
272494,463946.15
272495,377429.38
272496,886982.52
272497,509956.4
272498,392854.5
272499,367553.0
272500,2060299.8
272501,5887221.5
272502,4760625.0
272503,1149830.42
272504,557341.21
272505,838151.9333333332
272506,1719163.22
272507,1470232.5
272508,1476442.22
272509,349476.5
272510,1855855.44
272511,734429.59
272512,547313.55
272513,439513.22
272514,3150695.0
272515,953691.765
272516,1086525.4
272517,4755088.4
272518,447631.5
272519,883573.5
272520,521194.55
272521,2066629.99
272522,6496585.0
272523,276973.95
272524,1093072.94
272525,702638.37
272526,616769.14
272527,730105.16
272528,859645.7
272529,2085168.58
272530,303433.74
272531,1745277.5
272532,1017237.4066666666
272533,323006.81
272534,540767.33
272535,632648.7333333333
272536,482382.16
272537,2352846.89
272538,6071499.133333334
272539,675025.59
272540,602701.87
272541,969295.0333333334
272542,1809345.0
272543,500193.3
272544,2397752.28
272545,658890.0
272546,454494.5
272547,617608.19
272548,374732.49
272549,926294.6
272550,271455.0
272551,4964135.0
272552,1323232.6
272553,2848556.4
272554,676488.0
272555,382070.89
272556,1824340.0
272557,587845.6
272558,398270.0
272559,713864.65
272560,1095617.9
272561,1510801.18
272562,3625666.4
272563,689159.28
272564,1512242.38
272565,818400.25
272566,1482723.22
272567,753774.97
272568,393690.0
272569,6383639.4
272570,534340.0
272571,325281.7291666666
272572,1384421.74
272573,830985.75
272574,420307.4375
272575,636285.67
272576,813917.95
272577,985625.0
272578,719457.14
272579,1191435.0
272580,633890.99
272581,1348782.74
272582,830373.13
272583,679755.99
272584,639172.39
272585,2135745.0
272586,374446.46
272587,493732.26
272588,269462.5
272589,585177.8
272590,1392342.5
272591,448495.0
272592,287185.0
272593,3824930.0
272594,615637.03
272595,886890.0
272596,3633333.06
272597,1011829.0
272598,4928155.0
272599,500330.82
272600,1490973.92
272601,761794.01
272602,10684779.72
272603,13653628.86
272604,1513658.933333333
272605,4445500.0
272606,593867.56
272607,583324.17
272608,3851435.0
272609,1245492.02
272610,881285.0
272611,2318061.76
272612,533895.95
272613,1615205.8266666667
272614,243141.0
272615,305258.5
272616,511022.3
272617,281211.61
272618,393660.11339699524
272619,457482.13
272620,590841.79
272621,499927.78333333327
272622,490846.75
272623,293480.45666666667
272624,522658.5
272625,395486.23
272626,742035.0
272627,475788.76
272628,579454.9166666667
272629,421100.5
272630,254829.5
272631,559669.39
272632,414274.5
272633,386771.3018686868
272634,321797.9666666666
272635,330732.0366666667
272636,415940.57
272637,443664.96
272638,617275.04
272639,753683.35
272640,348554.34
272641,249178.0
272642,236835.14
272643,640335.0
272644,496438.88
272645,443732.27
272646,673084.0
272647,361573.18
272648,1107160.5
272649,664322.44
272650,467021.0
272651,686058.99
272652,746457.35
272653,566674.5
272654,475531.89
272655,305716.3
272656,444886.58
272657,423850.8333333334
272658,942236.0
272659,2118873.5
272660,1326299.9
272661,1677812.9
272662,620923.0
272663,408857.85
272664,949050.7
272665,2424426.45
272666,423531.0
272667,697788.3675
272668,701199.94
272669,665241.5575
272670,1247353.38
272671,925353.0
272672,745157.1141666668
272673,9007451.330833334
272674,960986.5
272675,936855.93
272676,443150.13333333336
272677,446345.63333333336
272678,369775.0
272679,446337.63333333336
272680,372102.16
272681,685682.91
272682,396352.55
272683,409996.02
272684,313273.5
272685,1109548.79
272686,1524281.5
272687,364591.0
272688,2739591.94
272689,2163060.75
272690,1633744.88
272691,519643.5
272692,758576.4
272693,687933.6666666665
272694,722655.32
272695,380949.0
272696,324446.02
272697,1977468.5
272698,1248915.99
272699,475573.84666666674
272700,424705.06
272701,765531.78
272702,849838.56
272703,966138.39
272704,1308314.73
272705,542799.55
272706,440032.75
272707,317513.23
272708,363212.1442857143
272709,573421.2175
272710,365402.605
272711,337903.97666666674
272712,557955.8891666667
272713,644398.1633333333
272714,507016.2
272715,794622.3
272716,601992.8366666667
272717,890067.13
272718,371226.2
272719,542638.7
272720,665519.5
272721,385236.9
272722,522533.68
272723,518015.0
272724,411888.51
272725,399653.13
272726,408925.49
272727,770791.86
272728,546195.35
272729,750151.5640476191
272730,2098845.04
272731,570682.0618421052
272732,435770.48
272733,830231.57
272734,579640.15
272735,560970.55
272736,443265.68
272737,549071.58
272738,770666.725
272739,612406.1366666667
272740,346023.32
272741,453640.0
272742,603602.25
272743,516855.3
272744,368215.0
272745,924560.84
272746,243696.0
272747,243696.0
272748,1301678.74
272749,832555.0
272750,616324.01
272751,753280.5
272752,552590.22
272753,390897.99
272754,762897.0
272755,645649.17
272756,355939.36
272757,506502.75
272758,522104.43
272759,583981.75
272760,657855.0
272761,643104.32
272762,409114.5
272763,523165.5
272764,268085.0
272765,531640.6
272766,433910.0
272767,1123519.8533333335
272768,275677.95
272769,378795.93
272770,495033.7
272771,612041.5
272772,1251755.8133333335
272773,18900402.79
272774,279228.5
272775,536751.436
272776,605032.5
272777,783882.0
272778,415412.7392857142
272779,284965.66
272780,1399375.43
272781,617317.72
272782,569080.76
272783,731914.52
272784,396671.5
272785,365055.61
272786,640560.7
272787,337522.13
272788,320934.75
272789,399032.08
272790,331144.5
272791,18055249.4
272792,615502.93
272793,507873.92
272794,551666.25
272795,382443.6
272796,410561.12
272797,327768.61
272798,330874.86
272799,369788.51333333337
272800,678035.1
272801,1675839.57
272802,370265.22
272803,422557.7733333334
272804,372928.5
272805,516946.02
272806,375749.13
272807,715787.12
272808,582012.07
272809,995191.63
272810,761992.8766666666
272811,459160.87
272812,384241.82
272813,1133522.21
272814,758085.21
272815,332214.48
272816,661763.2666666667
272817,605786.62
272818,610787.74
272819,484130.0
272820,1005666.0
272821,1335533.5
272822,956624.5
272823,928797.59
272824,464775.7
272825,690933.4666666667
272826,443607.37
272827,1014265.5
272828,536125.7733333333
272829,520421.52
272830,295474.5
272831,480278.99
272832,447963.52
272833,431894.51
272834,182635.5
272835,407853.88
272836,688733.2966666667
272837,612326.0275
272838,569179.76
272839,422875.9
272840,416955.5
272841,655105.6666666667
272842,522314.11
272843,372685.93
272844,463359.69
272845,781680.69
272846,323303.945
272847,318561.0
272848,1823222.0
272849,413615.5
272850,937400.52
272851,448237.25
272852,457238.75
272853,358822.0
272854,627932.63
272855,523868.5
272856,842105.05
272857,431872.8
272858,676985.77
272859,502140.5
272860,437928.90333333326
272861,1162942.12
272862,752031.4
272863,414746.3416666666
272864,1032943.0
272865,457949.0
272866,454191.25
272867,570632.0
272868,388825.0
272869,435968.3333333334
272870,401529.09
272871,605946.62
272872,351638.0
272873,575278.06
272874,530692.39
272875,561532.0
272876,1309782.5
272877,564726.18
272878,345981.75
272879,555367.44
272880,588684.82
272881,494160.0
272882,383909.7
272883,331013.5
272884,329857.5
272885,355735.8
272886,636529.19
272887,220050.0
272888,225000.0
272889,361349.89
272890,330030.0
272891,325007.96
272892,300930.0
272893,352052.0
272894,188759.9
272895,247235.0
272896,421362.95
272897,450265.0
272898,429115.0
272899,348780.0
272900,317525.0
272901,335883.28
272902,380524.93
272903,282030.95
272904,375871.60666666663
272905,655231.0
272906,370645.0
272907,497607.51
272908,403029.5
272909,533050.2
272910,427407.5
272911,389147.5
272912,427949.95
272913,416500.1666666666
272914,499710.24
272915,345043.0
272916,325090.0
272917,566324.95
272918,368235.0
272919,162302.5
272920,546125.0
272921,1221914.5266666666
272922,311644.1666666666
272923,196280.45428571428
272924,212559.0
272925,248373.18
272926,1178742.35
272927,442205.4
272928,314682.5
272929,584278.51
272930,382574.55
272931,328447.5
272932,223020.0
272933,554595.88
272934,584276.1
272935,334419.2533333333
272936,404162.61
272937,584900.69
272938,583452.49
272939,1019984.35
272940,283739.95
272941,356857.31
272942,280471.6166666667
272943,600028.38
272944,342985.1
272945,510057.45
272946,610613.6
272947,1397683.0
272948,614673.8
272949,292638.2833333334
272950,334632.88
272951,1538287.52
272952,1073115.0
272953,995389.5
272954,541024.5
272955,472461.6
272956,225865.0
272957,235867.0
272958,237027.25
272959,407358.6666666666
272960,291927.45
272961,287115.0
272962,384455.0
272963,395010.0
272964,263876.6666666666
272965,243047.5
272966,330579.4
272967,370231.95
272968,420858.46
272969,276160.0
272970,410394.39
272971,420814.6933333333
272972,588913.6
272973,530108.0
272974,480090.0
272975,285411.1
272976,296747.45
272977,230472.5
272978,276297.07
272979,463256.0
272980,513981.55
272981,281202.5
272982,398848.51
272983,329730.64
272984,836100.0
272985,418295.0
272986,808609.55
272987,493830.0
272988,375490.0
272989,550145.0
272990,326530.18
272991,460583.75
272992,566835.0333333333
272993,326885.0
272994,654500.71
272995,533685.55
272996,683411.32
272997,1387600.02
272998,1597593.7
272999,812503.6
273000,401155.89
273001,340903.84
273002,824794.0
273003,1071834.84
273004,669746.33
273005,380274.25
273006,302461.15
273007,647652.6
273008,2235431.97
273009,1598411.25
273010,422074.0
273011,953499.9
273012,379153.42
273013,785788.65
273014,1206389.99
273015,1227614.5
273016,950391.95
273017,1019290.95
273018,961922.7
273019,3380375.49
273020,438104.66
273021,422213.55
273022,466975.4
273023,375717.46
273024,994450.44
273025,288874.55
273026,516724.1166666667
273027,608261.76
273028,375519.0
273029,538973.8
273030,378733.99
273031,1040635.5
273032,452574.52
273033,516166.76
273034,300355.0
273035,312711.2
273036,454498.66666666674
273037,833638.08
273038,768340.6533333334
273039,395199.06
273040,368172.6333333333
273041,387313.54
273042,652219.6
273043,734977.26
273044,910245.0
273045,364452.0
273046,1973107.66
273047,395316.44
273048,500887.0
273049,432056.65333333326
273050,408702.49
273051,490601.22666666674
273052,461727.5
273053,542713.0
273054,503261.0
273055,750171.72
273056,425562.0
273057,533319.64
273058,184047.5
273059,1397097.62
273060,448017.8
273061,458783.9
273062,355487.2
273063,362959.01
273064,240209.16
273065,229177.0
273066,367458.9
273067,431655.5
273068,398234.6
273069,245196.01
273070,410502.0
273071,482431.0
273072,395872.68
273073,384266.49
273074,566903.86
273075,285826.68
273076,305271.0
273077,564357.7
273078,595726.4
273079,370359.0
273080,817825.4166666667
273081,545980.18
273082,296185.0
273083,357634.9
273084,486746.18
273085,306305.02
273086,214923.82
273087,412323.0
273088,313092.24
273089,315775.23809523805
273090,626985.0
273091,361069.32
273092,393930.0
273093,394780.0
273094,612160.08
273095,556259.5
273096,609658.68
273097,409829.8
273098,484323.0
273099,522885.38
273100,955653.5
273101,436586.65
273102,439086.84
273103,627561.99
273104,642020.0
273105,288480.0
273106,622108.07
273107,610701.4266666668
273108,860320.0
273109,755128.0
273110,392938.6
273111,253294.32
273112,432119.0
273113,375246.45
273114,623521.3
273115,926184.99
273116,321082.76
273117,1016870.0
273118,414002.0
273119,431208.37
273120,371317.95
273121,383655.0
273122,212445.0
273123,251601.27333333332
273124,380180.95
273125,418844.35
273126,454586.28
273127,619804.5
273128,2227745.0
273129,572809.445
273130,495594.44
273131,799085.0
273132,364211.05
273133,1106031.9
273134,800568.3333333333
273135,867891.0
273136,428669.0
273137,481500.0
273138,1981940.96
273139,1408260.33
273140,622826.25
273141,589586.3166666667
273142,374721.44
273143,512179.215
273144,283612.5
273145,772627.3333333333
273146,260019.0
273147,841902.0
273148,307081.8
273149,675352.0
273150,580518.43
273151,693644.5
273152,1320466.31
273153,521782.36
273154,873331.0
273155,301208.62
273156,301759.21
273157,609050.9999999999
273158,549575.0
273159,320133.77
273160,930790.0
273161,381198.08
273162,394209.0
273163,229698.3
273164,1574205.28
273165,373425.81
273166,646369.0
273167,710265.0
273168,300031.6
273169,849189.47
273170,731606.4
273171,508799.01
273172,642545.5
273173,694684.2
273174,434238.3452380952
273175,829058.44
273176,476125.7
273177,335796.95
273178,543821.32
273179,612167.5
273180,734391.5
273181,441517.75
273182,376125.47857142857
273183,3189452.23
273184,987197.48
273185,562849.42
273186,891100.0
273187,1005905.01
273188,484250.43
273189,768795.5
273190,527002.14
273191,377655.0
273192,390942.85
273193,371902.36
273194,1353706.42
273195,332149.25
273196,327264.22
273197,372364.84
273198,482721.2
273199,646317.71
273200,831120.67
273201,1193699.14
273202,480235.0
273203,478805.11
273204,457496.4
273205,451215.37
273206,445806.0
273207,2183618.0
273208,482954.5
273209,421505.82
273210,829920.64
273211,527392.93
273212,735583.8206666666
273213,573816.15
273214,525492.64
273215,440243.0833333334
273216,325480.47
273217,449037.72
273218,501247.5
273219,296333.1
273220,459450.16
273221,345727.47
273222,315614.09
273223,451844.82
273224,588036.44
273225,336801.0466666667
273226,283473.88
273227,281675.98
273228,723412.84
273229,601270.95
273230,396373.1266666667
273231,265949.83
273232,259155.1
273233,373620.61
273234,276546.29
273235,363124.755
273236,333714.35
273237,318994.0
273238,384052.29
273239,512278.1
273240,620039.0
273241,285250.0
273242,688889.85
273243,784620.0
273244,455710.0
273245,344620.0
273246,271176.46
273247,318825.12
273248,636173.1666666666
273249,481765.0
273250,568744.77
273251,615849.12
273252,461094.81
273253,498668.98
273254,356211.2
273255,707289.0
273256,930688.62
273257,483793.82333333336
273258,539310.0
273259,407001.65
273260,772034.97
273261,379160.0
273262,404423.24
273263,439882.3775
273264,284245.66
273265,499488.5
273266,379331.3
273267,326598.32
273268,499364.75
273269,525999.0
273270,500941.0
273271,456734.35
273272,524194.0
273273,511107.5
273274,925575.0
273275,296640.0
273276,574180.0
273277,667069.95
273278,389393.68
273279,486795.0
273280,485394.5
273281,465555.0
273282,529926.34
273283,288435.0
273284,303778.9
273285,402074.63333333336
273286,468094.95
273287,323210.0
273288,465635.0
273289,282455.9
273290,448845.0
273291,359012.5
273292,699425.0
273293,267420.0
273294,175231.87
273295,472615.0
273296,366189.43333333335
273297,273588.6
273298,381463.33333333326
273299,1571376.16
273300,1575185.86
273301,610272.5
273302,974040.5
273303,1160155.0
273304,551230.0
273305,677935.0
273306,320850.71
273307,1414929.44
273308,913207.0
273309,1023529.75
273310,1106131.96
273311,982084.95
273312,1485811.4
273313,1196667.18
273314,878081.1666666665
273315,583133.5
273316,1130670.86
273317,396065.49
273318,855286.04
273319,560456.78
273320,733972.5
273321,1694630.89
273322,837710.0
273323,513105.51
273324,839400.96
273325,1324310.0
273326,879455.0
273327,933168.26
273328,1407766.72
273329,1245618.58
273330,386498.2966666667
273331,766160.0
273332,749248.92
273333,862637.6666666665
273334,867986.18
273335,1545616.93
273336,1637696.406666667
273337,770447.03
273338,1352692.04
273339,1258944.485
273340,748330.0
273341,388471.22
273342,1463301.68
273343,810149.74
273344,1437951.0
273345,1250024.61
273346,1527840.3
273347,528980.865
273348,688988.4876666666
273349,904680.0
273350,703592.68
273351,784071.89
273352,972246.1666666665
273353,1366732.58
273354,1262782.88
273355,911234.75
273356,672529.4
273357,492363.875
273358,1310594.56
273359,980053.38
273360,1192653.91
273361,1340220.68
273362,900729.98
273363,754724.51
273364,400217.89
273365,578184.83
273366,667207.49
273367,706272.95
273368,2532584.93
273369,1219386.62
273370,957221.83
273371,413065.46
273372,910222.5
273373,616724.29
273374,858227.5
273375,704647.43
273376,4544461.6
273377,1201846.0
273378,3936265.44
273379,468048.48
273380,701494.96
273381,2373397.5
273382,1210181.99
273383,399627.78
273384,422779.0
273385,567023.75
273386,411140.01
273387,1252610.09
273388,508260.15
273389,1156991.0
273390,677618.66
273391,693177.37
273392,442638.95
273393,701101.2
273394,529980.0
273395,2570290.35
273396,946784.61
273397,1143671.99
273398,1054064.78
273399,921700.44
273400,4140784.86
273401,722087.75
273402,401305.37
273403,1266432.9
273404,833486.8866666666
273405,557982.5
273406,747474.72
273407,1079619.0
273408,1230853.99
273409,520726.445
273410,499005.0
273411,1988190.05
273412,1765302.5
273413,1092661.0
273414,1345000.96
273415,851645.03
273416,348193.5
273417,449896.39
273418,518650.0
273419,549267.28
273420,982693.82
273421,646326.14
273422,2182581.25
273423,1933599.75
273424,963292.36
273425,940370.0
273426,429006.45
273427,3673120.0
273428,737158.5
273429,605755.5
273430,1835735.25
273431,377389.24
273432,204385.0
273433,956908.01
273434,403878.0
273435,2803727.5
273436,378096.62
273437,652071.25
273438,770930.0
273439,1355049.31
273440,1388475.0
273441,987722.36
273442,1141416.46
273443,1343303.72
273444,525367.19
273445,747267.35
273446,914344.35
273447,666009.5
273448,1082965.55
273449,455807.5
273450,821717.0
273451,423661.34
273452,542320.0
273453,596141.17
273454,694919.2
273455,964737.5
273456,626498.12
273457,416454.0
273458,427711.25
273459,445665.0
273460,656209.5
273461,422470.22
273462,976065.0
273463,215545.0
273464,518494.19
273465,651745.0
273466,344586.45
273467,435824.0
273468,896260.0
273469,502224.5
273470,720713.3
273471,3385256.08
273472,835280.0
273473,559894.36
273474,568108.0
273475,617638.38
273476,623615.65
273477,405252.5
273478,1190065.0
273479,1143689.36
273480,318232.0
273481,944980.0
273482,472254.23
273483,1135311.05
273484,544337.82
273485,653833.9
273486,544758.63
273487,507508.13
273488,844594.5
273489,618947.18
273490,1187070.0
273491,808145.0
273492,430215.0
273493,434162.92
273494,397014.6
273495,512813.13
273496,456071.41
273497,388725.04
273498,658722.61
273499,410739.59
273500,1055015.0
273501,727499.6428571428
273502,380677.87
273503,377712.5
273504,1501886.5
273505,270315.0
273506,304833.8
273507,304833.8
273508,789537.24
273509,645222.0
273510,580728.1
273511,288898.09
273512,355245.5
273513,422099.5
273514,522825.5
273515,559963.25
273516,1916955.06
273517,716603.46
273518,385212.5
273519,525197.03
273520,542805.01
273521,1153025.5
273522,516982.29
273523,518022.0
273524,700478.1
273525,541771.56
273526,511871.96
273527,446395.74
273528,804390.0
273529,1156657.0
273530,781625.78
273531,563712.5
273532,1099682.07
273533,514822.48
273534,718651.95
273535,582480.98
273536,847877.5
273537,661511.74
273538,723397.5
273539,1584420.86
273540,393658.0
273541,699602.66
273542,869151.64
273543,547041.5
273544,963103.37
273545,630340.0
273546,565528.0
273547,437903.42
273548,454997.06
273549,572821.24
273550,450069.46
273551,433133.55333333334
273552,454796.62
273553,483984.19
273554,385410.0
273555,609192.5
273556,777781.25
273557,581955.33
273558,481461.0
273559,1114757.53
273560,1363444.3
273561,548005.36
273562,409150.66666666674
273563,621868.25
273564,870162.56
273565,1831492.26
273566,1256468.34
273567,527585.45
273568,465143.25
273569,372204.91
273570,1145372.08
273571,1273420.09
273572,948140.0
273573,441174.5
273574,2773178.77
273575,868257.08
273576,1385291.68
273577,623822.5
273578,487434.0
273579,1061100.0
273580,787599.5
273581,640623.3333333334
273582,475463.0
273583,1128932.84
273584,1260719.59
273585,1078913.36
273586,339640.0
273587,1202565.0
273588,570827.25
273589,528779.07
273590,469350.0
273591,529174.59
273592,539885.0
273593,499171.82
273594,589158.49
273595,596366.32
273596,446605.5
273597,485541.11
273598,495851.99
273599,514747.94
273600,725995.89
273601,1254710.21
273602,575170.0
273603,472558.33333333326
273604,492924.19
273605,1039541.9
273606,416613.58
273607,2971719.85
273608,400703.89
273609,2157084.43
273610,392002.5
273611,381930.0
273612,789608.34
273613,495646.5
273614,745223.45
273615,1255599.99
273616,563209.55
273617,455246.25
273618,727535.83
273619,801472.12
273620,798241.73
273621,960800.0
273622,841371.18
273623,275545.0
273624,850201.25
273625,849005.5
273626,1008101.0
273627,5094030.0
273628,1373121.2
273629,694329.84
273630,884145.46
273631,825635.0
273632,692636.0
273633,943715.0
273634,1214933.59
273635,2480250.5
273636,2908773.16
273637,840451.5
273638,549672.62
273639,2399111.0
273640,976817.85
273641,859504.9
273642,1256049.3
273643,602485.0
273644,824289.5
273645,418940.0
273646,711433.5
273647,811731.6
273648,311935.35333333333
273649,434349.0
273650,510587.41
273651,933464.5
273652,1026285.09
273653,371209.81
273654,875760.83
273655,867614.5
273656,1089770.0
273657,478310.0
273658,422546.5
273659,1547732.59
273660,496179.5
273661,822329.65
273662,529799.82
273663,435813.5
273664,1160066.0
273665,671770.18
273666,361572.75
273667,877602.99
273668,1009032.95
273669,1499710.94
273670,503188.9
273671,1135701.2
273672,1184070.0
273673,539582.5
273674,557556.0
273675,613978.48
273676,337422.24
273677,327265.0
273678,312603.77
273679,586149.95
273680,415790.27
273681,452333.0
273682,322112.0
273683,326091.2
273684,455673.5
273685,325577.74
273686,476914.67
273687,877120.9
273688,2362378.5933333333
273689,1451151.69
273690,1422414.93
273691,452612.67
273692,618726.38
273693,441730.0
273694,1337554.0
273695,1614245.0
273696,1702621.0
273697,572891.28
273698,944570.25
273699,597235.71
273700,491634.73
273701,4207289.07
273702,2839478.64
273703,397014.25
273704,786282.95
273705,984528.65
273706,762622.98
273707,925432.04
273708,552488.04
273709,405187.17
273710,2705990.0
273711,856920.0
273712,1407581.38
273713,5248576.46
273714,5523887.12
273715,343140.0
273716,3208244.01
273717,1504948.333333333
273718,1705480.0
273719,4907324.75
273720,8547923.483333334
273721,4162383.79
273722,3285772.15
273723,11728983.79
273724,494910.35
273725,667775.81
273726,876591.98
273727,875515.35
273728,288180.0
273729,407482.51
273730,534948.83
273731,481006.9733333334
273732,354072.39
273733,324854.0
273734,784887.16
273735,1135650.67
273736,1170585.7
273737,956979.4
273738,1011904.2
273739,996157.35
273740,334213.64
273741,850601.3566666666
273742,606962.33
273743,272485.0
273744,813203.94
273745,736227.5
273746,1357794.0
273747,367252.14
273748,279963.88
273749,297320.05
273750,307718.64
273751,876879.48
273752,501018.99
273753,654903.3
273754,338710.0
273755,436692.27
273756,585835.53
273757,358052.8
273758,477375.0
273759,397485.38
273760,339969.0
273761,508267.26
273762,486212.84
273763,1182197.0
273764,8661231.59
273765,3125878.52
273766,1697350.0
273767,842286.0
273768,680420.0
273769,602355.0
273770,264250.0
273771,443000.71
273772,933680.0
273773,1007867.9
273774,487409.36
273775,335180.0
273776,889785.0
273777,1228250.0
273778,987346.0
273779,790680.0
273780,779212.38
273781,655798.0
273782,198160.0
273783,762077.35
273784,816658.25
273785,357180.0
273786,1108491.22
273787,1361159.48
273788,7108001.7266666675
273789,2723450.17
273790,9819005.0
273791,2631746.76
273792,644223.75
273793,4616978.54
273794,1559534.94
273795,3712059.44
273796,470486.37
273797,7818194.64
273798,3799125.54
273799,4002021.0
273800,16511393.5
273801,594611.8333333333
273802,815400.0
273803,3433806.87
273804,2530275.0
273805,710697.73
273806,1846770.0
273807,1829275.0
273808,477887.96
273809,1308839.17
273810,355824.49
273811,931586.5
273812,567302.2733333333
273813,660653.0
273814,1096270.04
273815,1612710.0
273816,654843.3533333333
273817,4156949.99
273818,658685.44
273819,768876.91
273820,614329.3333333333
273821,1518649.95
273822,396399.73
273823,3632310.34
273824,1304027.5
273825,405603.42
273826,619355.75
273827,1228246.6533333333
273828,1042134.38
273829,514318.77866666665
273830,513600.0
273831,598044.1586666667
273832,519782.67
273833,687143.71
273834,728014.57
273835,1310412.474011544
273836,773782.4
273837,1019113.62
273838,526252.55
273839,817710.0
273840,3509675.0
273841,632927.08
273842,2212785.47
273843,1268718.14
273844,610760.44
273845,3174739.49
273846,1704045.0
273847,780508.35
273848,461179.26
273849,660837.95
273850,3715992.08
273851,1109174.35
273852,858160.52
273853,1107930.22
273854,1710492.76
273855,1583717.5
273856,594294.5
273857,1250550.83
273858,2586680.0
273859,1005527.26
273860,1204195.77
273861,1822800.46
273862,1029616.55
273863,1379520.83
273864,462846.5
273865,1082711.6666666667
273866,1257968.0
273867,614598.44
273868,408745.66
273869,2822780.0
273870,1565568.33
273871,1129543.1
273872,2663205.88
273873,1673359.0
273874,2801275.0
273875,1715754.88
273876,1045476.5
273877,1869681.72
273878,1294309.32
273879,529036.5
273880,653100.0
273881,1265546.69
273882,775209.24
273883,1318563.82
273884,574845.38
273885,910214.0
273886,723345.0
273887,737176.17
273888,768826.17
273889,7602055.0
273890,404160.41
273891,431800.835
273892,1530342.6
273893,960432.98
273894,4262932.5
273895,4539176.5
273896,1855593.93
273897,2725490.0
273898,1854779.44
273899,3552087.82
273900,1356303.17
273901,1741279.8
273902,2526178.41
273903,2037332.6
273904,753681.95
273905,477183.52
273906,1300682.53
273907,434310.45
273908,362296.08
273909,372938.05
273910,417766.8900000001
273911,1381294.96
273912,414710.0
273913,343172.85
273914,805701.04
273915,357589.0
273916,785321.205
273917,471262.9
273918,2800086.88
273919,1641365.64
273920,257296.66
273921,723925.6016666666
273922,2329223.35
273923,664178.75
273924,497298.2733333334
273925,761062.4
273926,574209.85
273927,440792.33333333326
273928,1076844.1066666667
273929,545394.51
273930,426824.2
273931,521167.2
273932,1225041.6666666667
273933,708434.5
273934,442732.77
273935,477217.9
273936,610230.0
273937,397572.26
273938,777235.35
273939,684538.0
273940,562414.5
273941,411717.0
273942,365885.5
273943,579928.09
273944,935660.0
273945,875185.0
273946,813020.07
273947,608677.49
273948,524321.18
273949,524321.18
273950,679566.6666666667
273951,1425263.0
273952,497874.29
273953,497874.29
273954,2845086.0
273955,662731.6666666667
273956,784485.0
273957,4892930.74
273958,517090.3
273959,635873.6666666667
273960,6250962.5
273961,3621471.66125
273962,2750384.18125
273963,5986598.01
273964,4105445.3
273965,2749280.04
273966,928457.26
273967,3447230.873333333
273968,656344.28
273969,1250542.62
273970,278344.94
273971,2119572.76
273972,471935.5
273973,346678.14333333337
273974,690818.78
273975,818444.53
273976,2493640.0
273977,1538650.0
273978,2012440.0
273979,1096419.6
273980,478739.99
273981,585176.0
273982,585176.0
273983,1133957.0
273984,561826.7285714286
273985,291423.3
273986,1627981.1
273987,369411.75
273988,926899.0333333333
273989,996863.505952381
273990,1015972.9544047619
273991,1669876.9244047618
273992,1014636.2233333334
273993,373417.1
273994,435725.4975
273995,889039.0
273996,656660.285
273997,628802.5
273998,1315006.0
273999,342087.3333333334
274000,695492.0
274001,843342.27
274002,1129402.99
274003,372998.53
274004,993151.5
274005,324513.1333333333
274006,417665.82
274007,746940.0
274008,403807.49
274009,3028565.0
274010,1812301.14
274011,906209.07125
274012,1685650.46
274013,763841.63
274014,1394096.71
274015,3006510.0
274016,1878435.0
274017,524223.0
274018,2748636.8
274019,848476.24
274020,841119.95
274021,986063.74
274022,596185.0
274023,693621.74
274024,1263269.9
274025,544887.3433333333
274026,491230.25
274027,480849.0
274028,644628.47
274029,5741945.97
274030,688016.0
274031,2188209.55
274032,496579.01
274033,2515015.82
274034,2515015.82
274035,2224950.0
274036,1017290.0
274037,1517764.04
274038,922145.73
274039,18791211.74
274040,6455450.0
274041,6531406.25
274042,2757289.1
274043,12041735.01
274044,2860503.14
274045,573608.3
274046,584657.5
274047,2620430.0
274048,1131351.92
274049,1592383.333333333
274050,2220076.8366666664
274051,641256.04
274052,1803370.9166666665
274053,2876247.83
274054,544639.6266666666
274055,1139466.99
274056,1131015.62
274057,2139938.08
274058,948692.52
274059,13855322.51
274060,644917.0
274061,1108383.61
274062,357035.0
274063,1004872.48
274064,1162141.0
274065,1781230.16
274066,594311.25
274067,554189.8
274068,4357560.0
274069,978630.94
274070,812910.0
274071,1018030.88
274072,1796224.97
274073,1257614.46
274074,1230985.77
274075,1489876.5
274076,1000705.42
274077,1227930.0
274078,1214600.0
274079,1865815.595
274080,844630.98
274081,325014.4328571429
274082,458655.0
274083,519215.73
274084,657982.05
274085,346270.54166666674
274086,824939.0
274087,474024.16666666674
274088,739575.5
274089,515657.17
274090,1380645.0
274091,1069639.5
274092,941580.58
274093,1106702.6
274094,618188.06
274095,1569590.28
274096,817418.0
274097,1991045.0
274098,378927.43
274099,311717.1
274100,321737.44
274101,361520.76
274102,281016.0
274103,303690.25
274104,267698.5
274105,313569.8333333333
274106,516107.92
274107,354909.77333333326
274108,894779.0
274109,863083.0
274110,1006923.3
274111,2145155.5
274112,3921144.37
274113,516534.72
274114,2033048.88
274115,423990.0
274116,1175345.2133333334
274117,8855568.33
274118,343122.49
274119,703123.1
274120,389359.35
274121,982470.01
274122,2208137.76
274123,2152442.02
274124,462320.0
274125,488024.39
274126,364608.41
274127,579062.0
274128,640527.7
274129,761039.28
274130,559467.73
274131,660835.5833333333
274132,439417.98
274133,636166.5
274134,489847.5
274135,1319760.41
274136,1050792.59
274137,707099.73
274138,1853138.2
274139,1029944.6
274140,687609.2016666665
274141,1597875.0
274142,1499427.2
274143,829601.75
274144,1799533.11
274145,2004059.6
274146,1571329.79
274147,1001757.0
274148,4045416.5
274149,464259.34
274150,1752690.8
274151,860982.0766666667
274152,2051917.76
274153,3044093.0
274154,684901.58
274155,424886.52
274156,540313.0
274157,521587.7177489177
274158,394421.0
274159,646659.7
274160,357853.0
274161,842118.3452936508
274162,495315.465
274163,591530.2
274164,922015.95
274165,451246.4
274166,487277.22
274167,889810.0
274168,542666.72
274169,819400.0
274170,664278.4316666668
274171,1603920.0
274172,1211595.0
274173,464214.13
274174,2348984.09
274175,550705.6
274176,1210150.0
274177,1140557.91
274178,2343145.16
274179,4030051.5
274180,1265297.49
274181,1894828.5
274182,494628.53
274183,529148.5
274184,559177.06
274185,503815.5
274186,615172.5506666667
274187,444251.76
274188,1032537.0
274189,1300093.77
274190,1230961.2
274191,342386.57
274192,1033413.05
274193,525211.37
274194,628892.58
274195,989653.16
274196,1161055.0
274197,1847700.5
274198,2838305.5
274199,472659.98
274200,1265752.26
274201,4595001.65
274202,2371759.98
274203,453394.75
274204,383977.13
274205,438231.41
274206,725187.22
274207,455746.92
274208,425991.32
274209,2269336.64
274210,1190962.39
274211,1479088.4
274212,1243849.3
274213,828571.03
274214,859149.4502777777
274215,646934.0
274216,413142.16666666674
274217,601375.51
274218,716317.05
274219,639709.4
274220,629141.5
274221,599109.6875
274222,633531.06
274223,744523.8333333335
274224,957388.78
274225,386389.46
274226,422445.8467857143
274227,572814.12
274228,389278.835
274229,425398.0
274230,660982.2
274231,389463.2925
274232,421383.53
274233,416141.0
274234,3528787.52
274235,5769682.26
274236,1668457.11
274237,1157606.1
274238,806820.98
274239,3246671.0
274240,1724268.4
274241,3827112.25
274242,15045497.02
274243,1432877.5
274244,1052121.69
274245,837963.0
274246,3035745.0
274247,3263655.0
274248,4347839.37
274249,1508451.03
274250,831520.5
274251,1344586.44
274252,866002.78
274253,3721300.0
274254,663543.0
274255,2393656.84
274256,903428.89
274257,433597.3
274258,638497.14
274259,438148.985
274260,379384.0
274261,869190.5933333334
274262,1121326.87
274263,1229094.72
274264,817231.12
274265,356638.0
274266,1860239.03
274267,1148895.0
274268,712256.8
274269,259780.0
274270,470232.49
274271,270236.89
274272,290605.0
274273,272105.0
274274,1761225.72
274275,593794.88
274276,1024561.0
274277,692272.45
274278,667690.0
274279,338825.0
274280,598632.8703888889
274281,3726676.0
274282,843256.5
274283,480132.14
274284,1832089.88
274285,843809.0
274286,661272.4
274287,2167546.15
274288,804441.85
274289,1004106.5
274290,635701.18
274291,1359420.94
274292,1443530.0
274293,2137384.06
274294,635438.9
274295,497679.218
274296,489068.78
274297,894375.0
274298,413340.03
274299,355223.44
274300,380880.62
274301,339829.34
274302,737524.68
274303,418722.26
274304,392059.95
274305,541590.05
274306,261799.72
274307,334868.7483333333
274308,9460819.765
274309,309778.74
274310,664795.89
274311,1138948.52
274312,1157108.63
274313,362774.5
274314,432614.0
274315,537307.0
274316,419933.1
274317,387141.48
274318,278158.5466666667
274319,1243899.93
274320,492110.39
274321,859061.31
274322,463791.79
274323,588681.91
274324,570808.27
274325,434511.12799999997
274326,702792.16
274327,685621.38
274328,504926.78
274329,594565.0
274330,297352.78
274331,363034.0
274332,371091.5
274333,631563.48
274334,608684.2633333333
274335,625280.5
274336,318657.52
274337,229054.0
274338,284936.0
274339,644159.7300000001
274340,609545.0
274341,412220.5
274342,315495.0
274343,292747.0
274344,554041.64
274345,392881.638
274346,539407.8
274347,483791.69666666666
274348,448335.0
274349,1076726.17
274350,731886.83
274351,464720.75
274352,670980.0
274353,1194266.66
274354,593202.5
274355,541505.34
274356,587480.5
274357,380414.5
274358,610624.41
274359,338361.65
274360,692240.03
274361,340288.97
274362,503739.72
274363,702602.6
274364,415588.09
274365,449611.97
274366,647380.5
274367,902130.25
274368,664704.5
274369,243202.0
274370,367208.7
274371,465169.5
274372,482967.14
274373,345174.75
274374,419074.81
274375,454468.26
274376,411310.0
274377,436710.0
274378,396784.75
274379,509357.8
274380,588680.0
274381,382014.5
274382,405662.3
274383,255955.8
274384,549917.49
274385,698714.78
274386,351231.48
274387,432174.1433333333
274388,612011.35
274389,497136.99
274390,313307.07
274391,640840.1566666667
274392,328763.65
274393,530804.01
274394,399093.94166666665
274395,339302.7
274396,300160.1
274397,412081.77
274398,973659.15
274399,410451.13
274400,631750.45
274401,383717.06799999997
274402,679258.97
274403,532767.89
274404,409145.54
274405,473196.95
274406,290724.5
274407,391355.7
274408,603585.493
274409,723311.27
274410,354085.51
274411,347166.64
274412,548378.6666666666
274413,393008.5
274414,310888.62
274415,590914.38
274416,537387.5
274417,681759.9
274418,668730.3
274419,660999.05
274420,400588.6
274421,563002.6833333333
274422,389123.8
274423,1048171.47
274424,781073.1
274425,925844.1
274426,785290.0966666667
274427,800293.0666666668
274428,703026.32
274429,543985.6
274430,253449.85
274431,479530.9
274432,554083.39
274433,412768.45
274434,236999.2
274435,429992.2
274436,358389.78333333327
274437,609906.7966666667
274438,413665.0
274439,603774.0
274440,532241.6
274441,246374.0
274442,490907.7
274443,546126.9
274444,410533.05
274445,343052.2666666667
274446,527162.9
274447,435130.485
274448,819915.0
274449,498956.75
274450,498603.7
274451,475472.5
274452,541991.5
274453,560573.2847619047
274454,448185.0
274455,392546.01
274456,380510.5
274457,461468.72666666674
274458,325948.36
274459,237576.8
274460,318531.5
274461,331599.0
274462,481509.8
274463,279006.31
274464,323478.6
274465,324762.62
274466,706953.2
274467,349796.6
274468,311699.17
274469,448500.63
274470,425949.86666666664
274471,352784.38333333336
274472,364268.6333333333
274473,404225.0
274474,385622.25
274475,445921.5983333334
274476,557581.67
274477,770668.94
274478,448506.2
274479,483495.52
274480,476699.2
274481,394920.2
274482,406865.0
274483,517556.25
274484,511542.85
274485,543249.07
274486,462364.25
274487,266997.5
274488,827135.25
274489,707179.2266666666
274490,447775.43
274491,678233.0
274492,478461.1566666666
274493,841447.13
274494,806935.87
274495,661206.35
274496,653534.93
274497,433658.5
274498,470698.07
274499,401198.53
274500,518475.0
274501,527031.6066666667
274502,423191.42
274503,331825.0
274504,605678.1
274505,687262.3
274506,677489.93
274507,372096.88
274508,672370.0
274509,767254.5
274510,530406.03
274511,602566.6666666667
274512,603061.7
274513,423315.78
274514,481400.03
274515,444799.84
274516,677734.7833333334
274517,465173.63
274518,273478.31
274519,5424658.65
274520,758817.1066666666
274521,463500.45
274522,2537616.0
274523,688035.26
274524,292985.0
274525,229418.0
274526,810817.5833333335
274527,404150.5
274528,392515.0
274529,615535.0
274530,581010.8
274531,638877.96
274532,544134.7
274533,562001.5
274534,1029825.0
274535,683617.13
274536,396640.0
274537,364020.0
274538,261785.0
274539,321169.5
274540,654076.28
274541,951612.6
274542,637168.85
274543,786028.5
274544,868325.0
274545,406462.2
274546,452215.0
274547,611755.335
274548,523371.0
274549,616852.9733333334
274550,565772.76
274551,567698.5
274552,862082.7803333333
274553,284550.0
274554,668959.8083333332
274555,477601.87
274556,707654.6
274557,368062.5
274558,416305.0
274559,403465.0
274560,536476.558
274561,310637.5
274562,476969.24
274563,818118.3
274564,856888.2
274565,450293.71
274566,543772.5033333334
274567,409371.5
274568,765265.0
274569,289533.9
274570,944135.38
274571,701278.35
274572,574364.55
274573,856393.17
274574,517970.94
274575,518748.94
274576,15990318.458333332
274577,341700.35
274578,415521.91
274579,316882.38
274580,618992.34
274581,659927.6666666667
274582,348073.475
274583,327359.5
274584,529024.3166666668
274585,359415.0
274586,458755.3691666667
274587,336105.0
274588,314755.0
274589,551792.6
274590,289642.38
274591,290810.0
274592,736202.99
274593,267585.0
274594,307668.31666666665
274595,414252.0
274596,361701.375
274597,625438.53
274598,494187.5
274599,449805.0
274600,661316.3333333334
274601,299167.5
274602,378957.46
274603,445757.3
274604,488167.5
274605,451198.8
274606,405954.53
274607,427252.0
274608,676961.27
274609,454445.0
274610,529005.82
274611,587463.8333333333
274612,455482.5
274613,395838.25
274614,440951.24999999994
274615,489905.45
274616,501185.0
274617,505464.9
274618,342669.5
274619,244087.5
274620,533248.16
274621,470115.0
274622,526187.5
274623,488062.0
274624,377284.8
274625,688814.99
274626,708832.57
274627,593865.0
274628,491521.11
274629,591997.85
274630,367395.0
274631,748890.5
274632,680380.0
274633,412998.13
274634,555046.4
274635,380055.0
274636,551410.0
274637,387187.5
274638,384819.95
274639,483633.61
274640,488206.11
274641,523352.5
274642,370212.5
274643,394772.6
274644,388966.9
274645,408915.0
274646,363290.0
274647,264476.3
274648,892102.46
274649,1201221.24
274650,1126063.0
274651,732401.8733333333
274652,1331121.5
274653,335184.5
274654,1216269.5
274655,1053266.81
274656,815722.55
274657,1078394.2994444445
274658,385962.0
274659,299092.5
274660,676067.0
274661,408308.5233333334
274662,452612.35
274663,488616.25
274664,423600.0
274665,496150.0
274666,497200.07
274667,439334.0
274668,380483.61
274669,488220.0
274670,228160.0
274671,353590.69166666665
274672,509122.8
274673,456799.8
274674,463860.93
274675,359564.925
274676,556855.7
274677,508985.08
274678,258137.13333333333
274679,598225.0
274680,272558.7
274681,515279.3
274682,528163.75
274683,605821.06
274684,488637.0
274685,337151.6
274686,1276202.82
274687,1702063.1
274688,394374.37
274689,1056530.0
274690,514328.5933333334
274691,867701.1
274692,933988.2
274693,552936.1673333333
274694,744600.4
274695,531962.8233333334
274696,838396.76
274697,641227.6633333333
274698,1228072.0
274699,1059096.1
274700,503139.88333333336
274701,522616.62
274702,860521.4833333334
274703,677287.4
274704,530938.1666666667
274705,741675.37
274706,594115.0
274707,655822.06
274708,568537.45
274709,564194.46
274710,275729.4
274711,1256394.3
274712,403160.98
274713,454037.83333333326
274714,545159.27
274715,457204.5
274716,357590.03
274717,594897.11
274718,419527.5
274719,476711.0714285714
274720,563338.26
274721,541358.33
274722,4405271.785
274723,271293.0
274724,983083.48
274725,722940.0
274726,743155.0
274727,976523.746111111
274728,1764568.0
274729,611825.53
274730,925040.0
274731,2257002.52
274732,803338.98
274733,859675.5
274734,560055.44
274735,751860.1166666667
274736,2529063.5316666667
274737,837307.82
274738,822512.5
274739,678040.0
274740,823602.5
274741,901617.2
274742,1179426.6
274743,884003.49
274744,2079163.13
274745,1432862.92
274746,549400.32
274747,398490.0
274748,587011.87
274749,469614.09
274750,401695.2
274751,523315.0
274752,492688.72
274753,453279.05
274754,829908.0
274755,457734.695
274756,943367.97
274757,515695.8636363636
274758,2430270.28
274759,1527014.12
274760,1811157.6
274761,828901.0059999999
274762,745777.0
274763,1442973.69
274764,1072819.76
274765,1754901.75
274766,585964.5217200854
274767,581621.09
274768,1782541.0
274769,503714.68
274770,379539.49
274771,732385.5
274772,2129712.82
274773,1702017.83
274774,1196421.6209090909
274775,1552410.0
274776,523195.06
274777,1482110.0
274778,2008576.75
274779,649641.66
274780,2154984.55
274781,577424.7
274782,569862.25
274783,1366152.0
274784,721218.75
274785,464063.76
274786,1885320.0
274787,1194745.0
274788,1657310.0
274789,1945671.0
274790,505010.6966666667
274791,1417132.69
274792,859777.92
274793,2181059.0
274794,319037.5
274795,613909.2
274796,570958.95
274797,339027.34333333327
274798,1032398.0
274799,676086.5
274800,423749.5
274801,610582.3
274802,662462.5
274803,662462.5
274804,827433.51
274805,667666.55
274806,702057.5
274807,361200.02
274808,417541.25
274809,344652.0
274810,529003.76
274811,720784.83
274812,676876.64
274813,994331.14
274814,614325.55
274815,743672.9
274816,492256.57
274817,975059.0
274818,377317.68
274819,561088.68
274820,561088.68
274821,2538861.99
274822,752268.0
274823,945059.25
274824,903491.19
274825,1164772.04
274826,1045870.0
274827,191756.01
274828,721813.92
274829,1211475.0
274830,368590.46666666673
274831,522774.25
274832,206402.0
274833,206402.0
274834,363416.56
274835,213195.0
274836,372187.5
274837,521337.5
274838,569435.0
274839,619244.95
274840,453284.0
274841,643931.0
274842,576598.39
274843,658563.28
274844,262930.69
274845,475230.11
274846,344364.89
274847,697598.0
274848,1022351.0
274849,369215.64
274850,579722.4500000001
274851,217304.46
274852,500929.5
274853,504062.4
274854,462235.88
274855,560457.3933333333
274856,642981.0
274857,364456.47333333327
274858,276765.0
274859,960455.45
274860,466388.13333333336
274861,617075.19
274862,855078.8
274863,298160.0
274864,404627.25
274865,638616.81
274866,453036.85238095233
274867,560136.365
274868,723429.23
274869,615660.67
274870,386251.61
274871,627185.9466666668
274872,1135210.48
274873,316915.95
274874,324646.9033333333
274875,311402.5
274876,370468.5
274877,605151.0
274878,1063985.0
274879,1658117.96
274880,392545.0
274881,738463.0
274882,1327034.51
274883,300917.4266666667
274884,307540.8333333333
274885,1259236.0
274886,729643.5
274887,521746.48
274888,532144.99
274889,1607518.15
274890,621862.655
274891,361132.0
274892,800597.49
274893,305112.5
274894,503838.48
274895,504293.55
274896,611810.2209523809
274897,555121.6766666666
274898,497784.19666666666
274899,250510.0
274900,473736.95
274901,461626.33333333326
274902,2219722.483333334
274903,529238.0
274904,361359.0
274905,453706.7
274906,344162.88
274907,581287.09
274908,384350.83
274909,270609.0
274910,276693.5
274911,1256746.5666666667
274912,269084.43
274913,297303.33
274914,311435.0
274915,208005.56
274916,306769.43
274917,446026.5
274918,362289.16666666674
274919,450515.0
274920,468197.3233333333
274921,464805.0
274922,362550.5
274923,415153.1
274924,448266.15
274925,196415.65
274926,348660.0
274927,728637.5
274928,533772.5
274929,467648.0
274930,1278795.5
274931,495732.5
274932,623047.0
274933,387634.72
274934,326032.5
274935,1093138.88
274936,525487.56
274937,453548.32
274938,1021932.55
274939,304837.49
274940,907124.6066666667
274941,13166500.0
274942,8414714.79
274943,1016940.25
274944,403611.0
274945,1899363.6
274946,1295004.5
274947,589640.0
274948,428345.0
274949,910241.0
274950,1964730.97
274951,2693399.14
274952,805768.04
274953,369825.0
274954,762961.09
274955,2750069.46
274956,748441.0
274957,1157715.0
274958,603043.36
274959,881915.0
274960,669548.74
274961,1018919.8
274962,589230.8
274963,659541.8
274964,602104.36
274965,592755.0
274966,522946.275
274967,427802.5
274968,1017710.0
274969,298307.5
274970,1027720.0
274971,2072319.95
274972,1028585.0
274973,218044.45
274974,433332.5
274975,679706.73
274976,449944.7625
274977,338122.2066666667
274978,664790.63
274979,375414.0
274980,515070.0
274981,337327.5
274982,485155.68
274983,658581.25
274984,1820600.0
274985,422269.97
274986,478325.0
274987,2130176.2
274988,568287.75
274989,622324.1
274990,423097.55
274991,469605.0
274992,822759.5
274993,1077280.0
274994,535925.0
274995,688013.8733333334
274996,478794.47
274997,701041.26
274998,685467.25
274999,493578.04
275000,529440.0
275001,1980297.5
275002,1116541.27
275003,484841.55
275004,372850.0
275005,730249.4
275006,436483.44
275007,674645.5833333333
275008,531627.78
275009,526002.2415
275010,427126.37333333335
275011,872175.0
275012,1326782.5
275013,638155.6766666666
275014,964831.65
275015,404778.3
275016,815190.88
275017,508120.21
275018,912629.49
275019,427407.7
275020,1077725.5
275021,1332949.77
275022,648350.52
275023,379701.07
275024,637167.26
275025,389632.5
275026,405692.32
275027,477005.99
275028,1911418.26
275029,896143.9
275030,539997.5
275031,1014984.1
275032,3758935.0
275033,662839.2866666666
275034,851010.0
275035,519394.95
275036,4724645.0
275037,651604.12
275038,544349.3133333334
275039,534822.0
275040,670684.7609166666
275041,768305.62
275042,693864.0
275043,401000.0
275044,439891.0
275045,508663.0
275046,1555703.1933333331
275047,865237.1428571427
275048,504417.5
275049,717139.0
275050,1468165.74
275051,1581005.0
275052,841255.0
275053,1654300.55
275054,1106204.95
275055,619728.59
275056,649295.4692857142
275057,509423.48
275058,677324.1
275059,420219.0233333334
275060,324271.76
275061,601751.0
275062,500087.5
275063,380319.15
275064,355346.66666666674
275065,372461.66666666674
275066,397797.68
275067,340872.84
275068,656704.88
275069,430473.01
275070,238371.77666666667
275071,390996.0
275072,477801.0
275073,419751.5
275074,421652.25
275075,496432.05
275076,353941.0
275077,392783.9
275078,323148.0
275079,449168.0
275080,420302.85
275081,286779.35
275082,387871.5
275083,526432.4
275084,7530704.44
275085,537410.0
275086,2265428.16
275087,4019765.5
275088,1598573.0
275089,1592041.84
275090,1359867.43
275091,2924867.58
275092,682037.918
275093,2168887.05
275094,3935095.0
275095,912652.18
275096,1917173.6
275097,10517813.99
275098,584277.447300505
275099,1255744.4
275100,8284828.09
275101,2979972.02
275102,626680.0
275103,528533.57
275104,575844.5
275105,3123175.0
275106,2301845.32
275107,832534.6
275108,930424.0
275109,1129803.1
275110,558147.47
275111,392044.96
275112,528923.29
275113,706085.0
275114,333048.9875
275115,453341.42
275116,1011815.2224242423
275117,255849.76
275118,727188.47
275119,606536.68
275120,393523.3
275121,616294.52
275122,938694.6
275123,467385.67
275124,948379.0
275125,453937.5
275126,1587050.36
275127,440615.0
275128,482762.2
275129,554299.25
275130,690846.66
275131,607871.66
275132,592675.0
275133,242409.0
275134,1108472.75
275135,277694.0
275136,560508.0
275137,796391.68
275138,264514.37333333335
275139,443863.6
275140,479899.0
275141,557885.84
275142,1262816.68
275143,1938209.433333333
275144,1936441.06
275145,1055615.0
275146,997728.8233333332
275147,1834639.9
275148,1028840.8333333333
275149,406936.0
275150,659050.0
275151,660160.0
275152,662380.0
275153,760491.0
275154,643915.14
275155,699282.77
275156,734012.98
275157,299861.3
275158,843210.7
275159,307519.5
275160,909653.8233333332
275161,822184.3
275162,353481.67333333334
275163,512061.5
275164,937939.35
275165,1083998.46
275166,360805.01
275167,393695.18
275168,597663.24
275169,1071589.4
275170,446550.31
275171,345084.18
275172,628427.0
275173,518515.75
275174,433385.25
275175,433385.25
275176,518515.75
275177,433385.25
275178,433385.25
275179,331133.25
275180,665489.0
275181,561362.49
275182,5251256.5
275183,735045.0
275184,2853420.0
275185,373029.0
275186,612639.1133333334
275187,1656284.1666666665
275188,558102.55
275189,1436042.09
275190,1459233.91
275191,10642299.99
275192,380379.16
275193,1082234.15
275194,513886.85
275195,703495.67
275196,1354671.21
275197,706012.37
275198,747883.17
275199,2077633.32
275200,1727336.27
275201,1885544.86
275202,1316965.73
275203,1423869.1
275204,492895.5
275205,972281.5566666668
275206,3465965.58
275207,6609565.0
275208,606051.0066666666
275209,522966.0414285714
275210,339997.38
275211,1005210.0
275212,632253.26
275213,584079.55
275214,551222.73
275215,925475.51
275216,374020.8259615385
275217,367680.4275
275218,705887.5
275219,651926.38
275220,562572.4
275221,709465.23
275222,2328300.0
275223,421587.44
275224,977684.99
275225,790475.0
275226,475288.69
275227,484099.56
275228,370567.5
275229,502816.8175
275230,1512945.0
275231,1428767.84
275232,1463844.0
275233,2481825.0
275234,2760050.02
275235,824375.0
275236,553887.25
275237,1123256.0
275238,468874.4
275239,367210.08
275240,764163.88
275241,562733.16
275242,931886.25
275243,701870.0
275244,665937.8
275245,778105.0
275246,440115.57
275247,601337.32
275248,356545.0
275249,559330.98
275250,610209.98
275251,588379.67
275252,830475.0
275253,673994.02
275254,1001520.0
275255,1204870.8800000001
275256,836830.94
275257,336833.4
275258,299845.0966666666
275259,937869.41
275260,831521.94
275261,1041076.5
275262,1373443.0
275263,359990.6
275264,643276.8
275265,563325.53
275266,825295.0
275267,685213.27
275268,4400950.0
275269,576743.1
275270,2737991.0
275271,1008629.0
275272,497643.87
275273,396574.5
275274,419558.50333333336
275275,774656.55
275276,1780572.92
275277,2115347.76
275278,621012.17
275279,1534820.0
275280,2220109.08
275281,2215364.76
275282,1840767.93
275283,2608675.0
275284,797554.4
275285,548142.49
275286,1701293.35
275287,4116835.0
275288,1617777.14
275289,1386799.75
275290,4248785.46
275291,802367.2
275292,1936411.666666667
275293,498426.6
275294,529174.81
275295,462815.15
275296,433349.03
275297,473322.54
275298,353084.1515873016
275299,668999.73
275300,373618.43333333335
275301,377329.5
275302,386998.0888095238
275303,682940.9733333334
275304,388931.97
275305,589361.02
275306,446421.53
275307,661979.53
275308,616897.5
275309,382074.22898809524
275310,446986.6
275311,293291.96
275312,279713.79
275313,607201.65
275314,586971.65
275315,468266.31
275316,734503.87
275317,721421.6666666665
275318,524324.5
275319,487160.25
275320,331465.0
275321,377933.84
275322,614833.62
275323,405738.6
275324,374790.6966410428
275325,305175.0
275326,954585.35
275327,581175.8133333334
275328,8701951.56
275329,1197495.0
275330,1319329.0
275331,505192.06
275332,484346.74
275333,583761.1
275334,1470420.78
275335,469926.4
275336,337563.86666666664
275337,433494.0
275338,827827.6
275339,1113491.1833333333
275340,641840.4375
275341,631745.9191666667
275342,422618.75
275343,570838.93
275344,570838.93
275345,496508.0
275346,492014.5
275347,503747.07
275348,432518.79
275349,513282.24
275350,920309.62
275351,884102.0
275352,577002.95
275353,602067.6333333333
275354,996144.7790476189
275355,515115.62
275356,776065.6416666667
275357,803772.6666666665
275358,369814.95
275359,330802.5
275360,405011.58
275361,559685.39
275362,295482.95
275363,521173.9883333333
275364,371832.6833333333
275365,591562.6
275366,786797.41
275367,468339.0
275368,370751.57
275369,370751.57
275370,370751.57
275371,293653.51
275372,358469.8
275373,826188.5
275374,360184.6666666666
275375,344155.0
275376,404564.36666666664
275377,597593.24
275378,362573.9166666666
275379,317255.9
275380,497398.0083333333
275381,307275.5
275382,540360.88
275383,673131.89
275384,845118.42
275385,649882.435
275386,564376.29
275387,621524.4566666667
275388,264421.5
275389,567437.38
275390,373222.7
275391,953580.0
275392,401634.67
275393,236039.45
275394,396129.36
275395,461637.06428571435
275396,591907.0
275397,441985.79
275398,522785.6333333333
275399,504839.0833333334
275400,468544.15
275401,440325.0
275402,538927.0
275403,335560.0
275404,485787.76
275405,342126.63
275406,332647.75
275407,368955.16
275408,575584.1466666667
275409,368300.3214285714
275410,561219.41
275411,366534.06
275412,1429084.86
275413,806460.0
275414,723982.15
275415,682915.12
275416,734847.0
275417,380836.83
275418,290669.66
275419,453789.75
275420,374960.51
275421,450175.38
275422,531024.57
275423,469871.64
275424,730646.4
275425,579587.55
275426,681117.48
275427,388288.22
275428,7983798.03
275429,7983798.03
275430,301851.94
275431,429563.1
275432,426479.5
275433,464913.0
275434,327744.0
275435,911225.0
275436,753439.05
275437,1701474.32
275438,839250.6575
275439,538040.655
275440,522363.55
275441,319127.89666666667
275442,430930.93
275443,320281.0
275444,300967.5
275445,468418.4
275446,1184948.12
275447,451279.5
275448,346204.95
275449,555585.05
275450,384548.55
275451,393457.5
275452,471713.9
275453,359095.74
275454,512426.75
275455,317707.52
275456,317707.52
275457,313816.94
275458,750919.3066666665
275459,518053.5
275460,341111.5
275461,329149.67
275462,514774.19
275463,437617.71
275464,348031.25
275465,363489.98
275466,295956.98
275467,312993.2
275468,772985.1
275469,971334.75
275470,905326.35
275471,1273568.44
275472,1147740.75
275473,457803.19
275474,336085.0
275475,336085.0
275476,435230.0
275477,439715.5
275478,379735.0
275479,445342.5
275480,566590.89
275481,484405.48
275482,336784.25
275483,538729.65
275484,581093.79
275485,429856.3
275486,695129.14
275487,412908.12
275488,666237.0333333333
275489,937476.17
275490,824584.5066666666
275491,290367.0
275492,289987.0
275493,458698.22
275494,907559.89
275495,415564.87
275496,414814.6
275497,955198.42
275498,852709.4933333333
275499,768542.73
275500,429102.62
275501,573592.9
275502,493742.0
275503,677024.99
275504,689047.5
275505,307208.9
275506,381130.53
275507,434707.5
275508,454916.98
275509,527249.97
275510,724627.56
275511,1002069.0
275512,961045.2
275513,554473.8
275514,809744.21
275515,575148.35
275516,404995.34
275517,421329.85
275518,2090543.05
275519,410582.0
275520,566254.74
275521,427207.0
275522,377800.0
275523,432777.75
275524,315700.9
275525,513690.76
275526,300922.5
275527,339240.12
275528,406294.99
275529,410043.3233333333
275530,254060.03
275531,308189.95
275532,1033902.0
275533,459150.0
275534,473965.0
275535,329455.0
275536,289489.32
275537,371909.9
275538,481829.5
275539,408972.47
275540,373531.31
275541,538679.0
275542,475420.0
275543,329756.82
275544,467551.8
275545,493851.05
275546,493732.4
275547,365052.5
275548,323150.0
275549,254230.75
275550,313967.55
275551,398562.51
275552,294267.0
275553,368932.0
275554,317812.5
275555,289975.0
275556,919245.95
275557,649953.8
275558,1182973.72
275559,715764.36
275560,591485.6933333334
275561,500804.82
275562,997887.5
275563,360164.57
275564,328769.99
275565,576901.6
275566,754512.36
275567,373803.95
275568,543567.1
275569,640198.23
275570,448004.1
275571,315605.0
275572,622458.46
275573,557527.79
275574,259260.0
275575,338324.84
275576,558640.0
275577,431596.79666666663
275578,326669.0
275579,210272.695
275580,484595.2
275581,419984.95
275582,366003.0
275583,410041.8033333333
275584,374284.95
275585,410462.0
275586,201075.4
275587,356453.99
275588,415067.36
275589,250160.55
275590,494842.5
275591,299203.5
275592,670548.32
275593,229543.78
275594,574006.74
275595,271297.5
275596,528465.03
275597,590207.6
275598,1436744.64
275599,711339.98
275600,535896.5
275601,971463.5
275602,645903.18
275603,584917.49
275604,861432.69
275605,478907.63
275606,281796.66
275607,434158.99
275608,493489.64
275609,481467.2
275610,670214.14
275611,513665.83
275612,1315291.77
275613,775427.54
275614,472876.6
275615,821303.64
275616,705557.7333333333
275617,1507765.75
275618,994493.77
275619,1647950.93
275620,791345.65
275621,632093.24
275622,1138964.59
275623,494766.5
275624,743217.1666666665
275625,369382.0
275626,1108107.21
275627,447110.86
275628,801971.84
275629,632225.32
275630,1011196.4
275631,523962.9
275632,511745.23666666663
275633,648934.38
275634,838312.5
275635,710510.6
275636,393352.11
275637,296926.84
275638,450537.39
275639,1005638.0
275640,484256.6
275641,1010737.38
275642,1484433.2533333332
275643,1780631.09
275644,545847.5
275645,564068.5
275646,762010.0
275647,286325.0
275648,367434.6
275649,356504.75
275650,379565.79
275651,276113.9
275652,443234.39
275653,407012.5
275654,485840.5
275655,475550.0
275656,452031.25
275657,406173.78
275658,399114.5
275659,242342.16
275660,331103.39
275661,514469.48
275662,268337.99999999994
275663,405130.65
275664,250353.0
275665,288232.05
275666,306014.06666666665
275667,502513.0
275668,465695.0
275669,398951.0
275670,566842.99
275671,283338.85
275672,338413.84
275673,562778.6
275674,700188.5
275675,485648.5
275676,260997.5
275677,388100.0
275678,328644.77
275679,341323.62
275680,854416.15
275681,388307.37
275682,276091.15
275683,443132.42
275684,525187.61
275685,545322.19
275686,426711.0
275687,696162.71
275688,1095235.49
275689,370014.83
275690,601469.52
275691,450259.46
275692,440561.05
275693,351472.0
275694,292784.95
275695,363865.0
275696,389263.05
275697,373639.5
275698,272004.91
275699,269101.7
275700,371534.13
275701,870830.4
275702,503253.0934523809
275703,421815.0
275704,1474094.95
275705,413000.5
275706,244005.75
275707,439574.95
275708,450565.78
275709,381122.99
275710,590479.48
275711,396372.71
275712,414059.55
275713,406847.0
275714,464153.75095238094
275715,325067.25
275716,575871.6
275717,207666.1
275718,638745.86
275719,374781.0
275720,1298430.0
275721,1127350.35
275722,457499.9
275723,942550.46
275724,449276.36
275725,537294.8333333334
275726,829413.21
275727,795157.54
275728,690822.91
275729,799622.74
275730,581032.46
275731,466318.62
275732,403290.0
275733,612764.98
275734,463924.18
275735,481060.58
275736,431981.66
275737,990545.6666666667
275738,1040805.0
275739,869213.8
275740,758770.0
275741,1031822.03
275742,549362.63
275743,491039.5
275744,550893.72
275745,518855.99
275746,651735.01
275747,345158.95
275748,499335.0
275749,354955.5
275750,352738.5
275751,465131.9
275752,404792.89
275753,310145.0
275754,523810.14
275755,485455.07
275756,416532.62
275757,437998.32
275758,243993.0
275759,373465.0
275760,340911.72
275761,404415.01333333337
275762,481901.5
275763,472360.99666666664
275764,546920.1166666667
275765,538057.5
275766,329782.6866666667
275767,388305.01
275768,280516.6666666666
275769,758481.75
275770,731496.7
275771,684751.91
275772,573415.8333333333
275773,895195.0
275774,293675.9
275775,592861.0
275776,342276.6666666666
275777,141979.9
275778,256555.0
275779,338382.5
275780,381801.6763333333
275781,394533.43
275782,520380.0
275783,551708.0
275784,553067.5
275785,640043.75
275786,1126488.5
275787,535949.5
275788,667460.0
275789,306330.0
275790,378861.84
275791,366835.0
275792,348761.0
275793,585314.99
275794,627996.08
275795,497135.0
275796,479957.5
275797,533816.5
275798,485004.95
275799,975190.0
275800,813604.0
275801,489721.21
275802,229197.66
275803,486295.0
275804,337492.33333333326
275805,475127.0
275806,526702.0
275807,458599.0
275808,368932.5
275809,290018.3333333334
275810,865546.59
275811,656772.0
275812,1266301.75
275813,735584.5
275814,982130.04
275815,4364633.5
275816,544725.92
275817,791046.25
275818,1274940.81
275819,1963990.19
275820,382240.94
275821,1182995.89
275822,400773.24
275823,1231816.5
275824,2675574.5
275825,1313800.0
275826,858388.95
275827,561156.14
275828,1060118.88
275829,1980783.87
275830,753182.5
275831,488046.5
275832,755072.27
275833,790812.5
275834,897796.01
275835,560343.24
275836,2506940.0
275837,772177.43
275838,363165.11
275839,571153.08
275840,388990.63
275841,908898.75
275842,994420.5
275843,841098.02
275844,653975.0
275845,1932734.56
275846,1305751.65
275847,793643.97
275848,2693721.2
275849,2445994.77
275850,2308582.5
275851,1052620.4583333333
275852,682992.0
275853,514252.27
275854,862530.03
275855,514450.44
275856,734521.51
275857,689929.0
275858,1027750.0
275859,1195447.53
275860,1466363.4
275861,688795.49
275862,537665.3
275863,429693.9
275864,1591335.6
275865,328590.06
275866,639871.82
275867,541382.21
275868,589922.01
275869,575371.69
275870,1006507.5
275871,1149424.26
275872,686075.0
275873,983181.97
275874,1016568.885
275875,680348.1166666666
275876,1150615.0
275877,943113.08
275878,814219.1
275879,795545.44
275880,570137.6766666666
275881,1300140.0
275882,607797.22
275883,804380.0
275884,871923.4
275885,751312.55
275886,650500.05
275887,695992.8
275888,1210399.88
275889,1084966.36
275890,1815704.15
275891,1542280.0
275892,512987.5
275893,692652.095
275894,2062342.57
275895,2946694.47
275896,1126125.71
275897,820635.0
275898,298735.0
275899,599264.81
275900,695725.0
275901,249815.0
275902,814961.59
275903,1111487.34
275904,234630.0
275905,1087770.06
275906,411879.9
275907,414803.7
275908,492246.95
275909,419649.5
275910,340938.25
275911,571943.75
275912,485874.65
275913,530025.0
275914,518824.0924242425
275915,2393430.04
275916,438388.75
275917,407848.45
275918,950175.0
275919,434107.0
275920,435364.01
275921,590843.11
275922,831856.49
275923,323590.0
275924,332150.0
275925,721630.0
275926,699780.5
275927,704227.88
275928,308373.3
275929,522955.28
275930,5791134.99
275931,2218137.49
275932,458693.98
275933,637571.26
275934,584731.2
275935,569183.18
275936,578843.0
275937,443360.0
275938,1196730.0
275939,463994.45
275940,416963.1
275941,750112.61
275942,1226351.77
275943,336981.51
275944,843084.98
275945,468829.06
275946,527073.13
275947,1279800.0
275948,510024.0
275949,520778.1
275950,351514.7
275951,406758.42
275952,1064517.5
275953,963110.0
275954,691009.54
275955,333568.52
275956,581168.44
275957,320653.5
275958,512109.89
275959,333969.74
275960,300676.8
275961,863171.25
275962,841145.1
275963,570955.0
275964,290956.0
275965,236825.0
275966,579099.5
275967,901005.75
275968,437048.3233333333
275969,439675.0
275970,421695.0
275971,774092.4
275972,319070.0
275973,251474.52
275974,439630.62
275975,420127.0
275976,573900.0
275977,791981.0
275978,781617.4999999999
275979,497246.68333333335
275980,418900.01
275981,775789.99
275982,407710.01
275983,757417.88
275984,524673.4633333334
275985,551227.41
275986,532604.97
275987,289492.67
275988,822101.56
275989,333929.61
275990,578200.5
275991,372919.5
275992,679952.5
275993,794320.06
275994,782029.89
275995,525622.38
275996,313870.0
275997,341932.25
275998,626205.0
275999,540536.43
276000,608570.32
276001,387431.98
276002,273340.44
276003,432958.95
276004,478506.6
276005,878318.0
276006,421630.48
276007,350113.25
276008,603030.5
276009,1159485.08
276010,1260150.28
276011,508640.32
276012,891072.0
276013,1211547.1
276014,475449.25
276015,2687123.15
276016,2366559.46
276017,3689150.0
276018,758405.0
276019,833701.6666666665
276020,398787.5
276021,531826.49
276022,1100076.0
276023,460768.25
276024,723057.6
276025,894703.3333333335
276026,784292.14
276027,672873.17
276028,766897.78
276029,722565.7633333333
276030,876357.38
276031,906749.3
276032,2585990.62
276033,490689.89
276034,369183.75
276035,380822.13
276036,944825.0
276037,511207.0
276038,914385.0
276039,462501.75
276040,557821.52
276041,717596.43
276042,556518.26
276043,1019951.78
276044,2149430.5
276045,563983.5
276046,487255.14
276047,509722.52
276048,1186134.94
276049,429788.11
276050,913901.04
276051,1157454.59
276052,451125.0
276053,416189.7
276054,889307.68
276055,230805.0
276056,872437.95
276057,452046.15
276058,605810.51
276059,788510.75
276060,592664.5
276061,380818.81
276062,489461.5
276063,795814.33
276064,945673.0
276065,350633.0
276066,876304.48
276067,482166.0
276068,482166.0
276069,477966.76
276070,785179.95
276071,683712.96
276072,1085748.48
276073,1208680.0
276074,1097393.74
276075,10949500.0
276076,427690.08
276077,407253.68
276078,483047.54
276079,415157.05
276080,361651.0
276081,811817.62
276082,347617.24
276083,923330.0
276084,4226685.0
276085,564345.67
276086,3069339.38
276087,4574843.88
276088,2140710.05
276089,558330.0
276090,2906265.62
276091,1160684.5
276092,523185.81
276093,1393683.33
276094,961468.34
276095,605205.4
276096,792700.0
276097,679723.12
276098,526279.7
276099,393435.85
276100,251055.0
276101,788463.54
276102,991884.38
276103,1043114.5
276104,887131.5
276105,1335840.0
276106,10587500.0
276107,498744.5
276108,408532.5
276109,889524.16
276110,1224985.0
276111,317878.0
276112,763385.0
276113,371740.0
276114,505799.58
276115,324275.0
276116,559960.0
276117,319475.0
276118,434210.85
276119,550473.5
276120,366402.24
276121,582870.99
276122,503335.49
276123,4093784.963333333
276124,511028.0
276125,367265.5
276126,1876680.0
276127,1461311.67
276128,5462273.05
276129,600088.56
276130,1333689.7
276131,552061.94
276132,1131773.98
276133,366958.96
276134,480224.01
276135,2506295.0
276136,692168.42
276137,3667326.03
276138,2655004.12
276139,1669870.8
276140,971168.72
276141,3273649.8216666663
276142,1770901.5
276143,1735945.0
276144,2289792.79
276145,1116424.58
276146,297649.0
276147,412007.35
276148,937273.93
276149,417846.62
276150,565164.85
276151,842708.8095238096
276152,835138.49
276153,1032230.02
276154,2148873.99
276155,747901.64
276156,485895.56
276157,267551.7857142857
276158,1331071.97
276159,577613.3
276160,502170.0
276161,427590.74
276162,268378.57
276163,601297.0
276164,221620.35
276165,693004.25
276166,380045.5
276167,694790.0
276168,971562.0
276169,405751.5
276170,942340.0
276171,429425.39
276172,745978.5
276173,495145.0
276174,3633494.5
276175,341715.0
276176,1820744.5
276177,741069.45
276178,1948240.0
276179,255010.0
276180,353665.0
276181,492305.92
276182,3153682.79
276183,598555.0
276184,1088965.0
276185,2184745.0
276186,2002404.4
276187,2748695.0
276188,4358979.0
276189,7527257.12
276190,1977460.73
276191,596250.0
276192,7831221.93
276193,1356414.98
276194,723828.75
276195,532088.0
276196,2407984.65
276197,1053863.2
276198,854750.0
276199,2110035.0
276200,893500.0
276201,4140511.99
276202,2561446.64
276203,1411907.38
276204,562884.3133333334
276205,603431.78
276206,2540080.8333333335
276207,442737.21
276208,357646.55
276209,976032.83
276210,522674.62266666663
276211,379254.0
276212,459884.99
276213,968232.21
276214,807649.52
276215,554649.9773333335
276216,457775.87
276217,3880523.75
276218,2187354.95
276219,1162367.47
276220,995388.0
276221,906585.37
276222,1729829.9614805193
276223,6336997.07
276224,610730.0
276225,664236.07
276226,731483.58
276227,1237074.5
276228,1198906.86
276229,1199511.85
276230,478352.0
276231,1365465.0
276232,1727252.6
276233,1306315.5
276234,2235305.33
276235,2293042.7
276236,2086127.5
276237,2408355.03
276238,1878992.76
276239,757387.47
276240,836465.5
276241,740334.5
276242,564003.8
276243,2154143.9
276244,1605932.77
276245,1474978.04
276246,908569.2
276247,898825.0
276248,1420810.0
276249,1382050.11
276250,1354973.0
276251,600837.34
276252,872065.8333333335
276253,551970.01
276254,795665.5166666667
276255,1763555.77
276256,3825178.16
276257,2590980.0
276258,2396121.8
276259,1414987.98
276260,730754.67
276261,1661450.0
276262,840610.3333333335
276263,929912.04
276264,701457.0
276265,896562.1571428572
276266,1249340.0
276267,820729.6
276268,592320.15
276269,880288.29
276270,1317565.0
276271,849611.84
276272,764350.0
276273,850972.25
276274,1183565.0
276275,3752496.52
276276,15212577.2
276277,521432.0
276278,412139.26
276279,789942.68
276280,1359867.0
276281,1767139.06
276282,1657792.46
276283,4726143.31
276284,688162.9
276285,723059.13
276286,461387.5
276287,1226828.7
276288,542823.7
276289,485640.57
276290,879071.25
276291,775169.57
276292,564791.95
276293,863872.5
276294,488305.0266666666
276295,560714.66
276296,698352.73
276297,555090.5
276298,439699.99
276299,561077.73
276300,481703.05
276301,569200.5166666667
276302,501247.8166666667
276303,602344.5
276304,415593.55
276305,1003473.8
276306,538825.45
276307,498578.6
276308,278662.5238095238
276309,534263.79
276310,431768.2
276311,391957.4
276312,605226.85
276313,540725.0
276314,544599.02
276315,558245.5
276316,522421.52
276317,728858.65
276318,853338.89
276319,744422.47
276320,1007380.0
276321,582597.49
276322,649991.0
276323,1736482.0
276324,854690.0
276325,794524.5
276326,3058150.69
276327,10525844.316666666
276328,2657532.27
276329,1094234.3425
276330,3077593.333333334
276331,1251472.45
276332,1526977.3
276333,541435.89
276334,373847.35
276335,733056.0
276336,691253.4
276337,283509.09
276338,1103998.3457142857
276339,911050.65
276340,210662.5
276341,400112.5
276342,699824.0
276343,424345.41
276344,598248.625
276345,958903.0
276346,801399.0
276347,875237.0
276348,960675.0
276349,1010959.99
276350,903465.0
276351,1073904.27
276352,933393.5
276353,883306.0
276354,336178.82333333336
276355,8219077.273333333
276356,890512.5
276357,431989.72
276358,304529.48333333334
276359,353720.59
276360,606977.304
276361,394153.2
276362,663465.0
276363,807445.3666666667
276364,3080095.5
276365,863930.5
276366,2248520.55
276367,419561.28
276368,452120.66
276369,858596.8
276370,546612.1433333333
276371,461302.61
276372,2412900.0
276373,415607.92
276374,6894650.266666668
276375,595033.7
276376,1084647.12
276377,2103460.0
276378,3462510.2
276379,1090198.12
276380,1134503.6
276381,1679568.34
276382,876903.32
276383,1672549.39
276384,2820550.0
276385,1752519.79
276386,3665154.61
276387,2623539.29
276388,6109848.29
276389,18356726.39333333
276390,3340995.329
276391,828298.14
276392,1074110.0
276393,1668174.65
276394,1515784.25
276395,1539925.41
276396,1484138.0
276397,1977670.0
276398,2358340.0
276399,2074657.48
276400,5513100.0
276401,3725565.0
276402,2438058.56
276403,418455.5333333334
276404,960593.8
276405,945400.83
276406,724265.0
276407,713750.0
276408,615514.5
276409,7189434.94
276410,2270788.61
276411,1008328.2
276412,977528.45
276413,366189.45
276414,744252.0
276415,1500855.24
276416,589624.8
276417,2101980.52
276418,413640.0
276419,670770.0
276420,1704828.75
276421,952685.55
276422,1193111.95
276423,497540.0
276424,361745.4466666667
276425,508421.0
276426,698663.23
276427,568126.03
276428,1350450.06
276429,949689.03
276430,517551.5
276431,694879.0
276432,672478.5466666665
276433,783496.02
276434,609859.0
276435,1595502.8
276436,1466344.98
276437,621414.5
276438,746621.0
276439,669593.5
276440,897764.64
276441,805612.0
276442,507221.84
276443,1119194.6
276444,401797.8783333333
276445,435419.9
276446,381939.21
276447,543745.0
276448,286069.15
276449,283877.65
276450,1286909.99
276451,424943.8
276452,714307.55
276453,438950.6
276454,983113.55
276455,794793.0
276456,831374.59
276457,326469.53
276458,1326726.41
276459,1892362.76
276460,979169.6316666667
276461,1689240.0
276462,1164857.51
276463,669043.18
276464,656592.85
276465,427281.41
276466,432609.0
276467,419199.0
276468,846344.17
276469,385997.04
276470,732592.96
276471,927100.0
276472,830143.17
276473,669901.8516666667
276474,484348.0
276475,849578.55
276476,1033676.5
276477,1236768.5
276478,338407.12
276479,518803.8
276480,647891.7516666666
276481,475258.89
276482,1328237.41
276483,437677.22
276484,436194.0
276485,450732.52
276486,340432.25
276487,619043.71
276488,361620.91
276489,828415.0
276490,499321.38
276491,1440610.0
276492,714460.97
276493,670301.5
276494,1120585.85
276495,926188.0
276496,639424.3883333333
276497,1614637.78
276498,3011690.0
276499,536204.62
276500,1258918.5
276501,589594.5
276502,877638.14
276503,2116100.0
276504,369831.0
276505,716755.3808333332
276506,497833.5
276507,593344.0
276508,610726.2981666666
276509,499608.1566666666
276510,454320.5
276511,2399140.0
276512,2379360.5
276513,401272.79
276514,1226036.54
276515,1109803.8
276516,779823.615
276517,847034.0
276518,600409.99
276519,1703680.0
276520,2538181.5
276521,3233205.0
276522,566104.83
276523,361554.85
276524,275792.99
276525,228990.0
276526,221835.0
276527,1031868.75
276528,423085.2741602842
276529,624924.4
276530,633260.3
276531,629880.41
276532,444780.8761904761
276533,3085535.0
276534,5061543.31
276535,2579100.0
276536,2112665.99
276537,1842996.18
276538,350883.07
276539,463137.08
276540,520114.33
276541,1195178.6235714287
276542,2309215.0
276543,478205.22333333327
276544,517824.0
276545,1094164.0
276546,1484171.42
276547,450087.77
276548,1571893.0
276549,881250.74
276550,1553892.0
276551,659112.38
276552,3436676.84
276553,436689.32
276554,535688.54
276555,605292.81
276556,328260.0
276557,1257455.1666666667
276558,1280725.0133333332
276559,1201293.2966666666
276560,1328952.7466666668
276561,532437.36
276562,532437.36
276563,1252744.3
276564,474577.5243589743
276565,959879.0
276566,452758.2
276567,374468.44
276568,380903.5
276569,466581.0
276570,451839.5
276571,463420.67
276572,607278.7
276573,496816.5
276574,715120.5
276575,544065.26
276576,750937.3433333334
276577,648523.32
276578,452719.1
276579,451990.65
276580,461275.74
276581,976099.25
276582,506782.92
276583,623581.3
276584,599900.45
276585,673259.9133333334
276586,426549.7
276587,527265.52
276588,536531.35
276589,462738.7
276590,293596.0
276591,523904.9
276592,410653.1499999999
276593,681790.0
276594,299199.5
276595,425269.41
276596,499073.25
276597,753650.0
276598,314916.47
276599,410432.04
276600,661883.7066666667
276601,209797.02
276602,1230996.65
276603,514905.6
276604,306822.85
276605,478935.0
276606,519432.0
276607,2874783.37
276608,893085.5
276609,1214615.4
276610,323069.1666666667
276611,302590.0
276612,380967.01
276613,688680.35
276614,713417.52
276615,593522.0
276616,516276.84
276617,710500.0
276618,990516.3
276619,420710.01
276620,539099.6
276621,314382.29
276622,929105.975
276623,442485.0
276624,456869.46
276625,488072.5
276626,327132.24
276627,391913.75
276628,264795.2619047619
276629,501031.2875
276630,424325.0
276631,500758.9
276632,473739.12
276633,798621.28
276634,573997.3866666666
276635,649597.7
276636,409209.45
276637,470527.29
276638,681009.5
276639,415398.1
276640,569349.4125
276641,341241.8
276642,643385.9775
276643,611868.29
276644,723345.0733333332
276645,442213.19
276646,758856.19
276647,282168.6
276648,658296.78
276649,767687.5
276650,676231.65
276651,339857.36
276652,368795.3
276653,475357.9273333333
276654,388588.03
276655,808638.62
276656,574789.49
276657,461017.93666666665
276658,457582.7
276659,390584.5966666666
276660,321838.10333333333
276661,488682.05
276662,524234.72333333327
276663,318166.9
276664,852762.0
276665,544301.0
276666,435489.58
276667,344983.54
276668,515055.3
276669,358144.72
276670,398809.64
276671,934849.38
276672,709845.48
276673,691277.3333333335
276674,402703.8466666666
276675,472192.6
276676,433996.6
276677,925146.1
276678,892718.28
276679,423562.675
276680,744955.0843333332
276681,581344.9139047619
276682,1158926.24
276683,509792.16666666674
276684,639731.01
276685,521504.88
276686,501446.01
276687,347210.30083333334
276688,536976.5
276689,365642.0625
276690,426907.225
276691,415692.9166666666
276692,465905.5
276693,917647.32
276694,907497.25
276695,452800.0
276696,422284.37333333335
276697,514508.5
276698,538845.26
276699,440143.33333333326
276700,319384.1333333333
276701,398685.0
276702,618632.5
276703,519515.0
276704,477572.65
276705,361690.75
276706,254877.6666666667
276707,373670.1
276708,385731.82
276709,250191.55
276710,518957.7
276711,283472.57
276712,593723.4
276713,270222.9
276714,575374.265
276715,397343.84
276716,866859.48
276717,399554.19
276718,545272.0114285714
276719,451808.5
276720,418505.5
276721,353432.84
276722,344126.0
276723,436220.0
276724,445467.0
276725,447461.4
276726,353352.3
276727,348652.7
276728,463598.2
276729,404845.0
276730,393004.0
276731,295014.93
276732,326837.4
276733,494732.31
276734,517533.0
276735,557429.88
276736,495122.21
276737,663922.74
276738,547293.7
276739,538264.19
276740,746235.77
276741,785465.51
276742,594874.5
276743,572635.0
276744,672659.26
276745,706498.14
276746,743922.9
276747,664611.5333333333
276748,562281.0
276749,383107.5
276750,475563.35
276751,733311.13
276752,343850.07083333336
276753,572143.5333333333
276754,351047.0
276755,614562.0
276756,510517.10666666663
276757,575567.5
276758,500161.0
276759,621977.18
276760,321134.6
276761,711885.0
276762,665620.9733333334
276763,454363.57
276764,425205.93
276765,494213.86
276766,507184.74
276767,320026.34
276768,830320.4
276769,561291.0
276770,381524.95
276771,1009601.88
276772,430649.77
276773,366580.0
276774,591986.57
276775,448482.0
276776,264330.0
276777,578733.61
276778,283042.95
276779,537595.8
276780,667911.82
276781,309484.66
276782,470333.66
276783,591934.7
276784,1141866.5
276785,528532.64
276786,782057.0
276787,516458.09
276788,447452.51
276789,292175.29
276790,694050.948
276791,444450.95
276792,455767.38
276793,408594.95
276794,387834.3333333334
276795,458551.32
276796,420399.75
276797,773716.5
276798,368331.04
276799,408053.72
276800,392768.0
276801,1070101.3
276802,792142.3
276803,374355.36
276804,308750.0
276805,299527.5
276806,327783.2
276807,484234.95
276808,444507.3
276809,352793.61083333334
276810,333814.99
276811,193155.0
276812,299215.7
276813,455840.0
276814,420857.0
276815,277046.6666666667
276816,365930.8875
276817,596112.5
276818,515185.4
276819,643188.9
276820,691941.97
276821,370148.5
276822,584595.0
276823,745926.72
276824,1214290.0
276825,635254.86
276826,353835.0
276827,332343.0
276828,361042.95
276829,489228.67
276830,532531.9
276831,563960.0
276832,380987.75
276833,300994.0
276834,497787.0
276835,357189.76
276836,574495.0
276837,359015.0
276838,434180.8
276839,533052.9
276840,687890.4
276841,802490.1
276842,1601975.44
276843,320553.97
276844,1097579.33
276845,529107.6278643578
276846,547140.95
276847,460013.5
276848,444815.5
276849,904754.6666666665
276850,218923.68
276851,466671.0
276852,267029.0
276853,499111.0
276854,309672.78
276855,474746.6000000001
276856,457292.5
276857,501531.27
276858,475202.0
276859,438512.46
276860,427948.9
276861,373447.3
276862,437531.05
276863,268462.2442857143
276864,469708.53
276865,477997.745
276866,299850.0
276867,445980.83333333326
276868,521285.8
276869,508280.0
276870,912908.5
276871,469915.62666666665
276872,839352.2
276873,425576.65
276874,350679.5
276875,437856.25
276876,1305402.5
276877,876595.23
276878,730395.03
276879,357676.26
276880,454288.86
276881,443119.47
276882,291072.45
276883,647844.24
276884,1685614.0
276885,522253.0
276886,585052.2
276887,464995.8333333334
276888,746779.7
276889,615431.8
276890,536910.5
276891,823335.1
276892,631015.0
276893,486408.88
276894,587986.3433333334
276895,1200697.57
276896,619110.7066666667
276897,651270.0
276898,607265.32
276899,1250161.68
276900,623976.1319047619
276901,623976.1319047619
276902,539153.22
276903,552371.04
276904,1201084.7
276905,660422.03
276906,563239.52
276907,640354.56
276908,625357.43
276909,1753178.36
276910,1016856.69
276911,817662.5
276912,514738.88
276913,1521613.65
276914,845714.1666666667
276915,918429.85
276916,922139.95
276917,749881.45
276918,750732.37
276919,933153.2
276920,553816.91
276921,485235.55
276922,501318.29
276923,404122.79
276924,360358.57
276925,487139.41
276926,733840.65
276927,592821.5869473683
276928,1790334.86
276929,534124.3766666666
276930,551748.34
276931,913761.72
276932,740380.4
276933,444028.75
276934,492532.64
276935,356489.8
276936,426023.8
276937,690384.99
276938,483470.0
276939,331013.03
276940,1626591.5
276941,459616.5
276942,418385.0
276943,1333037.0
276944,3601280.0
276945,2954250.0
276946,617845.0
276947,1008644.4
276948,940349.0
276949,615162.09
276950,580994.98
276951,569689.25
276952,1282460.0
276953,757749.5866666666
276954,406960.4
276955,582585.72
276956,1820130.0
276957,482998.82333333336
276958,774622.4
276959,726794.5
276960,370294.34
276961,479748.0
276962,276811.75
276963,412025.0
276964,552250.0
276965,598609.05
276966,803345.0
276967,660408.79
276968,259225.0
276969,493230.0
276970,260527.0
276971,1255038.3
276972,273965.0
276973,296005.0
276974,401107.5
276975,628242.4
276976,696108.0
276977,980466.72
276978,664822.5
276979,642875.5
276980,356672.47
276981,306639.0
276982,688400.0
276983,359005.0
276984,409145.86
276985,390750.5
276986,846221.8
276987,607734.31
276988,1422385.0
276989,335511.4
276990,346006.19
276991,292499.37
276992,630624.6
276993,410287.2975
276994,307545.1933333333
276995,475138.19
276996,1170625.0
276997,318842.5
276998,1503149.75
276999,391533.99
277000,339819.5
277001,561066.65
277002,681885.66
277003,292445.12666666665
277004,477649.5
277005,490045.0
277006,688747.5
277007,1022998.0
277008,496270.0
277009,727190.0
277010,741053.22
277011,1101855.02
277012,500750.0
277013,396505.13333333336
277014,402332.5
277015,615304.0
277016,736723.1233333333
277017,378967.25
277018,494267.8333333334
277019,422745.01
277020,306778.0
277021,435841.47
277022,353473.75
277023,513874.5833333334
277024,357191.62
277025,2983715.0
277026,1045259.06
277027,425787.0
277028,894497.4566666667
277029,548642.5
277030,878417.5
277031,1404030.52
277032,446552.69
277033,502767.55
277034,642740.3366666667
277035,400466.58
277036,707984.88
277037,1123262.5
277038,442664.87
277039,655339.14
277040,434729.5
277041,474894.09
277042,575768.22
277043,424006.47
277044,566262.0
277045,646328.7
277046,556469.0
277047,677540.0
277048,436335.0
277049,370005.95
277050,370005.95
277051,331828.0
277052,331828.0
277053,353176.41
277054,469225.0
277055,304803.66285714286
277056,303296.25
277057,552378.3333333334
277058,392827.0
277059,385408.05
277060,418260.5
277061,220030.0
277062,852289.23
277063,393611.0
277064,378505.0
277065,517214.84
277066,413964.5
277067,481009.5
277068,1853637.4
277069,1097190.48
277070,338070.0
277071,347710.0
277072,1507030.0
277073,460758.5
277074,1040811.04
277075,2121662.72
277076,685325.0
277077,471639.32333333336
277078,1041558.99
277079,585960.26
277080,443273.5
277081,756755.0
277082,706430.0
277083,2187701.84
277084,1084306.75
277085,544310.0
277086,554750.0
277087,513757.0
277088,501703.54
277089,1072745.0
277090,692751.05
277091,655663.88
277092,376387.0
277093,2791528.46
277094,2442380.2
277095,641346.36
277096,402780.32
277097,784817.62
277098,440922.5
277099,577811.525
277100,631379.9
277101,721971.85
277102,685708.0
277103,414807.5
277104,376873.8333333334
277105,250580.0
277106,459770.04
277107,554780.67
277108,552484.29
277109,431503.464
277110,1322565.18
277111,815362.5
277112,569178.34
277113,694801.0
277114,323743.8
277115,573921.64
277116,666345.0
277117,349535.0
277118,499806.78
277119,286209.7
277120,400509.75
277121,1473825.0
277122,571299.45
277123,390647.11
277124,638330.02
277125,1222789.5
277126,468123.98
277127,392879.0008333333
277128,527120.0
277129,1126050.0
277130,1033141.25
277131,788685.5
277132,288390.09
277133,469829.5
277134,470854.14
277135,531308.88
277136,650320.11
277137,895127.19
277138,1443922.0
277139,1486661.5
277140,463070.0
277141,878958.7333333333
277142,420426.5
277143,452184.99
277144,431186.0
277145,429992.5
277146,685807.73
277147,656088.3
277148,465340.025
277149,467943.48
277150,1632070.29
277151,473661.47
277152,1001066.0
277153,354750.0
277154,341848.0
277155,452136.2225
277156,809345.245
277157,794211.0
277158,406391.82
277159,662493.35
277160,697226.12
277161,2393571.0
277162,569580.0
277163,1223006.38
277164,832130.13
277165,7052361.666666666
277166,1227424.45
277167,1275112.21
277168,938096.45
277169,917671.81
277170,3795080.0
277171,3173155.0
277172,4007625.77
277173,465760.0
277174,832923.89
277175,2480889.5
277176,586429.02
277177,354126.16
277178,675722.3
277179,633826.04
277180,1324079.5
277181,415245.54
277182,697518.5
277183,602245.5
277184,420089.95
277185,985904.75
277186,772695.0
277187,357026.6666666666
277188,403025.4
277189,487809.0
277190,487809.0
277191,384363.86
277192,463675.0
277193,684307.015
277194,922439.14
277195,513538.98
277196,503295.75
277197,716459.13
277198,840998.8
277199,1856585.0
277200,572258.7864285714
277201,392484.71
277202,529380.0
277203,437658.61
277204,362197.672
277205,556014.13
277206,417321.81
277207,491241.9
277208,237754.55
277209,363413.98
277210,400465.0
277211,437329.0
277212,376255.0
277213,404640.27
277214,374145.0
277215,354565.66666666674
277216,398835.5
277217,338515.0
277218,395701.0
277219,543857.08
277220,1461233.4225
277221,2201370.0
277222,498978.65
277223,1958045.32
277224,715930.0
277225,715930.0
277226,562488.0
277227,327749.02
277228,594569.71
277229,366970.17
277230,1629283.92
277231,618318.42
277232,548404.67
277233,697428.0266666667
277234,558495.8
277235,524337.5
277236,526817.95
277237,736334.18
277238,321847.5
277239,281740.0
277240,1425943.3
277241,228676.71
277242,579995.0
277243,916464.0
277244,400187.92
277245,1350203.87
277246,278958.5
277247,289363.07
277248,534575.0
277249,210914.8
277250,1138636.18
277251,622317.9
277252,447446.26
277253,524422.4
277254,933422.2
277255,1483990.0
277256,723469.4
277257,343734.5
277258,1048070.4
277259,1129819.04
277260,1194277.5
277261,1477976.2
277262,863511.51
277263,519075.6
277264,763546.0
277265,722857.66
277266,2173939.2
277267,897397.99
277268,678733.6
277269,807304.6
277270,382895.70399999997
277271,457750.5
277272,595085.52
277273,1141770.0
277274,662213.84
277275,842805.23
277276,442658.55
277277,397082.0
277278,320626.36
277279,647270.0
277280,1100920.16
277281,359022.0
277282,606110.61
277283,670197.27
277284,8599785.78
277285,6619853.4
277286,1033225.0
277287,1236949.36
277288,451485.0
277289,523248.5
277290,1780330.0
277291,817058.4
277292,533058.75
277293,529591.9666666667
277294,815084.36
277295,1179521.6
277296,965898.01
277297,1047858.59
277298,4021656.12
277299,6430223.57
277300,3411134.726666667
277301,4137293.06
277302,1047584.75
277303,895774.0
277304,1260208.6
277305,511161.8
277306,898045.0
277307,1598478.25
277308,372000.0
277309,1404374.88
277310,738621.99
277311,595521.44
277312,1174964.36
277313,967485.76
277314,329393.75
277315,850010.9
277316,399316.1025259463
277317,654341.55
277318,274636.7
277319,801320.1
277320,809533.1
277321,1798900.0
277322,387645.87
277323,980948.67
277324,544731.43
277325,1326449.5
277326,498844.5
277327,766827.4375
277328,468003.04
277329,1812529.0
277330,664495.8566666667
277331,1387936.5
277332,1892438.73
277333,1053574.95
277334,402610.95
277335,465301.36
277336,1042191.3101428571
277337,693060.0
277338,458462.79
277339,752306.46
277340,695438.59
277341,452158.5
277342,547608.61
277343,656695.0
277344,844103.42
277345,500819.0
277346,750880.0
277347,1389562.5
277348,929923.67
277349,594492.5
277350,1324134.33
277351,1580126.5
277352,876628.0
277353,470244.12
277354,553847.78
277355,993795.16
277356,426457.25666666665
277357,593694.76
277358,462214.2
277359,557416.39
277360,2008531.37
277361,391171.28
277362,527201.64
277363,676725.78
277364,837274.82
277365,1862457.96
277366,578660.0
277367,713441.97
277368,621507.45
277369,456500.8733333333
277370,3457800.0
277371,336215.11
277372,416845.0
277373,313552.0
277374,1001949.2875
277375,2000853.1
277376,1065927.5
277377,1653135.0
277378,1280255.0
277379,479042.15
277380,435036.84
277381,423845.85
277382,1955955.69
277383,943725.9466666668
277384,657269.7
277385,1005941.5
277386,726104.5
277387,391950.0
277388,553235.34
277389,1143036.0
277390,444738.3891346153
277391,701146.49
277392,531579.61
277393,596228.77
277394,517124.5
277395,465105.0
277396,660274.82
277397,431715.37
277398,731385.5
277399,622032.5
277400,247759.0
277401,286088.5
277402,298687.88
277403,543046.5
277404,669245.0
277405,464656.75
277406,378742.75
277407,345010.0
277408,436868.0
277409,408775.0
277410,489367.23666666663
277411,527137.47
277412,901819.0
277413,295305.0
277414,730408.6
277415,525359.99
277416,915653.58
277417,705235.375
277418,634450.31
277419,1281102.56
277420,654217.59
277421,702486.87
277422,638023.24
277423,503730.79
277424,653446.35
277425,526570.3
277426,390786.4166666666
277427,432118.79
277428,478826.49
277429,424968.64
277430,1717280.0
277431,422302.67
277432,217265.0
277433,299555.0
277434,4355548.67
277435,779960.0
277436,539077.3
277437,492883.03
277438,723390.05
277439,398409.88
277440,480110.7
277441,799086.4
277442,1339986.5
277443,701269.195
277444,981031.0
277445,701229.0
277446,347932.6166666667
277447,944152.68
277448,1008887.7
277449,872726.95
277450,538455.6
277451,675894.78
277452,872875.63
277453,481598.7
277454,921840.49
277455,418059.10666666663
277456,561152.0
277457,400403.41
277458,794787.56
277459,341555.0
277460,329325.0
277461,799405.96
277462,516958.75000000006
277463,518220.0
277464,662682.2483333333
277465,379197.88
277466,410802.25
277467,562058.74
277468,611950.3025396825
277469,723707.58
277470,783405.12
277471,713499.7033333333
277472,603328.57
277473,732648.48
277474,1259561.33
277475,1385804.33
277476,572137.4
277477,627140.81
277478,512875.8
277479,338990.5
277480,733912.0980930266
277481,355597.5
277482,362530.04
277483,496071.0
277484,319744.0
277485,328570.0
277486,263373.15
277487,522508.5
277488,387279.5
277489,517061.0
277490,663705.5
277491,545388.55
277492,616131.75
277493,360200.5
277494,402795.0
277495,874423.3
277496,410474.6
277497,497354.73
277498,1017389.0
277499,1532610.23
277500,314795.0
277501,393338.2
277502,592603.74
277503,424758.4
277504,374994.9625
277505,836746.22
277506,416241.5
277507,266972.8
277508,393664.69
277509,444815.0
277510,444744.9
277511,308635.0
277512,399528.4666666666
277513,665025.0
277514,658870.6
277515,250610.0
277516,339797.74166666664
277517,246708.25
277518,356949.0
277519,400751.0
277520,445233.86
277521,534861.19
277522,480419.59
277523,320392.2
277524,836310.27
277525,564041.8
277526,543866.5
277527,625733.0
277528,528776.05
277529,851709.26
277530,905343.63
277531,506844.26
277532,482898.4
277533,390080.75
277534,406434.05
277535,323647.52
277536,2002470.0
277537,735356.73
277538,607601.25
277539,678271.59
277540,272274.66
277541,349005.0
277542,774059.0
277543,612206.78
277544,514080.8
277545,493377.3
277546,377640.0
277547,481884.9
277548,483385.75
277549,504956.37
277550,991402.43
277551,432377.01
277552,21255414.3
277553,728641.89
277554,1198775.21
277555,437687.83
277556,471841.05
277557,333495.0
277558,414864.5
277559,1202878.49
277560,260807.0
277561,447464.75
277562,407354.94
277563,292438.6233333333
277564,423801.41
277565,465048.75
277566,496322.8
277567,319300.75
277568,389024.99
277569,394036.0
277570,549785.3
277571,338519.32
277572,435420.0
277573,501690.0
277574,391740.6
277575,558887.4
277576,273283.98
277577,494790.0
277578,284550.0
277579,528325.0
277580,479088.75
277581,306318.48000000004
277582,318896.19333333336
277583,450312.7
277584,416445.825
277585,362936.5
277586,326425.0
277587,370046.49
277588,348575.52
277589,409999.42
277590,290012.5
277591,353344.95
277592,484030.35
277593,318364.74
277594,651724.43
277595,694705.33
277596,394940.2
277597,327163.0
277598,429167.87
277599,317359.5
277600,603149.6
277601,472807.5
277602,393488.03
277603,375388.5
277604,208791.38
277605,344297.5
277606,385833.6
277607,363937.09
277608,348013.53
277609,209772.5
277610,572838.36
277611,341765.5
277612,489095.0
277613,362379.51
277614,286631.1
277615,649624.36
277616,692540.0
277617,316365.0
277618,327173.95
277619,894924.3
277620,1694406.65
277621,513492.7
277622,501107.4
277623,430765.0
277624,445596.0
277625,937263.0
277626,365961.08
277627,994991.24
277628,599445.0
277629,1418342.25
277630,530321.9
277631,1246366.25
277632,913187.0
277633,550142.5
277634,1166946.96
277635,1070766.51
277636,459657.25
277637,476997.0
277638,645528.6466666666
277639,771769.7
277640,411607.8333333334
277641,645304.3
277642,430725.61
277643,907022.49
277644,678413.79
277645,381900.0
277646,378172.5
277647,2005747.92
277648,402413.92
277649,367119.0
277650,386361.98
277651,547737.0
277652,1529070.51
277653,1076573.01
277654,1602457.98
277655,365716.43
277656,517114.38
277657,1615795.0
277658,1275596.02
277659,1486746.98
277660,915429.39
277661,710588.75
277662,431454.0
277663,430766.39
277664,496330.0
277665,509342.5
277666,252989.64
277667,288146.66
277668,409449.39
277669,277926.96
277670,342240.51
277671,540720.25
277672,353533.35
277673,559137.68
277674,230355.79
277675,406009.46
277676,198666.3333333333
277677,444617.0
277678,430670.0
277679,372607.5
277680,252771.7
277681,280604.5
277682,314504.0
277683,305097.0
277684,402685.48
277685,946083.0
277686,394920.0
277687,786270.0
277688,548957.61
277689,758251.7
277690,426451.66
277691,283951.47
277692,496846.96666666673
277693,502455.0
277694,391950.97
277695,676192.0
277696,364964.22333333327
277697,380581.13
277698,277212.5
277699,402210.38
277700,929531.6
277701,527583.49
277702,420016.0
277703,562373.16
277704,385538.0
277705,535934.96
277706,1150136.12
277707,195043.8
277708,354965.25
277709,362345.0
277710,251146.0
277711,251146.0
277712,462108.0
277713,341672.0
277714,372830.0
277715,230210.69
277716,243184.5
277717,375334.32
277718,418187.65
277719,319573.2
277720,371750.0
277721,363770.0
277722,354713.0
277723,367642.5
277724,304135.3
277725,619278.4166666666
277726,636782.05
277727,693623.0
277728,1386839.73
277729,529944.5
277730,572054.3333333334
277731,611645.31
277732,1170170.0
277733,527522.2
277734,644457.5
277735,686222.1
277736,383259.02
277737,289832.8
277738,668797.5
277739,623484.81
277740,488745.74
277741,322293.27
277742,2148190.96
277743,528449.5
277744,1587413.33
277745,702001.7
277746,402962.3
277747,765858.2
277748,321936.25
277749,1620865.8
277750,535478.53
277751,558657.0
277752,530574.48
277753,826060.3
277754,451352.54
277755,527279.3
277756,727099.73
277757,625783.0
277758,447941.63
277759,510729.0
277760,576790.91
277761,416048.0
277762,878118.18
277763,293335.0
277764,381841.0
277765,559836.1
277766,956611.92
277767,736710.99
277768,404519.38
277769,364222.0
277770,367744.8
277771,1210941.62
277772,404836.21
277773,385020.0
277774,578978.75
277775,1112393.3333333333
277776,386490.0
277777,406496.0
277778,710204.56
277779,352680.95
277780,740053.0
277781,553571.0
277782,523792.0
277783,270580.6
277784,244232.66
277785,242059.25
277786,910590.0
277787,724179.5
277788,427901.0
277789,522712.52333333326
277790,547265.1166666667
277791,709898.72
277792,969992.7
277793,523248.5
277794,317040.55
277795,318787.5566666667
277796,343971.0666666667
277797,421144.4166666666
277798,804870.0
277799,363376.9
277800,439262.25
277801,809341.25
277802,580025.0
277803,330323.4
277804,533043.96
277805,380807.0
277806,342305.0
277807,367194.56
277808,351616.0
277809,493888.75
277810,221681.45
277811,301913.2
277812,444103.44
277813,398900.0
277814,1499663.37
277815,249280.0
277816,543617.45
277817,576009.15
277818,391237.0886666666
277819,674110.5
277820,555427.41
277821,373823.18
277822,358103.75
277823,516434.5933333334
277824,485089.87549999997
277825,827276.8
277826,378738.23
277827,475817.33
277828,363309.95
277829,363309.95
277830,445910.8
277831,520364.3
277832,481656.99
277833,682874.32
277834,841589.75
277835,397409.81
277836,706148.75
277837,485341.95
277838,522060.0
277839,575166.0
277840,324599.3333333334
277841,373759.99
277842,975740.0
277843,428793.22
277844,335309.85
277845,393010.1383333333
277846,439142.34
277847,589190.0
277848,448795.95
277849,461240.0
277850,514017.0
277851,607000.5
277852,270782.0
277853,572896.66
277854,444338.1
277855,210184.95
277856,661349.85
277857,772217.56
277858,4251809.0
277859,823724.25
277860,806623.3333333335
277861,2922537.04
277862,653717.29
277863,1140721.0
277864,739067.33
277865,1334919.3
277866,352001.76
277867,837378.18
277868,837378.18
277869,475564.88
277870,395089.13
277871,1343707.5
277872,1143143.7
277873,510103.96
277874,1316353.88
277875,406951.63
277876,1932628.2266666666
277877,339787.5
277878,870359.06
277879,661612.7
277880,511946.4
277881,1501241.84
277882,1253496.63
277883,438082.13
277884,740560.3333333333
277885,1241428.05
277886,1146694.93
277887,661961.59
277888,2250486.74
277889,842720.0
277890,482713.27
277891,1532913.16
277892,520035.365
277893,434551.22
277894,743720.59
277895,1104143.41
277896,940592.28
277897,513593.83
277898,586810.13
277899,452686.43
277900,706856.08
277901,1307935.45
277902,811626.35
277903,1268892.59
277904,776067.19
277905,683907.95
277906,1998028.05
277907,1294052.3585714283
277908,362705.72
277909,557727.41
277910,758492.38
277911,1225138.8416666666
277912,380282.34
277913,702742.29
277914,650455.36
277915,644115.61
277916,609453.86
277917,1615893.7
277918,1141267.5
277919,541809.4
277920,634248.64
277921,522639.25
277922,373495.0
277923,376524.0
277924,5307410.833333334
277925,1122437.0
277926,1216770.16
277927,450063.0
277928,566324.9
277929,1176107.0
277930,741336.78
277931,581109.7
277932,270706.54
277933,1458221.23
277934,528551.5
277935,384017.5
277936,1121883.26
277937,2303885.06
277938,3388860.0
277939,1419581.71
277940,651896.5
277941,1486275.0
277942,6829095.0
277943,1055553.37
277944,2375485.5
277945,1124565.45
277946,880774.0
277947,973012.62
277948,978836.68
277949,2544215.0
277950,2488530.0
277951,524052.88
277952,1283000.0
277953,691431.38
277954,1612261.56
277955,326114.5
277956,1366483.5
277957,1463970.0
277958,1140680.0
277959,729723.2
277960,824509.5
277961,1285352.12
277962,995818.77
277963,695282.18
277964,1451575.51
277965,1234103.3333333333
277966,905989.33
277967,1865731.16
277968,1260274.23
277969,589840.55
277970,563986.37
277971,823439.0
277972,610175.0
277973,999448.68
277974,639972.0
277975,807825.35
277976,345461.75
277977,447147.5
277978,871191.04
277979,1192368.5
277980,607411.15
277981,1105502.06
277982,523259.95
277983,390940.0
277984,561095.0
277985,559859.82
277986,482095.75
277987,362821.75
277988,609774.4
277989,688575.86
277990,482000.59
277991,451494.5
277992,1491088.49
277993,382800.99
277994,2197154.86
277995,453061.76
277996,665106.35
277997,429191.5
277998,534105.0
277999,679679.0
278000,519052.0
278001,618997.0
278002,830300.07
278003,671389.44
278004,971175.3
278005,1400953.87
278006,335238.37
278007,636222.35
278008,712948.06
278009,838699.99
278010,429407.5
278011,579761.0
278012,812840.99
278013,892154.52
278014,804910.0
278015,1519467.58
278016,2137211.5
278017,883849.48
278018,564611.52
278019,731559.64
278020,498944.86
278021,411814.17
278022,452472.17
278023,453546.17
278024,358303.01
278025,390192.41666666674
278026,471813.97
278027,359481.8
278028,387063.75
278029,498018.96
278030,536718.38
278031,388082.48
278032,356032.31
278033,904012.5
278034,831879.4233333333
278035,689823.91
278036,517729.58
278037,1176284.59
278038,813001.5
278039,970077.88
278040,577730.62
278041,732130.5
278042,489472.02
278043,663284.5
278044,863744.75
278045,2146178.0
278046,805649.2
278047,567962.5
278048,673107.1
278049,526983.46
278050,1255714.67
278051,523900.0200000001
278052,476406.43
278053,1084680.0
278054,413317.22
278055,807725.75
278056,1067147.49
278057,2700420.0
278058,420160.6
278059,689307.9
278060,429100.73
278061,417703.25
278062,421215.0
278063,341330.01
278064,410081.48
278065,803875.0
278066,744920.74
278067,1517504.81
278068,854354.5
278069,942095.5
278070,519624.71
278071,960989.64
278072,4734870.0
278073,400609.5
278074,1060930.31
278075,890585.5
278076,931814.92
278077,520578.0
278078,884924.77
278079,511849.14
278080,522415.63
278081,587648.5
278082,436194.0
278083,503747.84
278084,1548014.95
278085,1572225.12
278086,373579.63
278087,1223195.25
278088,946071.23
278089,498876.83
278090,1235289.75
278091,2530388.16
278092,828010.75
278093,388450.5
278094,6538666.26
278095,726449.5
278096,398685.0
278097,342149.91
278098,571615.5
278099,657952.74
278100,498737.5
278101,513078.95
278102,1146586.85
278103,504894.45
278104,468859.28
278105,1235594.54
278106,455073.22
278107,629832.15
278108,431765.99
278109,1508357.53
278110,749785.0
278111,1444897.84
278112,503701.77
278113,1154981.33
278114,846625.0
278115,1167119.87
278116,1119366.62
278117,580624.39
278118,847383.44
278119,423654.0
278120,807433.35
278121,399445.0
278122,516440.0
278123,1279744.6
278124,1712375.0
278125,527513.53
278126,651837.27
278127,774812.5
278128,2188935.2
278129,1047169.5
278130,732855.01
278131,604866.16
278132,500728.18
278133,315523.35
278134,585970.7
278135,381623.5
278136,914255.83
278137,703580.0
278138,555208.0
278139,371882.5
278140,1940045.4
278141,375103.5
278142,653527.61
278143,522405.13
278144,1455486.15
278145,929493.47
278146,1755904.95
278147,2192482.48
278148,808801.02
278149,1753939.01
278150,372496.4
278151,530348.5
278152,945092.51
278153,27805249.29
278154,11012040.69
278155,2204177.5
278156,1209909.03
278157,727125.0
278158,960431.09
278159,6448470.0
278160,7936900.06
278161,4726056.43
278162,3637945.01
278163,1134394.57
278164,2481716.14
278165,1039567.51
278166,291306.98
278167,564034.21
278168,399981.25
278169,314804.98
278170,676855.98
278171,326326.16
278172,341305.4
278173,528126.49
278174,351660.1
278175,489564.17
278176,738927.3
278177,270765.0
278178,348778.04
278179,526397.99
278180,471217.57
278181,734805.47
278182,518470.26
278183,398892.5
278184,800083.96
278185,322589.0
278186,398705.17
278187,878458.96
278188,622420.0
278189,908850.0
278190,732419.5
278191,716236.77
278192,1789287.55
278193,410562.7
278194,813653.5
278195,807294.5
278196,1812770.0
278197,987903.56
278198,410903.5
278199,283581.3
278200,305210.0
278201,575073.35
278202,649730.0
278203,324480.0
278204,1218585.0
278205,1226722.88
278206,730133.29
278207,5975800.0
278208,2378430.0
278209,3014804.18
278210,3798050.47
278211,12057067.45
278212,1510635.92
278213,932270.0
278214,647531.92
278215,3638530.74
278216,511825.0
278217,906120.0
278218,588488.06
278219,1455442.5
278220,837789.5
278221,398018.06
278222,548430.35
278223,484396.88
278224,642730.75
278225,488331.15
278226,457251.2
278227,383834.45
278228,854295.01
278229,739272.5
278230,493496.75
278231,984719.1366666666
278232,744762.24
278233,553927.85
278234,2923025.0
278235,2032016.75
278236,1259413.72
278237,2040605.66
278238,1685338.3
278239,1562153.3633333335
278240,2356000.95
278241,734529.25
278242,763202.5
278243,1285173.74
278244,1210821.31
278245,1316118.0
278246,2719402.0
278247,428713.83
278248,705895.29
278249,1821671.75
278250,589843.96
278251,1329428.61
278252,2180655.06
278253,2668330.88
278254,398333.4
278255,469463.1
278256,748121.16
278257,967723.61
278258,2802836.5
278259,1698760.77
278260,1441001.63
278261,830972.67
278262,1244043.78
278263,607047.25
278264,850068.13
278265,804965.36
278266,836121.1471428572
278267,788197.23
278268,764814.9
278269,872977.34
278270,417363.47
278271,745210.78
278272,1123450.0833333333
278273,1123450.0833333333
278274,3933423.0
278275,1019807.25
278276,1745506.78
278277,9758620.15
278278,1986332.57
278279,1588100.0
278280,1524570.09
278281,6935780.44
278282,750208.0
278283,13661919.15
278284,756729.96
278285,1131814.85
278286,424140.62
278287,337598.01
278288,787762.39
278289,401413.95
278290,576288.71
278291,956865.3333333333
278292,423119.85
278293,448849.5166666667
278294,1683696.86
278295,830504.57
278296,1338324.28
278297,520068.45
278298,443512.4566666667
278299,444084.66
278300,1049000.0
278301,514024.16
278302,304548.625
278303,501137.5
278304,735049.5
278305,766078.55
278306,3898035.0
278307,366348.0
278308,504583.79
278309,504583.79
278310,772336.02
278311,1208275.3666666665
278312,988835.0
278313,977698.95
278314,6090313.76
278315,997057.93
278316,3526472.0
278317,609801.76
278318,582547.5
278319,515247.17
278320,1272582.41
278321,276115.0
278322,541427.99
278323,941460.0
278324,571912.3066666666
278325,597359.76
278326,606455.87
278327,771590.0
278328,1578934.6
278329,635521.23
278330,591212.1066666667
278331,390362.5
278332,407706.22
278333,790736.7
278334,1351611.56
278335,802469.5
278336,337355.0
278337,978236.0
278338,619644.425
278339,994994.28
278340,790154.0
278341,592108.784
278342,443392.5
278343,535873.666984127
278344,440737.64
278345,381589.02625
278346,325866.29
278347,319946.0
278348,407225.0
278349,1790258.5
278350,2316204.5
278351,1938869.1
278352,948173.8
278353,977112.73
278354,621289.96
278355,3458512.466666667
278356,2168790.0
278357,1022129.91
278358,398577.5
278359,1839578.9
278360,1547398.0
278361,1839578.9
278362,1817319.0
278363,16400090.866666667
278364,2032742.67
278365,1212869.7733333334
278366,828456.0
278367,2014575.74
278368,1216174.92
278369,608004.9
278370,1169801.19
278371,944073.12
278372,958794.04
278373,301477.69
278374,445439.5
278375,450920.1333333333
278376,599173.97
278377,4685500.0
278378,396362.6666666666
278379,905315.54
278380,1054370.18
278381,1053956.79
278382,1551253.08
278383,545460.8
278384,1233982.03
278385,756240.98
278386,2537417.76
278387,490685.0
278388,1246255.0
278389,4642235.3
278390,306011.4166666667
278391,377154.92
278392,415366.09
278393,838660.0
278394,639365.21
278395,1128599.98
278396,811723.5
278397,1166847.01
278398,194399.0
278399,370109.48
278400,330037.83666666667
278401,549521.7
278402,642230.9
278403,309767.86047619046
278404,304050.6666666667
278405,576307.0
278406,410025.23
278407,410387.25
278408,1072567.5333333334
278409,1072567.5333333334
278410,1072567.5333333334
278411,1072567.5333333334
278412,1655252.4357142856
278413,685628.41
278414,3673726.5
278415,384441.97
278416,404452.79
278417,636989.0
278418,1276970.0
278419,1360826.5
278420,1113953.61
278421,1500029.93
278422,785462.7
278423,2206568.88
278424,1403161.9
278425,1837847.13
278426,2709809.06
278427,564158.16
278428,427242.71
278429,1675995.5
278430,1313910.0
278431,526009.4
278432,396309.59
278433,617814.95
278434,363217.67
278435,482644.89
278436,416044.0
278437,705620.7
278438,333120.15
278439,483114.3383333334
278440,715068.0
278441,930881.8
278442,639931.6483333333
278443,906879.15
278444,1009675.0
278445,822044.99
278446,1056589.14
278447,621660.5
278448,669162.04
278449,1559074.98
278450,888395.0
278451,3646895.0
278452,3294940.0
278453,251779.84
278454,643378.31
278455,628029.22
278456,368751.65
278457,335347.54
278458,496625.12
278459,427839.0
278460,341863.44
278461,410487.65666666673
278462,1845817.76
278463,1261098.48
278464,1296586.5
278465,444727.11
278466,347133.95
278467,877624.0
278468,989137.5
278469,573215.8
278470,585803.54
278471,383557.5
278472,575683.1
278473,750148.31
278474,427228.66666666674
278475,644505.05
278476,384945.57
278477,255216.0
278478,444775.5
278479,535416.3522222223
278480,526670.5
278481,526670.5
278482,695432.9333333335
278483,1053287.0
278484,785239.0
278485,397493.0
278486,404345.4
278487,730512.0
278488,2747000.04
278489,744958.5
278490,1452074.99
278491,4916608.83
278492,744531.37
278493,2486445.0
278494,2658301.51
278495,939319.5
278496,651400.0
278497,897974.0
278498,868382.5
278499,463213.16
278500,1309126.28
278501,21944446.8
278502,1691629.5
278503,6232287.51
278504,2861191.8
278505,802040.7
278506,553779.7324195803
278507,605578.44
278508,688428.56
278509,527036.99
278510,939730.0
278511,3584243.0
278512,625991.78
278513,905344.7
278514,909682.31
278515,404273.76
278516,606041.0
278517,691081.0
278518,828412.5
278519,733149.5
278520,1395388.45
278521,906709.7333333334
278522,544429.54
278523,1138232.13
278524,396782.5
278525,297520.0
278526,551575.51
278527,811671.4
278528,505195.0
278529,1858629.63
278530,912245.0
278531,1163369.95
278532,1470857.9
278533,410033.25
278534,988495.09
278535,336371.0
278536,424646.42
278537,729408.0
278538,412662.85
278539,1107151.6666666665
278540,616110.0
278541,559629.37
278542,413558.97
278543,539246.68
278544,734759.0
278545,718083.3333333333
278546,705759.85
278547,940979.81
278548,375138.5
278549,510022.22
278550,445470.94
278551,594227.7366666667
278552,936520.33
278553,684984.5
278554,573358.7
278555,723035.0
278556,335275.79
278557,818472.4866666666
278558,760298.91
278559,300982.5
278560,449708.62
278561,592756.77
278562,388734.0
278563,578181.3333333334
278564,794706.69
278565,585204.5
278566,585204.5
278567,371472.83
278568,974550.5
278569,999549.04
278570,1122220.62
278571,1377757.0
278572,996056.56
278573,728196.99
278574,468616.83333333326
278575,588821.0
278576,609593.88
278577,518307.36666666664
278578,894324.5933333334
278579,426320.3333333334
278580,255261.41
278581,549474.51
278582,350355.43
278583,667447.6866666668
278584,667447.6866666668
278585,667447.6866666668
278586,667447.6866666668
278587,667447.6866666668
278588,643977.06
278589,927939.5
278590,460435.0
278591,307241.92
278592,2013229.89
278593,324600.62
278594,464817.0
278595,295032.48
278596,466228.86
278597,433641.0
278598,369171.66
278599,310125.0
278600,392795.4966666667
278601,477635.7
278602,408155.0
278603,451441.4
278604,436737.0
278605,422985.0
278606,351449.5533333333
278607,524099.27
278608,729265.0
278609,615104.7666666666
278610,479516.31
278611,458897.4
278612,355626.95
278613,338798.5
278614,1086179.53
278615,853850.36
278616,419765.3
278617,391326.51
278618,1411744.0
278619,543495.9033333333
278620,953202.27
278621,498031.6666666666
278622,438869.35
278623,358694.5
278624,328337.5
278625,376817.07
278626,599683.21
278627,439349.81333333335
278628,433566.25
278629,428085.0
278630,433556.75
278631,316832.05
278632,516057.47
278633,652069.11
278634,407200.63333333336
278635,672102.85
278636,354532.0
278637,420795.0
278638,310827.0
278639,367213.1
278640,502090.93999999994
278641,380750.6
278642,465750.49
278643,574311.41
278644,546773.4
278645,884294.98
278646,770327.5539761904
278647,521686.3
278648,636595.0
278649,665333.01
278650,295202.5
278651,409468.95666666667
278652,603809.3523809524
278653,627987.9066666666
278654,356809.0
278655,588560.5499999999
278656,417801.31666666665
278657,491071.4
278658,245398.5
278659,441604.55
278660,342487.12
278661,446769.0
278662,491586.66
278663,354504.1133333333
278664,461602.32
278665,506794.7
278666,310365.8
278667,505743.9666666666
278668,339791.95
278669,413261.3
278670,374966.2
278671,289218.0
278672,328364.0
278673,301600.42
278674,294106.0714285714
278675,1138430.28
278676,409611.1
278677,418048.75
278678,254152.3
278679,340212.95
278680,414518.24
278681,401603.22
278682,428265.0
278683,514759.4
278684,545150.1666666666
278685,311243.75
278686,583088.14
278687,688735.0
278688,512560.22
278689,534177.49
278690,534710.8666666667
278691,327526.66
278692,580289.3666666667
278693,531890.8666666667
278694,619410.0
278695,447384.52
278696,323017.5
278697,371612.75
278698,412461.2
278699,474765.5
278700,644134.6066666666
278701,290463.75
278702,577531.74
278703,611599.2533333334
278704,560194.9999999999
278705,867569.15
278706,576353.04
278707,423939.53
278708,614334.7566666666
278709,435452.0
278710,619106.01
278711,534661.1
278712,352872.58
278713,862447.75
278714,287605.18
278715,252557.5
278716,361698.43
278717,240711.66
278718,553888.5
278719,307803.5
278720,549190.9
278721,361997.9
278722,367431.18
278723,286380.06
278724,408205.78
278725,643183.89
278726,486870.4
278727,660477.2
278728,282962.5
278729,764154.6566666667
278730,577523.56
278731,881770.65
278732,968165.01
278733,1064799.53
278734,740219.0666666668
278735,828969.95
278736,259200.0
278737,518604.85
278738,371215.0
278739,280262.4
278740,314647.08
278741,279014.95
278742,543215.84
278743,882183.79
278744,672090.33
278745,462739.73
278746,549702.2
278747,588208.5
278748,637867.5971428572
278749,856839.0
278750,635625.9753333334
278751,554683.3333333334
278752,506726.75
278753,579487.06
278754,423822.9
278755,399887.5
278756,537926.54
278757,389217.3
278758,344361.25
278759,508270.0
278760,360360.52
278761,540376.0
278762,682672.0
278763,686180.28
278764,431202.72666666674
278765,342608.2
278766,295375.0
278767,335997.0
278768,339003.55
278769,500328.0
278770,410215.0
278771,384135.5
278772,464451.2
278773,767312.9633333334
278774,867529.31
278775,511577.87
278776,418051.44
278777,413862.92666666664
278778,415812.73666666663
278779,522585.35
278780,842365.9066666667
278781,829552.44
278782,528337.38
278783,531231.11
278784,530427.0133333333
278785,530427.0133333333
278786,381174.85
278787,450790.0
278788,221152.0
278789,477435.0
278790,484896.11
278791,700255.0
278792,852191.0
278793,323050.57
278794,681533.5
278795,557321.25
278796,455953.5666666667
278797,207213.3333333333
278798,377146.66666666674
278799,495968.33333333326
278800,359555.2
278801,1064973.0
278802,281584.5
278803,363754.12
278804,662570.54
278805,1152188.2
278806,927155.3
278807,910656.0
278808,1238632.75
278809,657753.48
278810,312060.87333333335
278811,332645.0
278812,303045.4733333334
278813,395725.0
278814,246298.7242857143
278815,317064.3771428571
278816,440734.16666666674
278817,386094.97
278818,356927.05
278819,446570.0
278820,235929.5
278821,472218.625
278822,400184.49
278823,435875.0
278824,420165.56666666665
278825,413862.02
278826,429757.45
278827,421098.86
278828,380939.95
278829,377847.05
278830,342843.65
278831,461206.0
278832,360702.5
278833,524662.0
278834,519757.39
278835,570861.0
278836,327238.23
278837,624273.0
278838,461935.0
278839,436153.0
278840,416597.1666666666
278841,888985.24
278842,1015279.45
278843,435940.45
278844,423978.27
278845,621582.95
278846,2463217.5
278847,1354052.5
278848,1890671.6
278849,421340.9761904762
278850,355878.65
278851,451092.5833333334
278852,710184.1666666667
278853,603372.1
278854,1049817.09
278855,543417.74
278856,461945.2866666666
278857,630433.7
278858,467371.65
278859,589431.5066666667
278860,503637.5
278861,278778.5
278862,301635.0
278863,516920.72
278864,447885.2
278865,325559.95
278866,908760.92
278867,1192487.04
278868,593041.0
278869,991655.0
278870,805938.0833333333
278871,719157.64
278872,479834.96
278873,976633.57
278874,1355596.5
278875,557954.5
278876,921783.4
278877,562813.265
278878,1505427.01
278879,1121249.02
278880,835110.0
278881,723628.17
278882,676850.0
278883,1043504.96
278884,784076.0966666667
278885,569495.0
278886,425115.0
278887,1467380.0
278888,1805558.19
278889,367032.85
278890,461122.66
278891,498188.7866666666
278892,359682.81200000003
278893,518104.0
278894,518246.29
278895,797626.6
278896,631428.1029473684
278897,566902.468
278898,967272.56
278899,499105.87
278900,477972.89
278901,440874.0
278902,1258608.848
278903,664126.53
278904,581078.45
278905,483669.45
278906,1035626.48
278907,1446345.0
278908,498045.0
278909,495142.0
278910,1958321.87
278911,610695.54625
278912,1047188.37
278913,2780692.5
278914,1513835.08
278915,1472893.06
278916,568760.68
278917,2055169.11
278918,365695.57
278919,2418347.0
278920,303630.35
278921,338645.29
278922,1221709.4
278923,1456789.4
278924,2578301.0
278925,366237.34
278926,821474.9923809523
278927,418329.5
278928,771896.0
278929,1384651.0
278930,856262.8
278931,720912.5
278932,437772.5
278933,446310.0
278934,270110.0
278935,567813.78
278936,381251.12
278937,642578.57
278938,650052.5
278939,826425.0
278940,921015.0
278941,1173862.0
278942,1335520.0
278943,886650.98
278944,276306.5
278945,256066.53
278946,1395555.0
278947,466672.09
278948,711420.0
278949,380157.25
278950,395925.9
278951,266381.53
278952,453870.41
278953,585789.36
278954,476267.5
278955,703955.0
278956,798930.0
278957,737279.25
278958,476907.0
278959,560918.8
278960,372012.04
278961,351836.6933333333
278962,319105.85
278963,755073.88
278964,279932.85
278965,715232.82
278966,846053.35
278967,681787.28
278968,450245.38333333336
278969,514363.8
278970,501982.5
278971,1783317.3
278972,408630.23333333334
278973,325354.24
278974,615660.1233333334
278975,450164.5
278976,829065.0
278977,655443.5733333334
278978,617986.96
278979,663824.5
278980,698162.7583333334
278981,808110.1833333335
278982,944531.15
278983,624930.0
278984,473764.5
278985,334322.52
278986,1358961.56
278987,613830.941
278988,1446556.1
278989,1131783.84
278990,724079.7333333333
278991,590072.68
278992,458322.46
278993,923426.5
278994,805932.5733333335
278995,465454.5
278996,508162.91
278997,612227.11
278998,433806.13
278999,571601.8733333333
279000,604378.0
279001,435146.0
279002,559662.6666666666
279003,376075.0
279004,305270.51
279005,335088.0714285714
279006,547346.8566666667
279007,567665.0
279008,458044.89
279009,581975.0
279010,584530.0
279011,608658.29
279012,366118.35
279013,447926.4
279014,202122.65
279015,581309.9
279016,1177198.42
279017,1191438.0
279018,434126.5
279019,1313162.0
279020,349555.75
279021,1456135.5
279022,444557.9
279023,442889.5
279024,1411012.75
279025,1110330.0
279026,387148.49
279027,1558450.0
279028,445031.95
279029,418474.5
279030,889270.0
279031,462277.0
279032,403508.5
279033,801865.0
279034,367768.33333333326
279035,574920.52
279036,2683295.0
279037,498917.16
279038,661620.0
279039,510425.76785714284
279040,381913.5
279041,582717.375
279042,378756.82
279043,300189.9
279044,684417.9
279045,630605.575
279046,843079.95
279047,911885.0
279048,1233970.0
279049,1060789.0
279050,385992.76
279051,332236.82
279052,560239.84
279053,718502.27
279054,303722.25
279055,675628.62
279056,433455.44
279057,587898.95
279058,518890.45
279059,642492.5
279060,534890.33
279061,626070.58
279062,2053745.0
279063,754648.14
279064,1047905.0
279065,1041776.0
279066,984679.25
279067,2788495.03
279068,1457125.0
279069,650190.15
279070,608615.1
279071,794132.8
279072,526600.0
279073,768147.66
279074,1566501.95
279075,456209.45
279076,354663.3
279077,491644.1
279078,577485.76
279079,406022.35
279080,719850.27
279081,707754.27
279082,670113.52
279083,365311.47699999996
279084,420376.50476190477
279085,661864.85
279086,657538.78
279087,542252.48
279088,523425.07
279089,548975.0
279090,462780.77
279091,414480.66
279092,440210.05
279093,742339.0
279094,1167407.5
279095,548153.89
279096,945656.83
279097,1702204.67
279098,874090.0
279099,1277313.81
279100,997870.21
279101,1113527.2
279102,1058060.93
279103,1777826.0
279104,638855.0
279105,732567.47
279106,1011580.05
279107,743621.5
279108,1512084.45
279109,3283262.82
279110,640015.06
279111,359835.93
279112,408469.8433333334
279113,355369.0
279114,338006.16
279115,544359.31
279116,370530.24
279117,334159.85
279118,332896.41
279119,355441.75
279120,355441.75
279121,535508.77
279122,708172.66
279123,445369.79
279124,445419.13
279125,500403.9866666667
279126,373375.0
279127,591639.2
279128,600568.5
279129,391517.0
279130,331899.54
279131,619694.02
279132,615292.0
279133,629244.0
279134,673266.5
279135,901707.5
279136,1813194.78
279137,565824.5
279138,426583.16
279139,518632.5
279140,1178919.0
279141,656005.0
279142,541864.83
279143,790464.5
279144,499643.43
279145,990622.0833333335
279146,1245377.0
279147,787709.8
279148,796185.0
279149,1175886.2
279150,1021220.0
279151,875095.5
279152,343485.0
279153,377340.0
279154,483074.74799999996
279155,484210.0
279156,442779.95
279157,366860.0
279158,388580.0
279159,410623.25
279160,329223.0
279161,422994.0
279162,353385.0
279163,354260.0
279164,408948.0633333333
279165,401737.61
279166,662830.5
279167,377359.5
279168,1207480.0
279169,614065.18
279170,782899.52
279171,1727233.0
279172,625531.65
279173,507794.71
279174,389701.78
279175,538726.6666666666
279176,674688.83
279177,929310.0
279178,570185.525
279179,669389.92
279180,385702.5
279181,406493.05
279182,365930.71
279183,595638.7966666666
279184,1595214.2
279185,2190279.08
279186,824815.0
279187,573794.72
279188,373022.0
279189,373022.0
279190,576930.0
279191,651700.56
279192,1075375.0
279193,1557457.19
279194,598213.5
279195,2479350.0
279196,832839.43
279197,327493.03866666666
279198,327493.03866666666
279199,648993.92
279200,1020156.86
279201,487060.0
279202,1017973.6
279203,3353785.0
279204,2186869.32
279205,1165859.5
279206,549250.0
279207,1552985.0
279208,1257020.0
279209,1252280.0
279210,2132232.21
279211,1506619.5
279212,1075429.91
279213,783614.38
279214,1547470.0
279215,9889349.94
279216,1460732.55
279217,1429445.95
279218,705495.5
279219,1380434.44
279220,581265.0
279221,463286.785
279222,351779.8
279223,283169.2033333333
279224,790382.8866666667
279225,447844.4
279226,2661606.4
279227,561514.28
279228,484669.04
279229,1289111.88
279230,960085.0
279231,1057871.8
279232,1793300.0
279233,897493.87
279234,2552263.89
279235,2048352.25
279236,505239.54
279237,1060301.99
279238,2464259.09
279239,505456.9
279240,1772635.64
279241,926306.58
279242,1535744.5
279243,618382.0
279244,644154.9875
279245,309025.4166666667
279246,620187.55
279247,518025.0
279248,608760.81
279249,714056.29
279250,395620.5
279251,342225.8183333333
279252,1015850.0
279253,974639.3633333334
279254,523015.1666666666
279255,609899.4433333334
279256,549039.5
279257,1019750.0
279258,894125.0
279259,615226.23
279260,1852005.0
279261,703810.0
279262,1032674.01
279263,367947.0
279264,570472.86
279265,800606.23
279266,629845.31
279267,1509670.18
279268,2238351.81
279269,12668449.5
279270,2584940.02
279271,1544370.2
279272,444198.9
279273,540080.5
279274,619261.54
279275,653501.1
279276,546147.15
279277,3382933.06
279278,646996.94
279279,3015223.06
279280,659871.27
279281,1484905.22
279282,723274.48
279283,927927.58
279284,385941.7161904762
279285,2632907.5
279286,1235110.36
279287,363650.41666666674
279288,437270.7833333334
279289,6484185.89
279290,1390762.11
279291,521151.82
279292,938903.0
279293,635717.39
279294,405095.7666666667
279295,235284.8
279296,1708295.0
279297,422110.33
279298,870965.0
279299,6872995.0
279300,827287.5
279301,536412.5
279302,656834.5
279303,751579.1
279304,726993.14
279305,457588.68333333335
279306,10038890.0
279307,622828.7487272727
279308,2930667.74
279309,758721.09
279310,676652.5733333335
279311,492181.37291666673
279312,509452.4
279313,456154.11
279314,423307.9
279315,490428.0125
279316,601124.13
279317,321116.5
279318,483707.1
279319,311277.03
279320,311277.03
279321,531256.59
279322,458411.58
279323,531669.32
279324,522473.8
279325,503056.61
279326,602098.96
279327,423630.22
279328,1166026.2
279329,561570.0
279330,568979.9
279331,657951.22
279332,403914.2
279333,936953.4
279334,2244414.58
279335,891070.0533333332
279336,626711.7212698412
279337,754453.9633333334
279338,490726.32
279339,743058.92
279340,1120923.4266666668
279341,470670.25
279342,464135.89
279343,420971.95
279344,1473150.0
279345,401209.5
279346,1020645.0
279347,483825.52
279348,337883.0
279349,538258.1033333334
279350,452262.5
279351,837597.8566666667
279352,659583.5
279353,401943.5
279354,458113.75666666665
279355,518926.75
279356,417510.33333333326
279357,531825.8333333333
279358,2497006.49
279359,1021171.15
279360,319375.0
279361,554007.0
279362,238045.0
279363,545312.5
279364,322794.05
279365,304677.05
279366,458935.00333333336
279367,409299.3
279368,338060.0
279369,608495.38
279370,594032.4066666666
279371,407634.35
279372,382365.05
279373,718362.2833333334
279374,553670.99
279375,553039.9999999999
279376,381611.99
279377,558345.39
279378,398713.76
279379,315945.10333333333
279380,447387.8
279381,423651.87
279382,324540.0
279383,1499416.33
279384,381709.5
279385,768956.0
279386,344451.59
279387,491082.6666666666
279388,451128.5
279389,844747.5
279390,364147.98
279391,483290.01
279392,482820.0
279393,705398.29
279394,463109.34
279395,283214.33
279396,455158.87
279397,333901.16
279398,384544.0
279399,360750.44
279400,260830.1
279401,440166.9
279402,687273.5
279403,369653.33333333326
279404,736217.0
279405,861351.0
279406,657965.53
279407,446245.32
279408,449673.36
279409,365802.56
279410,424910.0
279411,399518.5
279412,313090.0
279413,462460.0
279414,701333.8
279415,714147.5
279416,925641.73
279417,791464.09
279418,516123.0
279419,218165.0
279420,218165.0
279421,442371.68
279422,274079.196547619
279423,377680.0
279424,381735.85
279425,379260.0
279426,426759.85
279427,357759.2
279428,589745.56
279429,455235.64
279430,704076.3
279431,711556.15
279432,323343.0
279433,671790.5
279434,489106.95
279435,1217291.26
279436,540571.25
279437,812271.73
279438,890870.31
279439,515976.0
279440,955985.59
279441,476878.16
279442,300436.0
279443,311900.0
279444,394183.67
279445,306225.5
279446,606423.5
279447,319305.5
279448,413292.5
279449,854458.0
279450,540229.18
279451,660517.75
279452,498145.0
279453,478701.1
279454,1127608.5
279455,893225.6566666666
279456,530030.9855555556
279457,403647.77
279458,444106.75000000006
279459,450353.47
279460,1008751.99
279461,535645.1
279462,1180342.0
279463,819632.75
279464,841943.43
279465,459926.5
279466,332220.09
279467,868882.77
279468,402595.0
279469,1218760.5
279470,370460.9
279471,475835.15
279472,411130.06
279473,581580.49
279474,416740.99
279475,421139.0
279476,268357.5
279477,440095.4
279478,359492.43
279479,537894.3
279480,320854.32
279481,532804.2
279482,300369.32
279483,226720.57142857145
279484,572599.0
279485,575368.95
279486,275267.11
279487,383705.2
279488,392586.0
279489,512350.71
279490,439127.94999999995
279491,529090.0
279492,293207.5
279493,668637.55
279494,314484.0
279495,312665.0
279496,352797.95
279497,310925.0
279498,390666.1
279499,352010.0
279500,304017.6
279501,339656.3
279502,951913.54
279503,402875.52
279504,326187.1214285714
279505,562276.0
279506,703966.82
279507,427982.55
279508,737760.0
279509,308055.95
279510,475640.99
279511,336060.0
279512,555780.04
279513,277135.1
279514,829080.0
279515,587431.55
279516,237250.0
279517,323966.32
279518,319027.32
279519,301383.3
279520,431298.35
279521,509713.1
279522,307120.32
279523,429921.46
279524,294604.4
279525,235499.2
279526,479851.6
279527,391624.75
279528,367278.6
279529,342110.5
279530,342110.5
279531,468593.36
279532,342763.0
279533,433890.0
279534,270039.75
279535,291315.2
279536,303800.3
279537,310033.6
279538,342655.06
279539,879662.0
279540,656311.7
279541,671241.2
279542,488709.27
279543,701801.0
279544,1032257.95
279545,1141356.3
279546,616393.23
279547,511345.5
279548,683229.4
279549,2474561.73
279550,510656.28
279551,420419.95
279552,336239.0
279553,560306.0
279554,687453.3366666667
279555,1218352.5
279556,1027470.7
279557,730032.64
279558,1393968.25
279559,1307144.08
279560,1342912.34
279561,795204.3
279562,633344.34
279563,360736.0
279564,690735.3
279565,419278.34
279566,692021.33
279567,577698.5
279568,530502.03
279569,759052.36
279570,840091.52
279571,1055064.56
279572,742238.08
279573,494448.83
279574,512755.0
279575,698287.76
279576,316784.92
279577,390252.3
279578,416966.8266666667
279579,838459.35
279580,712091.29
279581,599963.5
279582,582312.05
279583,411593.95
279584,476229.75
279585,1062615.04
279586,404050.0
279587,496254.5
279588,520173.4
279589,417889.95
279590,295445.02
279591,466455.05
279592,415886.0
279593,560918.8
279594,228828.3
279595,276977.95
279596,297624.0
279597,406317.92
279598,333845.0
279599,391617.58
279600,983150.0
279601,438085.45
279602,622997.86
279603,541321.22
279604,617560.93
279605,393338.42
279606,407646.66
279607,326215.0
279608,947195.0
279609,674720.24
279610,490647.35
279611,614943.36
279612,406980.0
279613,388735.0
279614,539041.92
279615,942755.0
279616,497008.25
279617,322452.7
279618,937720.3
279619,696895.32
279620,375328.5
279621,913465.0
279622,1085219.04
279623,240279.5
279624,273038.4166666667
279625,322594.56
279626,289385.0
279627,273890.0
279628,508897.17
279629,1091550.79
279630,1343846.44
279631,362148.5
279632,405028.5
279633,987044.84
279634,376662.25
279635,602334.5
279636,783834.19
279637,380681.65
279638,294280.92
279639,333025.95
279640,533790.1483333333
279641,570442.38
279642,559422.15
279643,261797.6
279644,503920.25
279645,702547.53
279646,405794.86
279647,896240.1
279648,431932.5
279649,404221.9
279650,443816.5
279651,554149.85
279652,353599.99
279653,433083.5
279654,615088.35
279655,380024.85
279656,373828.2
279657,565784.69
279658,281619.5
279659,495285.39
279660,468846.8
279661,470321.3
279662,441918.44
279663,456333.49
279664,458519.46
279665,362661.23
279666,449154.8
279667,509323.0333333334
279668,418229.0
279669,279626.92
279670,255173.06666666665
279671,417432.0
279672,459082.5
279673,267222.5
279674,583229.7
279675,448121.15
279676,628525.3333333334
279677,464004.0
279678,515600.0176190478
279679,768547.5
279680,237254.0
279681,567581.0
279682,401096.0
279683,685407.55
279684,381499.38
279685,478755.36
279686,368218.97333333327
279687,633024.74
279688,282312.6
279689,529850.09
279690,298795.74
279691,286770.1766666667
279692,413017.5
279693,344097.76333333337
279694,592790.8041666667
279695,629301.99
279696,625972.1
279697,417491.75
279698,682464.75
279699,340914.99
279700,378569.4
279701,691809.9753333334
279702,332767.5
279703,1678585.62
279704,508214.68
279705,533850.1166666667
279706,485250.0
279707,395480.0
279708,376354.95
279709,435033.54
279710,416905.0
279711,551519.95
279712,462255.0
279713,299063.45
279714,619715.0
279715,540947.5
279716,501455.0
279717,474796.0
279718,583471.0
279719,258770.0
279720,581149.0
279721,490815.0
279722,585103.0066666666
279723,858090.0
279724,525460.0
279725,369411.0
279726,469605.0
279727,675132.16
279728,233727.0
279729,366557.0
279730,185365.0
279731,380205.66
279732,304888.36
279733,1187038.6
279734,1282576.1666666667
279735,910012.19
279736,597677.5
279737,537075.0
279738,766475.5
279739,1150753.36
279740,766360.03
279741,1891496.6666666665
279742,4387422.0
279743,2437985.05
279744,1916010.52
279745,1103396.0
279746,728245.34
279747,578563.58
279748,1249342.83
279749,1163041.95
279750,465525.0
279751,1319747.45
279752,458998.98
279753,950702.99
279754,514775.34
279755,703057.17
279756,1170322.6
279757,624796.4866666667
279758,1335283.06
279759,1657198.28
279760,689023.7
279761,1245408.5619047617
279762,438709.0
279763,1653033.0
279764,2196635.0
279765,780621.22
279766,646426.24
279767,1178680.0
279768,407341.0
279769,406250.11
279770,1129014.5666666667
279771,546381.0
279772,1040358.52
279773,487666.59
279774,982603.15
279775,491421.62
279776,576548.7
279777,476048.35
279778,579158.86
279779,1365058.5
279780,610592.01
279781,1201530.12
279782,1113056.72
279783,1781827.48
279784,1338758.28
279785,1338758.28
279786,1455957.28
279787,362614.65
279788,556877.48
279789,2871435.0
279790,2212280.62
279791,834549.16
279792,429735.6
279793,545386.24
279794,497477.75
279795,593056.4
279796,1771455.17
279797,519385.96
279798,612366.0
279799,514399.9
279800,513142.3
279801,618816.6
279802,353726.02
279803,587021.6666666667
279804,1280392.59
279805,920270.0
279806,951963.07
279807,2076452.43
279808,1411944.51
279809,904833.75
279810,724252.71
279811,338859.28
279812,2670611.76
279813,795454.43
279814,575282.5
279815,937526.59
279816,834689.02
279817,1078600.21
279818,1897566.71
279819,2799890.85
279820,2179803.5
279821,1316824.18
279822,581721.6333333333
279823,627765.1333333333
279824,1184432.71
279825,861684.17
279826,922018.63
279827,2281064.03
279828,984251.4166666665
279829,513635.0
279830,1736637.5
279831,417763.2
279832,525637.49
279833,579148.0
279834,543099.5
279835,886904.64
279836,1056116.81
279837,472173.75
279838,851983.95
279839,1216972.35
279840,324133.0
279841,588968.0
279842,542262.45
279843,575766.13
279844,577558.6
279845,563908.82
279846,671964.5
279847,520797.46
279848,478815.0
279849,1198354.03
279850,323935.0
279851,539896.84
279852,320527.5
279853,755084.52
279854,600621.46
279855,474915.76
279856,456455.51
279857,386739.5
279858,698499.5
279859,488670.24
279860,239726.5
279861,438436.47
279862,872689.99
279863,564647.92
279864,366889.8
279865,957281.5
279866,781794.74
279867,863339.71
279868,524165.0
279869,382978.5
279870,367876.76
279871,692780.33
279872,811196.49
279873,659921.8
279874,502439.36
279875,426877.49
279876,769461.3
279877,326170.5
279878,713778.0
279879,515826.7
279880,561575.0
279881,441542.35
279882,799533.0
279883,746778.98
279884,450096.71
279885,586419.44
279886,783584.34
279887,861997.5
279888,718913.56
279889,411018.24
279890,858041.14
279891,693705.16
279892,675834.98
279893,367420.83
279894,969005.38
279895,594947.37
279896,454077.62
279897,923655.0
279898,458275.48
279899,539007.0
279900,360631.5
279901,775021.08
279902,1338575.0
279903,977140.76
279904,495383.8
279905,403090.0
279906,480006.0
279907,785775.0
279908,937987.5
279909,460841.75
279910,973530.02
279911,824522.5
279912,3171848.11
279913,1736988.9
279914,612911.47
279915,714159.0
279916,1177378.1
279917,656344.7
279918,369918.5
279919,582381.19
279920,1465263.59
279921,515365.0
279922,551918.45
279923,545653.28
279924,452941.0
279925,755308.5833333333
279926,496338.48
279927,1189041.26
279928,355657.75
279929,587208.96
279930,2659324.86
279931,428865.0
279932,1198141.69
279933,862833.5
279934,603915.0
279935,1078062.68
279936,687615.0
279937,464194.5
279938,446467.5
279939,664615.0
279940,713238.01
279941,790027.8
279942,749995.01
279943,1013965.0
279944,355529.0
279945,267155.0
279946,376270.0
279947,3228959.26
279948,775314.0
279949,801638.0
279950,247340.0
279951,621643.62
279952,619857.27
279953,457678.0
279954,522026.0
279955,1051245.0
279956,299445.0
279957,767320.5
279958,1192851.84
279959,548429.5
279960,555199.39
279961,240500.0
279962,578680.7
279963,736349.5
279964,862710.0
279965,422421.5
279966,558489.78
279967,441584.4285714286
279968,417059.99
279969,338582.71
279970,359069.47
279971,316472.75
279972,359677.05
279973,4513296.0
279974,1317361.9166666667
279975,1596845.87
279976,1849838.0514999998
279977,540949.28
279978,679733.74
279979,522301.64
279980,2242265.47
279981,925295.69
279982,815487.93
279983,3984118.6
279984,528539.91
279985,1940730.0
279986,6045478.83
279987,5561666.78
279988,6152180.46
279989,1010270.99
279990,2160849.42
279991,4238143.666666667
279992,3982168.33
279993,323275.0
279994,860626.34
279995,2942057.06
279996,655891.2533333333
279997,521753.33
279998,917482.65
279999,843346.58
280000,997455.18
280001,216392.25
280002,1509651.66
280003,282102.66
280004,462632.47
280005,370647.07
280006,590454.53
280007,572991.34
280008,354823.5
280009,402547.28
280010,370105.0
280011,360992.57
280012,502046.58
280013,556459.0
280014,360865.0
280015,633005.17
280016,542405.0
280017,327050.0
280018,442876.49
280019,863959.5
280020,812082.96
280021,501185.0
280022,827627.02
280023,876464.95
280024,838748.96
280025,2436981.53
280026,1255881.08
280027,3085335.5
280028,778236.25
280029,613034.0
280030,1718946.0
280031,5339436.666666667
280032,5007624.786666666
280033,4569120.0
280034,4910975.0
280035,641991.72
280036,483378.0
280037,4844482.0
280038,3857495.0
280039,3479130.0
280040,1267059.29
280041,1813550.3
280042,608182.2
280043,419805.21
280044,522788.8
280045,1884247.13
280046,561686.59
280047,491454.75
280048,695528.0
280049,741630.98
280050,451903.0
280051,690713.0466666667
280052,1377389.98
280053,619434.49
280054,644599.5
280055,1238708.5
280056,544083.5
280057,656338.92
280058,655767.97
280059,764758.53
280060,370497.37
280061,423702.5
280062,754276.28
280063,546966.68
280064,478954.55
280065,684873.87
280066,601087.01
280067,1009419.24
280068,564825.5
280069,594529.84
280070,2094748.6
280071,1549645.0
280072,799454.8924242425
280073,1037150.72
280074,1849704.21
280075,1871207.69
280076,1344834.9
280077,688602.75
280078,1104174.4
280079,1534499.92
280080,1530942.0
280081,1960807.03
280082,474042.73
280083,837156.5
280084,588802.77
280085,2867430.88
280086,2789365.0
280087,823834.29
280088,513517.98
280089,1119282.9541666666
280090,1369254.59
280091,955930.96
280092,3638466.74
280093,1917710.56
280094,628414.8
280095,617976.38
280096,4819245.0
280097,1336447.86
280098,4042846.76
280099,2645205.0
280100,1147810.2
280101,2633602.37
280102,2977936.325
280103,2053048.05
280104,735885.87
280105,623707.19
280106,543532.88
280107,1174833.5
280108,486708.15
280109,502398.15
280110,575738.48
280111,891262.24
280112,366294.81
280113,370646.63
280114,855170.68
280115,541314.6
280116,470562.915
280117,719409.97
280118,471685.22
280119,317064.43
280120,426756.0
280121,397700.8666666667
280122,1194011.15
280123,430829.08
280124,368229.75
280125,1501390.01
280126,373146.54
280127,1048902.3266666667
280128,478970.13
280129,474860.0
280130,422802.45
280131,505605.5
280132,356363.75
280133,439788.04
280134,577539.48
280135,363136.55
280136,369188.5
280137,795047.06
280138,556861.0
280139,338628.5
280140,558304.98
280141,606225.99
280142,988826.18
280143,2301393.16
280144,689225.3633333334
280145,604584.5
280146,338680.2476190476
280147,662774.9266666666
280148,560216.6133333333
280149,1528905.0
280150,270639.5
280151,388421.82
280152,447593.82
280153,652617.21
280154,1947205.5
280155,336139.15
280156,933461.2233333333
280157,752673.0
280158,617419.5
280159,807955.0
280160,930915.0
280161,825945.0
280162,1260030.0
280163,1892533.0
280164,1238335.07
280165,299550.36
280166,784765.25
280167,521116.23971916974
280168,676875.0
280169,10683988.623333333
280170,11977987.68
280171,3958505.0
280172,4548676.260476191
280173,9350613.05
280174,2236000.5
280175,759793.48
280176,675866.0
280177,2058162.56
280178,1118100.2902142857
280179,885721.18
280180,1320253.24
280181,869203.68
280182,1154442.88
280183,728140.5
280184,775390.0
280185,1791450.01
280186,1948904.99
280187,3721922.94
280188,1130357.05
280189,8976655.0
280190,1065842.6
280191,1179650.25
280192,1918562.0
280193,629380.0
280194,364894.68
280195,684740.65
280196,1804548.47
280197,1503515.99
280198,1414968.96
280199,398393.51
280200,621593.88
280201,588504.41
280202,399149.12
280203,932268.6666666665
280204,1239964.98
280205,964729.5
280206,664756.8
280207,675175.4638095238
280208,380672.82666666666
280209,412700.5
280210,660742.8
280211,490435.89
280212,244506.1
280213,485287.5
280214,427895.31
280215,340439.0
280216,1654606.1057142857
280217,612153.8866666666
280218,522465.39
280219,986044.4725
280220,1528479.6
280221,453352.99
280222,563105.0
280223,848338.29
280224,421360.73
280225,453990.17
280226,441685.5
280227,502598.8
280228,594217.15
280229,329724.544
280230,1652182.46
280231,578375.0
280232,751236.36
280233,1142182.4
280234,5460533.7
280235,652829.31
280236,1970942.08
280237,494088.76
280238,498656.5
280239,579051.585
280240,1020530.14
280241,495958.73
280242,765800.0
280243,625630.0
280244,1355924.99
280245,1475056.66
280246,362673.12
280247,432946.59428571427
280248,599302.35
280249,395417.35
280250,823613.04
280251,913495.6533333334
280252,518464.00916666666
280253,1376791.44
280254,1222498.83
280255,1233130.67
280256,414499.0
280257,1794245.4
280258,450358.11
280259,766367.5
280260,353332.05
280261,521061.14353535353
280262,433007.5
280263,802028.29
280264,679579.4
280265,608104.0
280266,793022.5
280267,3339295.0
280268,2953507.68
280269,536050.71
280270,1740628.02
280271,789389.34
280272,755250.72
280273,1299360.0
280274,906384.4133333334
280275,1089870.0
280276,1322212.5
280277,4611017.32
280278,10001121.85
280279,710557.01
280280,2174632.0
280281,1423197.0
280282,493697.8666666667
280283,459502.69
280284,549365.0
280285,506276.3375
280286,279165.0
280287,286907.5
280288,282970.0
280289,696927.0
280290,819433.5
280291,922535.3333333335
280292,431266.02
280293,777482.11
280294,651640.93
280295,1757900.3
280296,444107.29
280297,412233.79
280298,685648.87
280299,730524.17
280300,496804.29
280301,845072.11
280302,1614857.28
280303,504157.73
280304,515499.42
280305,625040.5
280306,477635.28
280307,579387.4266666666
280308,592150.0
280309,542933.99
280310,896455.86
280311,375822.0
280312,386516.6
280313,486616.5
280314,361252.09333333327
280315,489057.54
280316,383722.0
280317,673272.6666666665
280318,594697.56
280319,590125.5
280320,719440.32
280321,391002.25666666665
280322,417163.41
280323,437868.0
280324,443489.48
280325,662231.6666666666
280326,936071.81
280327,303258.8
280328,294702.95
280329,386401.8
280330,570729.0
280331,497857.0
280332,907298.16
280333,718740.0
280334,632903.02
280335,316097.50000000006
280336,495958.0
280337,1063750.0
280338,308938.51
280339,442925.95
280340,597082.06
280341,639193.12
280342,294848.22
280343,444348.39
280344,219520.4
280345,595460.0
280346,505338.42
280347,429929.1666666666
280348,425580.0
280349,447690.83333333326
280350,475075.8866666667
280351,269953.8
280352,345239.9
280353,739603.0
280354,499630.68
280355,274521.0
280356,354926.95
280357,413678.53
280358,398907.5
280359,657573.36
280360,553147.34
280361,744902.7
280362,649831.1816666668
280363,549412.05
280364,258658.00916666668
280365,801953.12
280366,297253.1
280367,637450.15
280368,504670.0
280369,424960.0
280370,291404.5
280371,311885.4
280372,666288.668
280373,528829.77
280374,502871.45
280375,426082.0
280376,532177.95
280377,700972.39
280378,400177.25
280379,370207.5
280380,567596.7333333334
280381,646530.0
280382,530268.3
280383,453471.18
280384,436978.48
280385,428035.7
280386,435497.65
280387,391260.85
280388,373824.3
280389,523670.0
280390,346133.5
280391,561512.0000000001
280392,356001.8
280393,422303.38
280394,534659.5
280395,703380.5
280396,510712.1833333333
280397,371157.37
280398,549278.45
280399,463560.787
280400,333555.3
280401,580067.5
280402,412868.5
280403,517445.0
280404,524548.0
280405,646670.0
280406,524472.62
280407,684555.0
280408,456425.0
280409,556965.0
280410,375622.0
280411,464480.0
280412,470317.4
280413,516970.14
280414,325437.0
280415,221866.20428571428
280416,469274.39
280417,1032926.0
280418,528473.3333333333
280419,578808.0
280420,473064.0
280421,390809.74
280422,436875.0
280423,400101.5
280424,474427.84333333327
280425,424653.2
280426,404713.6966666667
280427,397417.49
280428,400247.76
280429,310497.25
280430,430541.6
280431,609235.14
280432,754476.0
280433,544580.138095238
280434,823564.5233333333
280435,651732.5
280436,517050.5
280437,552937.39
280438,496210.51
280439,311465.0
280440,615782.6666666667
280441,758735.0
280442,644195.0
280443,412980.02
280444,874595.8158730158
280445,687004.7333333334
280446,682725.88
280447,998667.39
280448,443160.04
280449,541436.01
280450,525315.5833333333
280451,481539.9
280452,477191.85
280453,505335.66
280454,1697803.98
280455,557558.3333333333
280456,796844.7799999998
280457,486254.01
280458,296164.0
280459,371579.56666666665
280460,275857.5
280461,266789.0
280462,991697.5033333334
280463,640628.68
280464,796731.27
280465,487694.0333333334
280466,865153.27
280467,419738.45
280468,1104967.75
280469,600695.0
280470,598764.31
280471,464640.46
280472,492155.6
280473,399365.7
280474,543547.1
280475,335595.59
280476,600900.38
280477,730492.17
280478,509418.24
280479,433747.5
280480,676229.5
280481,602603.145
280482,525856.25
280483,643606.9
280484,396185.0
280485,343970.0
280486,453377.45
280487,526040.0
280488,390963.15
280489,942820.0
280490,369056.2
280491,1231329.0
280492,290237.5
280493,896857.48
280494,321118.63
280495,299394.6166666667
280496,570167.82
280497,754318.0
280498,280407.5
280499,316457.5
280500,463785.0
280501,605303.2
280502,283710.0
280503,545898.762
280504,462490.0
280505,532620.2
280506,343661.47
280507,429895.0
280508,322717.5
280509,398359.16666666674
280510,343949.51
280511,532510.0
280512,512885.3266666667
280513,512885.3266666667
280514,450409.0
280515,575583.6033333333
280516,829395.0
280517,345703.2761904762
280518,538008.2
280519,427535.0
280520,588206.0
280521,392308.7
280522,594724.9
280523,739836.48
280524,1059365.0
280525,560172.0
280526,565250.0
280527,528675.0
280528,623254.95
280529,500197.95
280530,388600.0
280531,586286.0
280532,556327.55
280533,350569.45
280534,608155.95
280535,501015.6
280536,638081.0
280537,830504.52
280538,576560.0
280539,500520.45
280540,525781.0
280541,403419.0
280542,426080.5
280543,843416.8
280544,762251.05
280545,370510.0
280546,380343.3333333334
280547,393663.6
280548,297947.2
280549,667999.56
280550,468817.60666666663
280551,408508.5466666667
280552,422228.2
280553,553286.8
280554,464922.0
280555,466140.0
280556,413154.24
280557,384940.0
280558,482959.54
280559,346389.15
280560,455094.5
280561,431797.5
280562,354159.06
280563,243909.62
280564,518256.3333333334
280565,505579.54
280566,319763.9
280567,380035.0
280568,1151305.72
280569,367563.4
280570,568144.3
280571,723248.66
280572,273192.0
280573,355424.045
280574,461725.4166666666
280575,1427465.1
280576,461358.88
280577,2042608.49
280578,576215.57
280579,816086.69
280580,506602.28
280581,533054.53
280582,597221.8
280583,827585.2666666666
280584,864400.99
280585,929779.52
280586,589003.46
280587,1055153.9
280588,416812.0
280589,426391.0
280590,448378.0
280591,519225.17
280592,393125.0
280593,693050.4242857143
280594,654979.0
280595,939535.34
280596,707640.6790909091
280597,761019.55
280598,844572.8
280599,736205.6833333332
280600,550384.08
280601,540529.0
280602,3294113.0
280603,639057.0
280604,743827.5
280605,1088177.95
280606,689393.3
280607,772128.7216666666
280608,724036.83
280609,522500.0
280610,680375.0
280611,492270.67
280612,468293.1666666666
280613,1553135.873333333
280614,534197.1
280615,1022539.98
280616,746574.4866666666
280617,687360.27
280618,481062.2
280619,1116962.68
280620,651029.39
280621,517855.75
280622,701956.95
280623,2596261.22
280624,663042.38
280625,406605.28
280626,1316200.61
280627,620670.0
280628,977715.15
280629,699804.125
280630,507422.5
280631,1479710.0
280632,396089.06
280633,732281.95
280634,1755958.5
280635,304103.3333333333
280636,972165.0
280637,729832.26
280638,585082.5
280639,248954.0
280640,669826.44
280641,334576.44
280642,633372.4
280643,367457.5
280644,367457.5
280645,835981.34
280646,296010.65
280647,636301.25
280648,712044.54
280649,491367.2
280650,732298.0
280651,360409.5
280652,206782.51
280653,782064.4
280654,1389919.5
280655,469110.5
280656,310691.93
280657,639287.1
280658,1273819.9
280659,352165.01
280660,785731.68
280661,544567.9
280662,534544.12
280663,614403.0
280664,514981.32333333336
280665,395486.5
280666,624984.4
280667,410793.0
280668,554832.6
280669,763570.67
280670,720871.52
280671,392480.0
280672,420230.0
280673,393296.6666666666
280674,370528.33333333326
280675,269135.05333333334
280676,596080.3333333334
280677,307633.3333333333
280678,708282.2333333334
280679,689701.01
280680,413246.54
280681,669377.5
280682,921901.6
280683,737045.925
280684,569847.6966666667
280685,1757875.67
280686,475797.5
280687,831331.0
280688,382624.64
280689,1343444.44
280690,440482.74
280691,1465632.52
280692,335982.5
280693,323566.49
280694,551907.3
280695,422875.53
280696,241430.0
280697,511952.5
280698,456335.0
280699,607431.88
280700,420998.95
280701,547715.0
280702,649777.98
280703,448654.0
280704,708850.0
280705,565532.7
280706,435404.58
280707,250438.34
280708,403413.0
280709,380008.5
280710,316158.25
280711,373297.5
280712,1361416.3
280713,546813.88
280714,441332.0
280715,2566503.0
280716,713820.0
280717,464348.4
280718,442630.46933333337
280719,237949.03333333333
280720,699391.45
280721,366351.5
280722,5198787.5
280723,510753.21
280724,460785.62
280725,1794440.81
280726,963605.0
280727,1567208.0
280728,476100.0
280729,528922.1
280730,2440225.0
280731,1281875.0
280732,504040.855
280733,897515.4
280734,413487.5
280735,685117.8733333333
280736,370449.52
280737,1269705.0
280738,917549.95
280739,810950.0
280740,378987.5
280741,369631.08
280742,953495.0
280743,426542.6
280744,362640.8333333334
280745,2106640.0
280746,589263.38
280747,515155.9725
280748,495950.83
280749,547031.56
280750,300914.53
280751,574299.0066666666
280752,431952.62666666665
280753,360055.62
280754,401806.57333333336
280755,228828.0
280756,404694.073
280757,815664.02
280758,1996068.49
280759,477900.22
280760,552415.22
280761,780150.42
280762,1022742.85
280763,890816.0
280764,378717.0
280765,962537.08
280766,432131.0
280767,322849.82
280768,678027.01
280769,385873.04
280770,441420.5
280771,719268.38
280772,481749.77
280773,540528.89
280774,510282.8
280775,1163422.83
280776,849568.0
280777,497917.8
280778,478463.53
280779,409830.1
280780,611183.84
280781,482051.43
280782,657096.51
280783,1577605.89
280784,497580.33
280785,4373015.0
280786,576182.5
280787,299363.8333333333
280788,1914438.8333333335
280789,586856.26
280790,940149.45
280791,1022258.35
280792,520371.5
280793,637494.0933333334
280794,458431.5
280795,452802.0
280796,348672.5
280797,1313626.06
280798,585669.2
280799,952462.5
280800,1149848.34
280801,1132648.0
280802,272685.0
280803,476196.93
280804,729880.01
280805,360452.45
280806,603610.0
280807,345405.0
280808,287410.85
280809,352405.0
280810,594091.8316666667
280811,471788.5
280812,393500.0
280813,391770.67
280814,470675.0
280815,428395.0
280816,434105.0
280817,339848.0
280818,351250.95
280819,2218187.2
280820,364280.0
280821,189915.8333333333
280822,1084242.0342857144
280823,498978.23490909085
280824,706811.0
280825,539539.16
280826,317729.39
280827,560630.88
280828,321258.5
280829,311168.5
280830,641233.5
280831,1035324.0
280832,1227352.88
280833,316920.75
280834,544312.89
280835,264421.57
280836,661290.11
280837,1274447.24
280838,1186940.0
280839,909528.8
280840,498955.58
280841,385836.6
280842,815291.77
280843,1004168.3333333333
280844,1324055.0
280845,9919930.06
280846,1030521.93
280847,820469.0
280848,1036721.0
280849,990242.7333333333
280850,485414.0
280851,1222420.0
280852,775749.77
280853,1441611.2
280854,1169894.25
280855,771573.86
280856,821077.72
280857,652756.0
280858,748896.5
280859,1039495.87
280860,590900.53
280861,666695.0
280862,452368.0
280863,824586.9
280864,1754319.0
280865,2480290.75
280866,312699.6
280867,1934542.5
280868,314024.77
280869,520689.2
280870,358835.0
280871,747571.0
280872,2657203.2
280873,1919306.45
280874,682790.9
280875,1417062.35
280876,439562.5
280877,629212.4666666667
280878,1667612.27
280879,674975.27
280880,662141.9533333334
280881,1724694.09
280882,719562.19
280883,1364416.51
280884,708000.83
280885,626262.9
280886,818897.09
280887,455651.76
280888,337940.0
280889,346810.38
280890,385040.0
280891,367431.58333333326
280892,914730.67
280893,366518.49
280894,352769.5
280895,527480.45
280896,575241.63
280897,344137.5
280898,595690.07
280899,1271788.0
280900,526162.25
280901,469818.34
280902,1654465.38
280903,585460.37
280904,1323231.52
280905,1064559.01
280906,750698.5
280907,435043.4
280908,1400521.62
280909,500926.505
280910,460288.7
280911,360326.06
280912,2727805.9
280913,813675.6
280914,623923.02
280915,5867475.05
280916,898480.61
280917,830060.1
280918,593330.85
280919,308048.78
280920,522590.19
280921,833037.85
280922,1073330.0
280923,259340.0
280924,783699.5
280925,298633.6983333333
280926,461007.99666666664
280927,464455.95
280928,746259.5
280929,885100.0
280930,443487.89
280931,3325059.44
280932,1260903.5
280933,1365709.85
280934,558458.8983333333
280935,4045165.0
280936,567244.3983333333
280937,1533123.5
280938,666734.34
280939,496894.3
280940,976823.2
280941,729104.15
280942,1434216.68
280943,966801.27
280944,484212.1
280945,497799.85
280946,5006575.0
280947,426099.38
280948,420912.825
280949,628857.0
280950,469730.9
280951,1824941.2433333332
280952,418420.4
280953,715559.5
280954,359279.05
280955,706796.65
280956,334515.0
280957,287309.0
280958,286022.23
280959,368661.14333333337
280960,295314.0
280961,431952.27
280962,557975.5
280963,482343.6
280964,710507.66
280965,378730.0
280966,1507026.49
280967,427155.0
280968,649956.8
280969,475815.91
280970,443196.54
280971,523514.16
280972,735051.05
280973,379600.0
280974,655784.58
280975,848275.07
280976,840533.7883333333
280977,422737.5
280978,827059.1116666666
280979,450317.93
280980,613830.9844444445
280981,537352.32
280982,769659.52
280983,630287.45
280984,509350.96
280985,423606.0
280986,658906.18
280987,646354.6933333334
280988,592680.6
280989,3035045.0
280990,425225.88
280991,468101.1
280992,476792.66
280993,701968.2
280994,628805.0
280995,693839.99
280996,445470.0
280997,459815.23
280998,547099.46
280999,455983.88
281000,806656.56
281001,674517.5257142857
281002,591910.5257142857
281003,749881.67
281004,554448.5
281005,685173.67
281006,253454.68
281007,335730.8
281008,803839.38
281009,407482.0
281010,579914.85
281011,620266.17
281012,641279.5
281013,481721.24
281014,309379.35
281015,559587.0
281016,372524.89
281017,1030658.4
281018,482967.0
281019,449246.3
281020,596661.03
281021,533076.9
281022,522625.99333333335
281023,286470.0
281024,526325.5
281025,708317.0
281026,249397.4
281027,256870.46
281028,525730.8
281029,570576.15
281030,431438.0
281031,575160.5
281032,282066.2857142857
281033,254657.0
281034,588744.5
281035,711745.5
281036,693590.73
281037,793595.12
281038,488364.77
281039,464928.58
281040,658665.4
281041,697523.68
281042,638982.55
281043,710186.0
281044,365173.5
281045,241648.5
281046,748210.0
281047,969858.9
281048,479169.04
281049,854873.81
281050,212852.5
281051,521274.99
281052,406415.87
281053,754980.24
281054,294672.5
281055,853885.85
281056,522377.4
281057,796256.0
281058,449528.53333333327
281059,367732.4
281060,485492.3733333333
281061,441234.59
281062,335090.07
281063,1053435.16
281064,468087.5
281065,396545.0
281066,697181.5
281067,313987.7357142857
281068,380910.0
281069,701402.5
281070,469202.5
281071,524178.33333333326
281072,912453.3466666666
281073,471825.4866666667
281074,487809.7
281075,339159.3
281076,368365.0
281077,495177.75
281078,1096438.5
281079,637840.0
281080,571632.0
281081,288253.0
281082,981015.17
281083,549636.08
281084,341040.75
281085,560047.67
281086,378060.0
281087,542845.0
281088,593870.4333333333
281089,664157.5433333333
281090,350085.0
281091,349945.0
281092,337777.4
281093,392002.94
281094,496485.0
281095,342817.5
281096,349923.8
281097,606032.0
281098,484092.5
281099,640412.0
281100,450515.0
281101,999055.0
281102,465542.7
281103,709116.08
281104,681543.0
281105,1063717.0
281106,462428.9333333333
281107,374773.75
281108,351907.0
281109,627940.57
281110,429097.5
281111,444807.5
281112,514185.26
281113,367140.0
281114,382656.38
281115,295477.64
281116,277335.0
281117,456480.0
281118,242577.0
281119,383340.0
281120,454168.6
281121,329018.49
281122,473945.0
281123,683412.33
281124,271946.25
281125,271946.25
281126,349052.49
281127,345000.0
281128,515990.22
281129,597659.0
281130,377939.25
281131,261406.0
281132,308026.11000000004
281133,333348.25
281134,570113.0
281135,387539.5
281136,386656.91
281137,386656.91
281138,654698.0
281139,305215.0
281140,480772.93
281141,416865.0
281142,470315.58
281143,499656.21
281144,289462.72
281145,429956.2
281146,301954.2
281147,398300.25
281148,385916.22
281149,1793746.25
281150,570398.75
281151,751700.79
281152,356516.02
281153,367789.0
281154,400914.9
281155,389029.0
281156,392761.74
281157,405444.0
281158,396795.0
281159,371274.27
281160,334633.7
281161,642058.7
281162,225638.36
281163,549755.8
281164,404630.51
281165,548670.0
281166,611391.27
281167,487777.75
281168,797270.29
281169,221249.96
281170,573202.25
281171,372080.4
281172,823971.3
281173,1390738.1
281174,252607.66
281175,643808.2
281176,500558.0
281177,816855.5
281178,2676512.77
281179,517325.95
281180,716544.15
281181,313755.0
281182,446711.75
281183,566867.62
281184,412161.77
281185,410598.5
281186,1478324.78
281187,468933.63
281188,995980.89
281189,303782.5
281190,417902.3
281191,511600.49
281192,418347.15
281193,391328.62
281194,502727.29
281195,405105.2
281196,278479.95
281197,412003.46
281198,418064.44
281199,382465.0
281200,576776.6
281201,452824.96
281202,263770.0
281203,412958.2666666667
281204,428676.48
281205,676919.29
281206,1174746.76
281207,453007.5
281208,482515.51
281209,754994.9
281210,1385241.0
281211,471989.9
281212,310710.4
281213,374840.0
281214,388535.0
281215,221795.05
281216,289957.5
281217,518400.58333333326
281218,629353.55
281219,441230.0
281220,426354.39
281221,476555.0
281222,252340.0
281223,403948.78
281224,518370.75
281225,342559.5
281226,513355.36
281227,272591.9214285714
281228,283157.0
281229,335645.05
281230,393780.7
281231,402954.99
281232,515375.0
281233,555616.37
281234,398965.0
281235,295295.81
281236,652346.72
281237,511309.25
281238,389252.1233333333
281239,735855.1
281240,933275.47
281241,719306.61
281242,407421.32
281243,543320.0
281244,968168.16
281245,627295.0
281246,854317.5
281247,230490.35
281248,1007632.5
281249,311755.0
281250,275256.9
281251,536210.0
281252,289861.3466666667
281253,299197.0
281254,367570.0
281255,257601.07142857142
281256,406376.37
281257,357529.0
281258,402422.3
281259,348390.0
281260,484794.98
281261,364337.25
281262,439752.35
281263,1250871.5
281264,501431.66666666674
281265,245812.45
281266,349985.0
281267,946158.84
281268,572271.6666666666
281269,620674.8875
281270,344120.0
281271,397891.1
281272,621071.35
281273,900411.5
281274,448486.0
281275,499248.37
281276,1027174.96
281277,5141395.5
281278,559591.41
281279,989261.5
281280,752299.24
281281,913611.99
281282,733879.3233333335
281283,444737.2
281284,442842.14
281285,479835.0
281286,441717.5
281287,395913.5
281288,544127.1666666666
281289,502505.16
281290,764888.75
281291,543124.0
281292,391642.5
281293,521175.26
281294,455189.62
281295,494809.84
281296,514425.46
281297,812714.5
281298,539106.5
281299,1124572.55
281300,724721.61
281301,818773.75
281302,438671.72
281303,602836.37
281304,452814.47
281305,775941.0
281306,341856.62
281307,425118.5
281308,244635.0
281309,914670.0
281310,543759.05
281311,270925.36
281312,797700.9
281313,618298.380952381
281314,502520.0
281315,554317.2
281316,511675.77
281317,232354.0
281318,492014.86
281319,502371.88
281320,498253.4233333333
281321,216427.5
281322,321547.0
281323,391418.96
281324,556830.0
281325,606735.0
281326,302169.3
281327,359432.5
281328,374188.8
281329,301085.0
281330,394462.5
281331,321174.57
281332,321931.98
281333,377224.4533333333
281334,563723.2333333334
281335,359300.0
281336,372826.4
281337,267688.4
281338,219612.0
281339,578752.0
281340,256862.45
281341,733090.0
281342,494217.5
281343,685859.88
281344,480960.0
281345,643560.0
281346,339970.0
281347,389785.0
281348,526507.0
281349,1024460.0
281350,468460.0
281351,456450.0
281352,463637.0
281353,368851.0
281354,682375.0
281355,452269.5
281356,286420.0
281357,534707.6666666666
281358,588565.0
281359,286435.68
281360,383416.38
281361,367265.0
281362,362903.95
281363,335485.0
281364,450765.0
281365,944722.75
281366,3200080.0
281367,895993.4
281368,670360.0
281369,1266865.08
281370,655022.85
281371,745210.84
281372,1557582.5
281373,571239.48
281374,450630.17
281375,2498923.5
281376,554762.5
281377,515897.51
281378,441997.63
281379,838335.91
281380,1972748.39
281381,726838.2
281382,2024789.413333333
281383,1778179.5
281384,1337352.84
281385,1331562.84
281386,861062.5
281387,531173.16
281388,639378.9
281389,760586.91
281390,473325.51
281391,1137197.03
281392,322295.0
281393,1358950.0
281394,377373.25
281395,1670745.82
281396,1704892.93
281397,2010972.5
281398,789322.5
281399,355935.0
281400,589109.88
281401,692558.73
281402,701417.49
281403,407172.5
281404,1210900.0
281405,989181.22
281406,512959.0
281407,745631.25
281408,1539859.5
281409,662617.35
281410,788066.9
281411,754260.5
281412,1276912.08
281413,611243.75
281414,625135.25
281415,619900.5
281416,451650.0
281417,691928.71
281418,586239.5
281419,680630.65
281420,658483.5
281421,625572.51
281422,601234.95
281423,415060.0
281424,1127833.5
281425,781280.48
281426,416679.0
281427,1979262.04
281428,691425.0
281429,867662.0
281430,959469.6
281431,1956494.75
281432,765508.06
281433,405611.34
281434,714398.44
281435,1897459.07
281436,959522.18
281437,1244150.0
281438,1335896.25
281439,1385563.04
281440,564985.0
281441,1423881.25
281442,823570.55
281443,772584.5
281444,318300.0
281445,1202165.77
281446,559432.5
281447,2794319.0
281448,1137205.0
281449,506398.89
281450,447375.0
281451,676160.75
281452,3525641.54
281453,1679524.32
281454,453542.45
281455,1686529.96
281456,621364.0
281457,928858.68
281458,314860.0
281459,1146437.6
281460,239370.0
281461,535512.0
281462,2505915.9
281463,649025.0
281464,407153.25
281465,672570.0
281466,577861.5
281467,554320.0
281468,680089.5
281469,718701.2
281470,696098.49
281471,629436.0
281472,535377.39
281473,570354.56
281474,505955.0
281475,395596.0
281476,431449.36
281477,479239.0
281478,1057578.08
281479,336004.0
281480,569225.2
281481,397938.12
281482,874640.0
281483,2722753.4
281484,960316.87
281485,623683.5
281486,315210.0
281487,297621.8
281488,297321.2
281489,626086.36
281490,384417.5
281491,319433.0
281492,901792.2166666667
281493,299838.49
281494,1062191.66
281495,408807.5
281496,550560.13
281497,451655.55
281498,397912.9
281499,2724895.34
281500,429200.46
281501,334629.1
281502,391362.0
281503,315992.92
281504,852443.48
281505,279000.0
281506,513285.76
281507,346567.42
281508,718451.5
281509,747042.96
281510,636922.5
281511,518496.89
281512,525771.71
281513,742580.69
281514,878352.74
281515,561954.23
281516,490529.58
281517,560476.0733333334
281518,838980.0
281519,1570607.02
281520,4882880.0
281521,450860.5
281522,1160907.24
281523,428380.0
281524,812783.5
281525,678681.1
281526,871366.75
281527,889648.38
281528,687396.7
281529,438836.0
281530,674517.82
281531,648289.33
281532,423719.53
281533,864715.12
281534,325590.22
281535,387542.01
281536,358368.5
281537,443300.79
281538,515245.87
281539,1002936.66
281540,6580027.333333334
281541,385619.63
281542,731002.83
281543,1654638.47
281544,1107280.02
281545,507149.0
281546,462466.09
281547,2889643.12
281548,655607.0
281549,502711.0
281550,1623933.04
281551,854817.32
281552,963016.0
281553,2544202.5
281554,531863.47
281555,549330.73
281556,667540.55
281557,4972419.97
281558,499807.5
281559,635808.76
281560,722181.5
281561,1275257.99
281562,1436638.14
281563,472165.0
281564,1565337.5
281565,462375.0
281566,559097.03
281567,386167.8866666667
281568,301417.5
281569,352905.0
281570,519599.0
281571,968509.5
281572,602866.5
281573,517180.63
281574,515322.5
281575,353000.25
281576,949630.68
281577,549214.76
281578,457014.5
281579,981546.2
281580,1501267.4
281581,314270.0
281582,577133.15
281583,833069.98
281584,821079.98
281585,420298.7
281586,655963.01
281587,452547.0
281588,450590.0
281589,438049.38
281590,712250.99
281591,411632.5
281592,344852.35
281593,704765.5
281594,1600443.48
281595,420761.2
281596,950901.27
281597,1345773.37
281598,769316.13
281599,863671.5
281600,938271.88
281601,854517.46
281602,505111.5
281603,811204.98
281604,471963.64
281605,966810.5
281606,517726.59
281607,404615.0
281608,2975593.15
281609,420729.99
281610,683345.0
281611,846438.7
281612,813604.74
281613,723475.5
281614,1134624.88
281615,625330.01
281616,546141.62
281617,628185.5
281618,366699.0
281619,371409.5
281620,448852.0
281621,460474.0
281622,379215.0
281623,2520206.88
281624,1015023.66
281625,634031.62
281626,471988.19
281627,1621362.48
281628,554954.85
281629,1634719.49
281630,2150384.3
281631,1415085.0
281632,1415085.0
281633,3541570.0
281634,364550.0
281635,533686.0
281636,309440.0
281637,702725.0
281638,299994.19
281639,516457.36
281640,348030.73
281641,265700.0357142857
281642,891345.69
281643,690247.2
281644,677585.0
281645,412945.4
281646,976148.45
281647,513663.45
281648,359880.3
281649,379050.98
281650,1427204.33
281651,841151.18
281652,846746.34
281653,385221.5
281654,883914.5
281655,1545305.0
281656,762973.98
281657,589956.81
281658,576220.0
281659,435992.64
281660,1253041.2
281661,639451.5
281662,683223.98
281663,653002.27
281664,1880350.0
281665,284045.0
281666,810289.0
281667,345379.5
281668,7172700.0
281669,563929.3
281670,402033.45
281671,387122.6
281672,344910.0
281673,1323710.18
281674,472687.1666666666
281675,1416200.0
281676,1673995.36
281677,1276969.06
281678,1008260.0
281679,1486359.6
281680,2511625.0
281681,473247.0
281682,706205.0
281683,1342966.5
281684,1166956.25
281685,263705.63
281686,403375.71
281687,571595.81
281688,718083.04
281689,2098661.2
281690,465079.57
281691,1621570.3
281692,893647.23
281693,579731.0
281694,579731.0
281695,433978.0
281696,488114.33333333326
281697,6173290.02
281698,580898.87
281699,1101798.9
281700,1326290.0
281701,783032.0
281702,1286173.03
281703,525104.0
281704,1607689.65
281705,1113325.0
281706,1373778.57
281707,4759774.65
281708,929456.3633333334
281709,1562168.88
281710,1838315.02
281711,3028035.0
281712,1684012.76
281713,1401630.74
281714,3907648.16
281715,3996636.32
281716,621362.74
281717,1741736.88
281718,821848.8133333335
281719,2056507.74
281720,1740050.0
281721,1472728.07
281722,391076.32
281723,1348103.0
281724,477242.05
281725,3852110.0
281726,4597375.0
281727,932315.69
281728,603169.0
281729,894440.15
281730,1694342.5
281731,1470971.98
281732,1816408.5
281733,881034.84
281734,439629.5
281735,1854195.28
281736,1226410.0
281737,764845.4566666665
281738,695921.09
281739,610742.04
281740,508680.07
281741,373001.68
281742,753757.0833333335
281743,349533.79
281744,533433.5
281745,857619.06
281746,564563.5
281747,522244.5
281748,521474.5
281749,496194.5
281750,295534.0833333334
281751,480107.43
281752,682206.76
281753,486907.25
281754,508380.43
281755,497606.6
281756,433311.58
281757,776842.0
281758,2490610.0
281759,1023690.0
281760,627045.04
281761,688205.02
281762,877580.205
281763,1413045.0
281764,1492216.16
281765,874980.0
281766,998615.0
281767,1025945.0
281768,1193219.6
281769,2498138.88
281770,388650.0
281771,843633.3
281772,582215.2
281773,603398.7944444445
281774,1452205.31
281775,545740.53
281776,1509946.61
281777,437983.95
281778,515823.33333333326
281779,472361.03
281780,404734.03
281781,497493.01
281782,839144.99
281783,696182.8405555555
281784,547839.0
281785,637487.7416666667
281786,499597.48
281787,886634.78
281788,863344.5
281789,443872.5
281790,1254559.99
281791,894497.5
281792,1058521.14
281793,391973.17
281794,322581.15
281795,1066149.5446428573
281796,1362657.6
281797,454297.19
281798,497135.0
281799,628640.0
281800,2779344.5
281801,1310472.4
281802,933687.28
281803,1895051.31
281804,531864.99
281805,1469716.44
281806,3139386.15
281807,1303298.83
281808,1193311.8633333333
281809,1196792.5066666668
281810,713203.13
281811,2001692.0
281812,3063538.0
281813,1856552.54
281814,523282.0
281815,309880.0
281816,1869239.08
281817,1036235.64
281818,1396770.0
281819,351286.01
281820,552955.0
281821,933522.7533333333
281822,1298219.5
281823,739015.0733333332
281824,826084.64
281825,521153.7
281826,313261.79
281827,1385104.96
281828,1630333.0
281829,705034.98
281830,592157.07
281831,513075.97
281832,1207165.0
281833,765632.69
281834,393057.5
281835,467975.42
281836,349970.0
281837,499700.0
281838,335167.54
281839,400470.48
281840,855446.21
281841,269169.99
281842,340663.11
281843,4088817.88
281844,1468360.3
281845,409995.91
281846,1358540.0
281847,578500.0
281848,608037.7716666667
281849,2817305.88
281850,1280345.0
281851,940117.5
281852,1864139.96
281853,451650.94
281854,1296039.67
281855,337531.46
281856,373827.2433333333
281857,996844.0
281858,1041590.01
281859,474459.55
281860,954036.0
281861,396139.03
281862,577737.5
281863,547733.8588888888
281864,979561.85
281865,850681.15
281866,824705.0
281867,704947.35
281868,828936.2
281869,726925.5
281870,504469.95
281871,1815415.46
281872,533706.4485714285
281873,476141.92
281874,417585.04
281875,542499.0
281876,549791.2
281877,716935.0
281878,629640.9188888889
281879,660462.0
281880,1028784.84
281881,1011485.28
281882,691857.6
281883,549699.12
281884,1346683.6
281885,641020.0
281886,456140.0
281887,860219.5
281888,983948.63
281889,783305.57
281890,772284.5
281891,745267.7
281892,1013355.0
281893,956745.57
281894,2690133.12
281895,339517.19
281896,13626898.92
281897,755879.9
281898,793345.56
281899,450561.32
281900,894139.74
281901,5106468.31
281902,1841873.7
281903,508744.98
281904,1125732.84
281905,660918.39
281906,1133139.5
281907,1058570.0
281908,2011335.0
281909,283080.0
281910,340785.0
281911,340200.0
281912,607735.0
281913,1044486.32
281914,572512.57
281915,737097.56
281916,479406.5
281917,873728.485
281918,409426.5
281919,649883.75
281920,988836.8666666667
281921,640944.4466666668
281922,404303.46666666673
281923,696532.0
281924,317765.25
281925,648752.6
281926,794279.0
281927,421248.0
281928,595698.17
281929,501685.25
281930,390378.61
281931,592607.5
281932,594135.5
281933,671170.7
281934,581561.7
281935,737402.46
281936,412388.22
281937,471097.84
281938,525484.99
281939,375934.82
281940,371658.52
281941,871535.0
281942,392341.6
281943,630270.01
281944,340742.9
281945,826953.0
281946,349351.1
281947,401787.81666666665
281948,289744.0
281949,452228.2
281950,535229.16
281951,526683.0066666667
281952,594862.14
281953,342959.0
281954,621721.23
281955,827726.9033333333
281956,626185.02
281957,278120.8
281958,468561.36
281959,618462.45
281960,499896.06666666665
281961,432750.0
281962,602976.8333333334
281963,587931.8933333333
281964,474555.0
281965,463684.11
281966,418983.73
281967,502151.2
281968,546805.2
281969,484092.56
281970,451350.3
281971,690784.95
281972,423992.5
281973,458767.54
281974,473796.36
281975,455660.0
281976,453403.65666666673
281977,413650.35
281978,482828.27
281979,352157.27
281980,344742.25
281981,478994.03
281982,400198.91
281983,459473.5
281984,392994.18
281985,600593.0
281986,387910.86
281987,402766.77
281988,389643.5
281989,467030.0
281990,940164.26
281991,376030.5
281992,517931.8
281993,643321.03
281994,628747.6
281995,562810.27
281996,499980.99
281997,920396.0
281998,379793.65
281999,563856.2
282000,590744.0000000001
282001,648925.0
282002,300685.02
282003,881488.11
282004,626741.75
282005,351253.4
282006,593585.8333333334
282007,955857.2066666665
282008,439519.0
282009,403372.5
282010,648730.95
282011,772779.08
282012,484997.86
282013,596550.5566666668
282014,602214.45
282015,725399.8933333334
282016,352720.21
282017,460784.2666666667
282018,677797.49
282019,1270762.0
282020,705139.4
282021,653765.0
282022,830365.91
282023,561406.5333333333
282024,1213096.48
282025,821810.0
282026,483172.26
282027,433305.0
282028,471222.35
282029,471222.35
282030,613947.65
282031,378870.0
282032,324208.27
282033,882044.75
282034,480502.36
282035,796079.0
282036,390622.0
282037,406632.0
282038,343555.0
282039,300879.5
282040,498557.97
282041,481886.61
282042,474129.06
282043,362025.0
282044,391709.81333333335
282045,668383.05
282046,643666.5
282047,776873.47
282048,545500.0
282049,415734.95
282050,323312.12
282051,550849.3833333333
282052,549984.1
282053,711480.0
282054,511345.0
282055,599624.5
282056,506455.0
282057,332835.57
282058,434370.0
282059,462735.0
282060,372047.7
282061,565360.0
282062,388685.0
282063,542635.0
282064,307552.5
282065,412646.0
282066,490050.0
282067,384630.0
282068,384969.04761904763
282069,501875.4
282070,551538.29
282071,504318.15
282072,293898.48
282073,459932.73
282074,445693.64
282075,329056.8566666667
282076,361141.56
282077,378280.0
282078,1114233.72
282079,296460.0
282080,895115.0
282081,478548.59
282082,513093.0
282083,368757.91
282084,1268768.11
282085,600655.4
282086,720447.45
282087,760483.3
282088,371393.35
282089,522540.52
282090,679411.49
282091,403222.45
282092,598401.06
282093,280870.35
282094,494614.41
282095,870062.8
282096,445135.0
282097,431853.0
282098,506764.5666666666
282099,755586.2
282100,749635.35
282101,579322.73
282102,391750.9
282103,503190.9
282104,545167.45
282105,682513.0
282106,785124.19
282107,482441.15
282108,576130.17
282109,479185.0
282110,523430.18
282111,504919.7466666667
282112,454930.96
282113,435800.0
282114,597434.32
282115,1482944.05
282116,458906.972
282117,676587.33
282118,547329.03
282119,661109.5
282120,1475303.4
282121,1859130.0
282122,1032909.3
282123,362546.64666666667
282124,599200.77
282125,303161.6842857143
282126,304638.58
282127,488291.0
282128,2113782.5
282129,338644.96
282130,994985.0
282131,1287010.43
282132,664345.5
282133,755650.03
282134,465729.61666666664
282135,587167.34
282136,676465.0
282137,758719.22
282138,770137.22
282139,405063.88
282140,1160760.72
282141,359010.5
282142,771214.3
282143,538765.6133333333
282144,675336.5
282145,556105.01
282146,761684.36
282147,473219.75
282148,922761.53
282149,433500.0
282150,398989.99
282151,347061.97
282152,630875.5
282153,407501.4966666667
282154,1409375.65
282155,1162192.22
282156,1140078.47
282157,659695.0
282158,671112.0
282159,319636.0
282160,218301.46
282161,401051.82
282162,435564.58142857143
282163,486190.5
282164,445271.43
282165,464975.0
282166,423039.65
282167,379457.4933333333
282168,468280.0
282169,373923.0
282170,366259.27
282171,955615.0
282172,740015.0
282173,669554.22
282174,1413110.56
282175,1800445.0
282176,720530.3666666667
282177,797774.85
282178,706353.6666666667
282179,1083321.25
282180,525613.5
282181,370117.5
282182,787265.0
282183,579959.9
282184,759024.55
282185,620120.4
282186,613315.7
282187,735334.95
282188,275055.0
282189,545226.66
282190,653139.28
282191,585895.375
282192,434159.26
282193,263875.0
282194,661682.5
282195,417571.71
282196,406875.05
282197,728764.0
282198,345255.23666666663
282199,483579.71
282200,814270.38
282201,1375302.5
282202,745009.13
282203,449739.71
282204,1078216.25
282205,573630.0
282206,632333.7
282207,507975.1
282208,478094.44
282209,682771.8333333335
282210,490875.5
282211,1185144.49
282212,504085.0
282213,369862.13
282214,711990.0
282215,1010778.33
282216,1472233.6
282217,394027.0
282218,794331.45
282219,649895.88
282220,410022.32
282221,630440.0
282222,454950.97
282223,616839.87
282224,550831.31
282225,892248.13
282226,476196.8
282227,576072.95
282228,590575.09
282229,1785434.78
282230,991840.0
282231,352594.95
282232,492387.0
282233,1604357.44
282234,346612.5
282235,339034.02
282236,382309.0
282237,766179.0
282238,385918.8
282239,441022.5
282240,382072.0
282241,400865.0
282242,397193.61
282243,347747.5
282244,300953.72
282245,257282.55
282246,420004.4
282247,353672.22
282248,569338.99
282249,543911.05
282250,629247.48
282251,728339.0466666665
282252,550382.5
282253,268524.52
282254,250777.69
282255,305244.0
282256,322174.025
282257,1975756.07
282258,433365.0
282259,547266.6666666666
282260,336094.33
282261,1391690.5828571427
282262,2411546.12
282263,490925.0
282264,913950.5166666667
282265,527625.0
282266,486346.0
282267,442592.0
282268,885337.98
282269,516627.95
282270,569527.0
282271,564667.5
282272,912812.5
282273,651017.0
282274,514029.75
282275,569073.0
282276,1525924.83
282277,706193.07
282278,1097704.7666666666
282279,3925508.06
282280,1045021.0466666665
282281,1663574.49
282282,350448.84
282283,753079.85
282284,491408.5
282285,331904.6666666667
282286,1515772.0
282287,660246.33
282288,485636.59
282289,370309.04
282290,693136.5633333335
282291,1214553.9679999999
282292,441890.43
282293,2847630.0
282294,1947178.44
282295,2266905.2
282296,692543.47
282297,550316.23
282298,718346.1
282299,520005.14
282300,522921.54
282301,460852.85
282302,358970.0
282303,897618.11
282304,848709.22
282305,1082753.73
282306,838877.98
282307,845317.91
282308,403401.015
282309,1711040.43
282310,615635.52
282311,303975.0
282312,5491645.0
282313,2952824.74
282314,318604.24
282315,704454.51
282316,370082.68483333325
282317,588740.64
282318,214709.5
282319,443245.51833333337
282320,429673.85
282321,591939.5
282322,653116.22
282323,638305.71
282324,912482.84
282325,654722.04
282326,410446.93
282327,487349.48
282328,545542.15
282329,408207.09
282330,533543.06
282331,519945.0
282332,400524.76
282333,578604.78
282334,727102.0
282335,680857.3333333333
282336,550014.21
282337,377844.83333333326
282338,573688.65
282339,433960.91
282340,522810.0
282341,345603.54
282342,1315834.78
282343,477315.5
282344,468591.64
282345,692313.6
282346,439987.01
282347,938986.03
282348,342185.99
282349,257508.54
282350,669376.7
282351,607456.0833333333
282352,570068.86
282353,607638.5
282354,466260.58
282355,741768.0
282356,365270.5
282357,383978.07
282358,334754.66
282359,564610.0
282360,486832.88
282361,584764.25
282362,694465.5
282363,471890.9
282364,384111.0
282365,411618.0
282366,441895.36
282367,467000.0
282368,458582.09
282369,415919.0
282370,347807.62
282371,271366.69
282372,441797.5
282373,406640.0
282374,388376.52
282375,1274089.76
282376,405382.59
282377,448062.89
282378,570866.6
282379,477485.0
282380,1023716.74
282381,287059.0
282382,238835.0
282383,832616.3883333334
282384,286708.0
282385,399019.01
282386,530415.53
282387,975683.3333333333
282388,969991.83
282389,435365.0
282390,583039.9
282391,627058.55
282392,558169.4
282393,388198.9
282394,577669.89
282395,376005.0
282396,520474.4
282397,412959.94
282398,487975.0
282399,288447.8
282400,310486.8
282401,390138.2
282402,460463.27
282403,605081.95
282404,350664.21
282405,279519.5
282406,406647.5
282407,467060.4
282408,245424.5
282409,329155.0
282410,448472.1666666666
282411,327307.0476190476
282412,336946.75
282413,286250.55
282414,557192.1
282415,356823.46
282416,339231.75
282417,358242.0
282418,782082.5
282419,580805.66
282420,332555.23
282421,361785.5
282422,447548.66
282423,306962.6
282424,820937.46
282425,852991.84
282426,666345.5
282427,712455.0
282428,317441.8
282429,682736.52
282430,371070.7
282431,333442.88
282432,381479.55
282433,1535832.25
282434,1614127.0
282435,511349.1
282436,747086.09
282437,288364.9
282438,399314.0
282439,458302.6866666667
282440,332365.0
282441,377520.2
282442,1108178.5
282443,328097.5
282444,1769801.0
282445,881499.27
282446,515626.0
282447,654634.0
282448,584110.0
282449,681923.61
282450,428691.05
282451,557639.4
282452,496362.44
282453,475950.3
282454,635009.6666666667
282455,242126.45
282456,291388.1
282457,408938.26
282458,898535.05
282459,596310.96
282460,511575.76
282461,921282.07
282462,160435.0
282463,368720.0
282464,578801.09
282465,387430.8
282466,382615.0
282467,749851.34
282468,545977.0
282469,183900.0
282470,444454.0
282471,467292.78
282472,283886.18
282473,274434.45
282474,363030.0
282475,354550.0
282476,325871.0
282477,290070.0
282478,736922.5
282479,1011181.5
282480,616519.0
282481,784301.0
282482,623085.5
282483,274717.45
282484,900656.49
282485,422281.91
282486,355998.5
282487,695692.8
282488,481073.1
282489,332678.26
282490,425813.5
282491,361035.08
282492,1031830.05
282493,772077.5
282494,592626.0
282495,524070.39
282496,462847.5
282497,337783.95
282498,505860.5
282499,571576.9
282500,519200.0
282501,465964.7
282502,266170.5
282503,594734.27
282504,379034.9
282505,381162.75
282506,414099.1
282507,571116.45
282508,732190.1733333333
282509,400375.66
282510,421525.17
282511,398150.0
282512,393822.5666666667
282513,925350.5
282514,482857.5
282515,332527.8
282516,372459.49
282517,710427.0
282518,423715.24
282519,486869.0
282520,560169.95
282521,416617.24600000004
282522,462818.3333333334
282523,391735.0
282524,574802.66
282525,468796.84
282526,488588.84
282527,593124.16
282528,678675.0
282529,526762.5
282530,789040.0
282531,705840.0
282532,467735.0
282533,539771.5
282534,564450.48
282535,642639.99
282536,555713.99
282537,466139.92
282538,335979.68
282539,392849.6666666666
282540,487480.0
282541,410670.0
282542,340322.13
282543,579624.5
282544,496396.9066666666
282545,448709.01
282546,454657.32
282547,845776.67
282548,1384246.35
282549,1690159.48
282550,439655.63
282551,874556.11
282552,848779.5
282553,1541390.0
282554,492233.61
282555,699563.01
282556,1188710.0
282557,1419417.84
282558,1011678.6
282559,398579.94
282560,759891.5
282561,867517.7
282562,2351477.92
282563,961356.68
282564,860300.51
282565,545304.5
282566,919126.0
282567,1378658.18
282568,569924.08
282569,327871.92
282570,1355999.42
282571,450665.0
282572,591885.35
282573,370076.03
282574,358308.0
282575,610020.01
282576,477119.46
282577,585860.12
282578,2919811.7
282579,2132630.0
282580,358119.28
282581,1338733.6
282582,1305316.0
282583,421898.0
282584,839395.0
282585,543038.75
282586,528966.92
282587,1451337.97
282588,1289421.1
282589,577455.0
282590,719490.0
282591,539345.49
282592,403543.95
282593,392120.0
282594,438247.5
282595,338675.0
282596,388175.0
282597,749933.5833333335
282598,332156.71
282599,397841.78
282600,327551.75
282601,439049.99
282602,582472.4
282603,424825.0
282604,599275.0
282605,672705.0
282606,993202.26
282607,362101.56
282608,315670.99
282609,1031397.92
282610,412133.01
282611,631758.23
282612,325895.99
282613,510626.2
282614,588773.65
282615,620965.67
282616,337754.2
282617,601036.98
282618,648993.75
282619,495971.0
282620,424187.0
282621,266899.5
282622,398347.0
282623,688748.71
282624,374610.06
282625,314950.0
282626,805415.48
282627,725532.86
282628,853334.74
282629,1682869.99
282630,1045440.0
282631,333313.0
282632,339827.38
282633,404758.34
282634,381480.57
282635,948315.0
282636,449150.04
282637,518537.5
282638,1015030.5
282639,937594.87
282640,376259.75
282641,936612.0
282642,538838.7
282643,311323.67
282644,897615.0
282645,861631.4
282646,717452.87
282647,397231.48
282648,3435445.0
282649,504127.0
282650,820596.61
282651,734152.74
282652,522092.55
282653,515622.63
282654,550382.02
282655,643435.0
282656,503827.52
282657,479052.67
282658,520012.89
282659,736730.0
282660,565013.57
282661,2120933.0
282662,269275.0
282663,422152.04
282664,934855.88
282665,384604.22
282666,404625.0
282667,594470.23
282668,486891.25
282669,452004.5
282670,654900.0
282671,613159.52
282672,470449.7
282673,340550.0
282674,345370.5
282675,3901957.5
282676,474396.88
282677,408915.5
282678,368629.74
282679,269850.0
282680,760980.0
282681,511432.36
282682,1226290.0
282683,510239.42
282684,1893084.97
282685,671465.01
282686,1273808.37
282687,890325.38
282688,867941.01
282689,443196.5
282690,576742.5
282691,1574492.4
282692,1435888.09
282693,862762.5
282694,592667.06
282695,1457717.03
282696,763621.5
282697,588126.77
282698,628405.0
282699,877237.24
282700,840270.69
282701,424397.45
282702,469201.0
282703,3091392.35
282704,1934565.62
282705,1293910.0
282706,5121835.71
282707,651787.42
282708,3457210.17
282709,422329.07
282710,546390.81
282711,803410.25
282712,309044.51
282713,1320569.15
282714,736866.8
282715,658640.5
282716,1054658.62
282717,445189.62
282718,831398.17
282719,518537.0
282720,290777.16
282721,480874.24
282722,773774.33
282723,681624.54
282724,360223.5
282725,2256472.34
282726,538607.03
282727,421760.02
282728,873190.96
282729,774325.16
282730,279575.0
282731,682773.0
282732,608041.64
282733,1050714.89
282734,1550565.7
282735,309241.62
282736,984124.5
282737,1829371.4
282738,749718.32
282739,573202.85
282740,554132.0
282741,442689.125
282742,488559.7166666666
282743,9305130.15
282744,1755319.82
282745,743592.74
282746,2152937.04
282747,482342.75
282748,725945.8733333334
282749,608842.58
282750,2893479.0
282751,3494235.0
282752,442558.17
282753,418955.22
282754,606177.38
282755,1328775.0
282756,657088.69
282757,357544.92
282758,526874.86
282759,287013.545
282760,553115.65
282761,975024.21
282762,315865.68
282763,469248.3
282764,429531.59
282765,394633.57
282766,1436146.66
282767,831535.99
282768,365295.63
282769,646451.31
282770,956700.0
282771,723876.03
282772,1627744.0
282773,342087.03
282774,614416.7188636364
282775,4645100.0
282776,1048266.75
282777,812061.95
282778,979099.91
282779,665111.2
282780,672921.3646666667
282781,807989.0
282782,1353255.7
282783,1068114.5
282784,735232.5
282785,1541682.7
282786,329801.89
282787,798010.5
282788,450577.06
282789,562655.0
282790,443945.0
282791,777304.0
282792,1097664.5
282793,1073379.7222222222
282794,398184.81666666665
282795,2357794.95
282796,1923290.0
282797,1011638.9114285713
282798,5356190.0
282799,1994881.09
282800,598415.0
282801,2623367.0
282802,1055770.74
282803,1795498.0
282804,4609754.75
282805,4393170.0
282806,936758.48
282807,952990.13
282808,1050262.0
282809,370795.08
282810,1879105.0
282811,1059717.79
282812,573926.6566666667
282813,1333690.0
282814,1109060.0
282815,333643.25
282816,744090.9
282817,579616.55
282818,565661.7666666666
282819,478050.64
282820,368305.75
282821,494965.0
282822,480587.5
282823,914944.73
282824,344318.56
282825,1213474.41
282826,585865.0
282827,1306430.46
282828,675571.0
282829,745871.09
282830,366310.87
282831,680170.0
282832,557636.52
282833,445101.05
282834,538716.7
282835,640045.89
282836,493511.98
282837,844042.17
282838,1007543.0
282839,773780.0
282840,483341.2
282841,820007.49
282842,1786874.56
282843,593467.5
282844,1334759.98
282845,436583.14
282846,347170.0
282847,864940.0
282848,310380.0
282849,714250.0
282850,442556.20666666667
282851,333733.0
282852,665076.8
282853,461713.3
282854,3248475.0
282855,1521464.0
282856,922449.5
282857,4761562.48
282858,477195.83
282859,492540.85
282860,2456103.0
282861,6623445.0
282862,344205.1
282863,466368.39
282864,539341.0
282865,931866.0
282866,1369737.76
282867,304400.0
282868,304400.0
282869,466810.0
282870,1139089.3333333335
282871,563640.03
